sec,nanosec,gt_x,gt_y,ekf_x,ekf_y
1790281504,149167602,14.249635696411133,-300.9974365234375,10.030750788177205,-301.0000273801983
1790281504,249540146,14.351696968078613,-300.9975891113281,10.068537309173518,-301.00007269781554
1790281504,349173681,14.4537353515625,-300.9977722167969,10.107296095006712,-301.0001310516046
1790281504,449489536,14.555723190307617,-300.9979553222656,10.146510486743855,-301.000200325373
1790281504,549173910,14.657637596130371,-300.9981689453125,10.184454969444507,-301.00027539627666
1790281504,649198589,14.74682331085205,-300.9983825683594,10.222766815473175,-301.0003570047592
1790281504,749271298,14.84882926940918,-300.9986267089844,10.26285038662561,-301.0004468947101
1790281504,849228668,14.938196182250977,-300.9988708496094,10.297396468954641,-301.0005278585746
1790281504,949205578,15.040501594543457,-300.9991149902344,10.336563928088825,-301.000621992297
1790281505,49199157,15.142914772033691,-300.9993896484375,10.375446341604471,-301.0007160003037
1790281505,149158447,15.245379447937012,-300.9996337890625,10.416180999895008,-301.0008130681785
1790281505,249296375,15.335122108459473,-300.9998474121094,10.452351611492807,-301.0008966129458
1790281505,349087727,15.437828063964844,-301.00006103515625,10.488160146342352,-301.0009757363652
1790281505,449197375,15.527843475341797,-301.0002746582031,10.530160533219567,-301.0010628186434
1790281505,549200125,15.61801528930664,-301.00042724609375,10.56596963930281,-301.0011313884798
1790281505,649199974,15.72128677368164,-301.0006103515625,10.607735801105052,-301.0012038250889
1790281505,749337612,15.824790954589844,-301.00079345703125,10.643271669166154,-301.0012585172008
1790281505,849198963,15.915552139282227,-301.00091552734375,10.685541893698216,-301.00131471161853
1790281505,949176843,16.019508361816406,-301.0010070800781,10.725300811033339,-301.00135845153824
1790281506,49172723,16.12371253967285,-301.0010986328125,10.764659456368339,-301.0013925750819
1790281506,149160332,16.228134155273438,-301.0011901855469,10.80365876022521,-301.00141722507743
1790281506,249176962,16.33266258239746,-301.001220703125,10.843224737158971,-301.0014332589194
1790281506,349208371,16.42413330078125,-301.0012512207031,10.87857012216066,-301.001440234211
1790281506,449201621,16.52863121032715,-301.0012512207031,10.917720702586667,-301.0014402005717
1790281506,549328928,16.63301658630371,-301.001220703125,10.95710580552811,-301.00143220699186
1790281506,649214979,16.73724365234375,-301.0011901855469,10.996809442266695,-301.00141690871675
1790281506,749206029,16.841276168823242,-301.0011291503906,11.036019243810244,-301.00139518914125
1790281506,849196968,16.945087432861328,-301.0010681152344,11.075133357855035,-301.0013677386667
1790281506,949356886,17.048654556274414,-301.0009765625,11.113872494264882,-301.00133560513336
1790281507,49200197,17.151968002319336,-301.0008850097656,11.15247813652953,-301.00129941513035
1790281507,149254546,17.255023956298828,-301.0007629394531,11.190577785582981,-301.0012604260484
1790281507,249196086,17.357820510864258,-301.00067138671875,11.229205877183112,-301.001218458695
1790281507,349200116,17.460363388061523,-301.00054931640625,11.267915421939874,-301.00117477259136
1790281507,449198126,17.56265640258789,-301.00042724609375,11.306810540891954,-301.0011300932949
1790281507,549598670,17.664710998535156,-301.00030517578125,11.344896357840422,-301.00108633496905
1790281507,649197125,17.766538619995117,-301.00018310546875,11.382606843726487,-301.00104370095374
1790281507,749197884,17.868152618408203,-301.0000915527344,11.420611087336438,-301.00100214988475
1790281507,849197844,17.969568252563477,-300.9999694824219,11.459832335392864,-301.0009613355581
1790281507,949198424,18.0707950592041,-300.9998779296875,11.498926235796532,-301.0009232854351
1790281508,49310181,18.171855926513672,-300.9997863769531,11.537305822363063,-301.0008889980882
1790281508,149128653,18.272876739501953,-300.99969482421875,11.57536112200343,-301.0008584579151
1790281508,249207132,18.37392807006836,-300.9996337890625,11.609367010256996,-301.00083435924637
1790281508,349175302,18.474987030029297,-300.99957275390625,11.651332282234865,-301.00080901234065
1790281508,449214701,18.576038360595703,-300.99951171875,11.688384843917618,-301.0007908374135
1790281508,549196671,18.676950454711914,-300.9994812011719,11.725899201659354,-301.0007765397177
1790281508,649599835,18.77764892578125,-300.99945068359375,11.764179103475074,-301.0007661383429
1790281508,749312368,18.878164291381836,-300.99945068359375,11.802030547247444,-301.00075996479467
1790281508,849193939,18.9785213470459,-300.9994201660156,11.839770180343173,-301.0007576240099
1790281508,949177799,19.07886505126953,-300.99945068359375,11.877310812486781,-301.0007590580754
1790281509,49196798,19.17926788330078,-300.99945068359375,11.914502670257606,-301.0007639099501
1790281509,149171378,19.279598236083984,-300.9994812011719,11.952063387223355,-301.00077192303803
1790281509,249196867,19.379779815673828,-300.99951171875,11.988712351171458,-301.0007825076078
1790281509,349196397,19.47983741760254,-300.9995422363281,12.026193248108715,-301.00079578764326
1790281509,449197366,19.57979393005371,-300.99957275390625,12.063964774656608,-301.0008113049591
1790281509,549211466,19.679668426513672,-300.9996337890625,12.101772133482763,-301.000828563228
1790281509,649196355,19.779478073120117,-300.9996643066406,12.139532531910232,-301.00084712865424
1790281509,749195665,19.87923812866211,-300.9997253417969,12.177345831819094,-301.0008666486746
1790281509,849193905,19.979076385498047,-300.9997863769531,12.214790866226435,-301.0008865100651
1790281509,949201764,20.07906150817871,-300.99981689453125,12.252195047681626,-301.0009064933099
1790281510,49200924,20.179170608520508,-300.9998779296875,12.289134547052823,-301.0009260355783
1790281510,149210693,20.279258728027344,-300.99993896484375,12.326139870644822,-301.0009451338787
1790281510,249201633,20.37925148010254,-300.9999694824219,12.36337839622211,-301.0009635875006
1790281510,349199612,20.479162216186523,-301.0000305175781,12.401216778073852,-301.00098128874293
1790281510,449198222,20.579010009765625,-301.00006103515625,12.438354204348785,-301.0009974019742
1790281510,549199411,20.678808212280273,-301.0001220703125,12.477094978746749,-301.0010127142473
1790281510,649196041,20.778568267822266,-301.0001525878906,12.514394176631079,-301.0010258535773
1790281510,749200270,20.878305435180664,-301.00018310546875,12.550894490754638,-301.0010370217596
1790281510,849199219,20.978023529052734,-301.0002136230469,12.588063752487283,-301.0010465794162
1790281510,949202099,21.077730178833008,-301.0002136230469,12.62616390492873,-301.0010544440173
1790281511,49172899,21.177431106567383,-301.000244140625,12.664262378284372,-301.00106040568386
1790281511,149178758,21.277252197265625,-301.000244140625,12.701140012358273,-301.0010643114065
1790281511,249249047,21.364643096923828,-301.000244140625,12.73513162140702,-301.0010663785224
1790281511,349197707,21.464597702026367,-301.000244140625,12.773481762780486,-301.001067105276
1790281511,449157037,21.56471061706543,-301.000244140625,12.811621090713746,-301.00106623664124
1790281511,549197986,21.66495132446289,-301.000244140625,12.849775203064365,-301.00106385189423
1790281511,649618589,21.765295028686523,-301.000244140625,12.886990073917877,-301.0010601528957
1790281511,749310594,21.865713119506836,-301.0002136230469,12.925107988138771,-301.00105506054
1790281511,849310383,21.966190338134766,-301.0002136230469,12.963178893648974,-301.00104887428654
1790281511,949319532,22.06670379638672,-301.00018310546875,13.002247450628307,-301.0010415390007
1790281512,49311932,22.15475845336914,-301.00018310546875,13.03691084237973,-301.00103439358685
1790281512,149227233,22.255577087402344,-301.0001525878906,13.076331828442708,-301.0010256840591
1790281512,249195953,22.356538772583008,-301.0001220703125,13.114632841737524,-301.00101680200277
1790281512,349195652,22.457603454589844,-301.0000915527344,13.152124547406569,-301.00100787700666
1790281512,449208542,22.558732986450195,-301.0000915527344,13.189902056242962,-301.0009987965038
1790281512,549478868,22.659900665283203,-301.00006103515625,13.22766499081826,-301.0009897852047
1790281512,649213511,22.761079788208008,-301.0000305175781,13.265862998739925,-301.0009808849928
1790281512,749208510,22.86225128173828,-301.0,13.30352696318716,-301.00097246242535
1790281512,849429247,22.963396072387695,-301.0,13.341860170565134,-301.0009643857704
1790281512,949212539,23.064502716064453,-300.9999694824219,13.37979228890927,-301.000956953135
1790281513,49200479,23.165557861328125,-300.99993896484375,13.418385043100987,-301.0009500611962
1790281513,149228218,23.266557693481445,-300.99993896484375,13.45628249647852,-301.00094405792424
1790281513,249199258,23.36749267578125,-300.9999084472656,13.494489610133304,-301.0009387754173
1790281513,349194808,23.468358993530273,-300.9999084472656,13.533195818681586,-301.00093430491876
1790281513,449187847,23.569276809692383,-300.9999084472656,13.571130478164818,-301.0009307822726
1790281513,549223266,23.670299530029297,-300.9998779296875,13.608083698758614,-301.0009281356421
1790281513,649211415,23.771276473999023,-300.9998779296875,13.645775118880884,-301.00092632093543
1790281513,749197395,23.872121810913086,-300.9998779296875,13.682979494624641,-301.0009253987442
1790281513,849217875,23.972843170166016,-300.9998779296875,13.720250412808223,-301.00092528472396
1790281513,949211014,24.073453903198242,-300.9998779296875,13.757815675662727,-301.00092594676653
1790281514,49341862,24.173965454101562,-300.9998779296875,13.797015742897315,-301.00092738938264
1790281514,149177724,24.274316787719727,-300.9998779296875,13.834396240439249,-301.00092882914936
1790281514,249258502,24.373926162719727,-300.9998779296875,13.870520606898465,-301.000926752584
1790281514,349201313,24.47148895263672,-300.99981689453125,13.90619881642336,-301.0009163387187
1790281514,449267861,24.56584358215332,-300.9996337890625,13.941219940975438,-301.0008982540995
1790281514,549209252,24.656068801879883,-300.999267578125,13.97543665087818,-301.0008776427261
1790281514,649202341,24.7414493560791,-300.9986877441406,14.007232835040906,-301.0008640627604
1790281514,749148862,24.821439743041992,-300.9978332519531,14.0376897892087,-301.0008663943196
1790281514,849206910,24.895627975463867,-300.99664306640625,14.065506809871442,-301.0008947115749
1790281514,949335688,24.963712692260742,-300.9950866699219,14.090735751804498,-301.0009556063402
1790281515,49339497,25.025484085083008,-300.9931640625,14.114474242889147,-301.0010490593446
1790281515,149276207,25.080810546875,-300.9908752441406,14.134673829205282,-301.00116504420333
1790281515,249237688,25.129621505737305,-300.98822021484375,14.152947397468228,-301.00129513180104
1790281515,349174418,25.171897888183594,-300.9852294921875,14.168551063920384,-301.0014118744481
1790281515,449197957,25.207674026489258,-300.98193359375,14.181932162525667,-301.00148978782164
1790281515,549202557,25.237022399902344,-300.9784240722656,14.192430081181865,-301.00148880760054
1790281515,649310045,25.260053634643555,-300.9747619628906,14.201320924204378,-301.0013588958933
1790281515,749195426,25.276920318603516,-300.9710388183594,14.20805101800674,-301.0010266210647
1790281515,849196415,25.28780746459961,-300.9673767089844,14.212249038842884,-301.00046111136544
1790281515,949179245,25.292606353759766,-300.96429443359375,14.214199111788892,-300.99970493455317
1790281516,49197105,25.29291534423828,-300.96099853515625,14.214532661941634,-300.99848279359827
1790281516,149200044,25.287996292114258,-300.9581298828125,14.21293339551319,-300.9968298139484
1790281516,249169194,25.27823257446289,-300.9557189941406,14.209621999064233,-300.994710037905
1790281516,349313192,25.264083862304688,-300.95391845703125,14.204646141683194,-300.9920047503549
1790281516,449190813,25.248519897460938,-300.95294189453125,14.19923049509973,-300.9892151167626
1790281516,549213762,25.22478485107422,-300.9525451660156,14.192343395920737,-300.9856888008962
1790281516,649198012,25.20392608642578,-300.9530029296875,14.184146446776468,-300.98141449335765
1790281516,749271721,25.178085327148438,-300.9543762207031,14.175530356612668,-300.9767755145319
1790281516,849227261,25.150684356689453,-300.9566345214844,14.166399743188192,-300.9716520504646
1790281516,949208590,25.12230682373047,-300.9598388671875,14.15713478192944,-300.96620985927194
1790281517,49276209,25.093509674072266,-300.96392822265625,14.147993434296218,-300.96058654658367
1790281517,149215039,25.064817428588867,-300.96881103515625,14.138944970672362,-300.95471055806456
1790281517,249171799,25.03327178955078,-300.97430419921875,14.129690033553807,-300.9479740699143
1790281517,349210698,25.00637435913086,-300.9775695800781,14.122676897424856,-300.94157782844854
1790281517,449316797,24.980941772460938,-300.977783203125,14.116988835641997,-300.9343030789732
1790281517,549205717,24.954456329345703,-300.9725646972656,14.113138832890645,-300.92523156015454
1790281517,649397314,24.933061599731445,-300.9615783691406,14.112515806833608,-300.9163249640041
1790281517,749378934,24.91387176513672,-300.9436340332031,14.115009714035075,-300.9068099850141
1790281517,849197466,24.897008895874023,-300.91796875,14.120682651449592,-300.89715706107904
1790281517,949202396,24.882556915283203,-300.884033203125,14.129956945200616,-300.88716782132445
1790281518,49201595,24.870567321777344,-300.8415222167969,14.143257443571986,-300.87684149670264
1790281518,149210355,24.861064910888672,-300.7903747558594,14.160574593150667,-300.86648690286137
1790281518,249323003,24.854055404663086,-300.7308349609375,14.181044340887082,-300.85679203619003
1790281518,349221274,24.849525451660156,-300.6632995605469,14.205355152704886,-300.847438396525
1790281518,449200043,24.847455978393555,-300.5882873535156,14.231724740580896,-300.839152126834
1790281518,549290622,24.847806930541992,-300.50653076171875,14.261123813826378,-300.8314943207522
1790281518,649226532,24.850521087646484,-300.41876220703125,14.293268248688545,-300.8245199387254
1790281518,749241911,24.855518341064453,-300.32574462890625,14.327321718171769,-300.81833093817255
1790281518,849125423,24.863739013671875,-300.2157287597656,14.367319792689406,-300.81222659307934
1790281518,949145792,24.873214721679688,-300.1140441894531,14.40534351422772,-300.8072543926535
1790281519,49312159,24.883058547973633,-300.0225830078125,14.440434278409144,-300.803153766054
1790281519,149248539,24.895923614501953,-299.91583251953125,14.48064713490536,-300.7988134507659
1790281519,249187390,24.910329818725586,-299.8072204589844,14.522144540811658,-300.7945270433952
1790281519,349173469,24.928110122680664,-299.6834411621094,14.566872399303612,-300.78986909159136
1790281519,449201798,24.945058822631836,-299.572509765625,14.607850301238214,-300.78535258424273
1790281519,549211268,24.96282386779785,-299.4610900878906,14.648947405924462,-300.7804017761064
1790281519,649199908,24.981151580810547,-299.349609375,14.690445416033876,-300.77479049701043
1790281519,749232077,24.999774932861328,-299.2384338378906,14.732542275437078,-300.76830687021953
1790281519,849257356,25.01842498779297,-299.127685546875,14.774218465062223,-300.7609461447909
1790281519,949222486,25.03683853149414,-299.01751708984375,14.814072458208246,-300.75282238468776
1790281520,49285495,25.054750442504883,-298.9079895019531,14.853784384145204,-300.7434990317814
1790281520,149147666,25.073997497558594,-298.7856750488281,14.897492158795654,-300.73160729813986
1790281520,249190375,25.090038299560547,-298.677734375,14.935652744918167,-300.719632004362
1790281520,349198464,25.10485076904297,-298.5706787109375,14.972953650469165,-300.706313917691
1790281520,449246913,25.11823844909668,-298.4645690917969,15.008792752355722,-300.6918470574101
1790281520,549201913,25.131380081176758,-298.3461608886719,15.046610443193245,-300.674539946225
1790281520,649195923,25.141199111938477,-298.2418518066406,15.079577652657326,-300.6575532484854
1790281520,749165813,25.14999771118164,-298.12548828125,15.116177327996247,-300.63645037506257
1790281520,849224472,25.155725479125977,-298.0228271484375,15.147775935514487,-300.6161920225408
1790281520,949199101,25.15943145751953,-297.9207458496094,15.177983362916763,-300.5949002754557
1790281521,49227001,25.161088943481445,-297.81927490234375,15.206860267813001,-300.5726090889488
1790281521,149192770,25.160518646240234,-297.70574951171875,15.238164105079838,-300.5461530918084
1790281521,249295948,25.157899856567383,-297.6053771972656,15.26441203329849,-300.5220090857161
1790281521,349240789,25.15337562561035,-297.5055236816406,15.290238270710086,-300.49643659805355
1790281521,449216698,25.146150588989258,-297.3935852050781,15.318393567061204,-300.4665164618374
1790281521,549201428,25.137981414794922,-297.2943420410156,15.342275818323877,-300.43948530263117
1790281521,649198958,25.12833595275879,-297.1953430175781,15.366127587447941,-300.4110305134282
1790281521,749220027,25.11739158630371,-297.09661865234375,15.388619399646174,-300.382983623378
1790281521,849260206,25.10533332824707,-296.9980163574219,15.410778316398098,-300.3543207597963
1790281521,949177147,25.090679168701172,-296.88720703125,15.435111420136984,-300.32191732628957
1790281522,49197876,25.076908111572266,-296.78875732421875,15.456267735473151,-300.2931801890022
1790281522,149246745,25.062641143798828,-296.6903991699219,15.47784365697984,-300.2635722580592
1790281522,249266204,25.046239852905273,-296.57989501953125,15.498953715037677,-300.23454790951644
1790281522,349310543,25.031557083129883,-296.48175048828125,15.522506322636128,-300.20239141523933
1790281522,449262304,25.016965866088867,-296.38372802734375,15.544240998556052,-300.1731555497544
1790281522,549202784,25.00263786315918,-296.285888671875,15.565835378523895,-300.1447238839317
1790281522,649194884,24.987030029296875,-296.1759338378906,15.590774451034678,-300.1128384170279
1790281522,749155514,24.973772048950195,-296.0782775878906,15.613983687663051,-300.08421989333016
1790281522,849198843,24.96123695373535,-295.9806213378906,15.636558328460964,-300.057463239623
1790281522,949215332,24.949539184570312,-295.883056640625,15.660266632658722,-300.0305493202081
1790281523,49259781,24.93878936767578,-295.78564453125,15.684668220155329,-300.0041252887287
1790281523,149122732,24.92794418334961,-295.6761169433594,15.713046785618301,-299.97499980392746
1790281523,249199541,24.91949462890625,-295.57879638671875,15.738671674275368,-299.95013904633
1790281523,349202530,24.912233352661133,-295.4815979003906,15.764545165257376,-299.92638803875144
1790281523,449210790,24.906208038330078,-295.384521484375,15.791056684352544,-299.9034019880395
1790281523,549284559,24.90094566345215,-295.275390625,15.820862143337104,-299.87911722563615
1790281523,649318518,24.89763641357422,-295.1784973144531,15.848614689390082,-299.8579030411478
1790281523,749217508,24.895456314086914,-295.0696716308594,15.877001312172887,-299.8374603333143
1790281523,849196178,24.894874572753906,-294.9730224609375,15.909989205921937,-299.8151546335017
1790281523,949482974,24.895536422729492,-294.8764953613281,15.939409454325059,-299.79647341750035
1790281524,49202967,24.897396087646484,-294.78009033203125,15.969444625727737,-299.77846581497823
1790281524,149240866,24.900840759277344,-294.6716613769531,16.003801695567468,-299.759077877028
1790281524,249175056,24.90502166748047,-294.5752868652344,16.034874626459313,-299.74249319783877
1790281524,349178266,24.9101619720459,-294.47894287109375,16.065710967833684,-299.72683669329405
1790281524,449216905,24.916162490844727,-294.3826904296875,16.097306402848517,-299.711521225781
1790281524,549203875,24.923812866210938,-294.27435302734375,16.132537260002795,-299.69518144119354
1790281524,649195174,24.931289672851562,-294.1781311035156,16.164468442409635,-299.6809355992876
1790281524,749260473,24.93928337097168,-294.0819396972656,16.196224316088394,-299.66719066232594
1790281524,849197953,24.94875144958496,-293.9737548828125,16.231786256330796,-299.65218882566546
1790281524,949228412,24.957460403442383,-293.87762451171875,16.263967699801217,-299.63886399935893
1790281525,49144063,24.96744155883789,-293.7695617675781,16.299993463642245,-299.6241093025714
1790281525,149216932,24.976354598999023,-293.6734924316406,16.33171653383937,-299.61116256163757
1790281525,249245841,24.985198974609375,-293.5774841308594,16.363852598220536,-299.59800599101067
1790281525,349156451,24.994943618774414,-293.46954345703125,16.399995634653873,-299.5830627947108
1790281525,449179831,25.003318786621094,-293.37359619140625,16.431800940006113,-299.5696965787179
1790281525,549216060,25.011335372924805,-293.2777099609375,16.46329820814876,-299.55618564087774
1790281525,649197399,25.019834518432617,-293.16986083984375,16.4986846467672,-299.5406048526027
1790281525,749217258,25.02684783935547,-293.0741271972656,16.530178606654758,-299.5263048284589
1790281525,849267317,25.033292770385742,-292.9784851074219,16.562381843877517,-299.5112110581814
1790281525,949216328,25.0398006439209,-292.8708801269531,16.59742628195819,-299.49418260917946
1790281526,49204447,25.044878005981445,-292.77520751953125,16.628649613554558,-299.4784154148238
1790281526,149254716,25.04926109313965,-292.67950439453125,16.658958385523047,-299.4625308583886
1790281526,249108168,25.05333137512207,-292.5718688964844,16.6867754182213,-299.44740631536973
1790281526,349167116,25.056171417236328,-292.47613525390625,16.723834828848915,-299.4264230486535
1790281526,449196455,25.058273315429688,-292.3802795410156,16.753609515696763,-299.4088601093956
1790281526,549202195,25.059642791748047,-292.28436279296875,16.78298380070939,-299.3908771867228
1790281526,649198674,25.060293197631836,-292.1884460449219,16.81312938193815,-299.37175441238765
1790281526,749204884,25.060190200805664,-292.0804138183594,16.845578092735554,-299.35039071727977
1790281526,849195954,25.059389114379883,-291.9842224121094,16.873953703298397,-299.33104001760745
1790281526,949277282,25.05795669555664,-291.8879699707031,16.902250485561893,-299.31113310174493
1790281527,49176333,25.055646896362305,-291.7796630859375,16.93407088739096,-299.2880399597233
1790281527,149226592,25.053028106689453,-291.6832580566406,16.962037016627228,-299.26716010694673
1790281527,249203621,25.049928665161133,-291.5868225097656,16.989891993479397,-299.2458522190877
1790281527,349086223,25.045940399169922,-291.47833251953125,17.01714911850987,-299.22453401800834
1790281527,449198141,25.042016983032227,-291.3818359375,17.047893132793586,-299.1999946202858
1790281527,549204020,25.037250518798828,-291.27325439453125,17.076729502438628,-299.1765553974752
1790281527,649190110,25.032772064208984,-291.1767578125,17.10185660903859,-299.1558419039257
1790281527,749389726,25.028125762939453,-291.0802307128906,17.132081558583977,-299.13064863245904
1790281527,849203509,25.023372650146484,-290.9836730957031,17.1585513323879,-299.1083867030249
1790281527,949244547,25.018571853637695,-290.8871765136719,17.185724782662433,-299.08540373895835
1790281528,49203688,25.013179779052734,-290.778564453125,17.21487519406019,-299.0606683939774
1790281528,149231597,25.008451461791992,-290.6820373535156,17.242041200892277,-299.0376024890038
1790281528,249205127,25.00383758544922,-290.5855712890625,17.26872017756824,-299.0149914951048
1790281528,349127277,24.99883460998535,-290.47698974609375,17.29573682520081,-298.9921894710756
1790281528,449209916,24.99460220336914,-290.38043212890625,17.325349550908477,-298.96736287154414
1790281528,549200736,24.99060821533203,-290.2838134765625,17.352222063718827,-298.94502996439877
1790281528,649209195,24.986886978149414,-290.187255859375,17.379326443045738,-298.92272994247736
1790281528,749196185,24.983055114746094,-290.07855224609375,17.41063846822401,-298.8972862568285
1790281528,849201334,24.979990005493164,-289.9818420410156,17.438040171314505,-298.8753269208816
1790281528,949195954,24.97726821899414,-289.8851013183594,17.465524288845895,-298.853616721609
1790281529,49161064,24.974628448486328,-289.77630615234375,17.496074166432575,-298.8298828134052
1790281529,149246042,24.972667694091797,-289.6795654296875,17.523278088858902,-298.80911362915543
1790281529,249182162,24.97107696533203,-289.5828552246094,17.551685960557343,-298.7877919123512
1790281529,349222471,24.96985626220703,-289.4862060546875,17.58044094435794,-298.766584940663
1790281529,449135452,24.968917846679688,-289.37744140625,17.61237011585994,-298.7434751644108
1790281529,549153921,24.96846580505371,-289.28070068359375,17.64043619548594,-298.7235487658411
1790281529,649217100,24.96836280822754,-289.1839904785156,17.66926086142223,-298.7034427679313
1790281529,749272569,24.968591690063477,-289.0873107910156,17.698785717846004,-298.68320852395095
1790281529,849198269,24.969226837158203,-288.9785461425781,17.728347840037824,-298.6632886308772
1790281529,949173569,24.97010612487793,-288.8818054199219,17.761276792533476,-298.6414866665405
1790281530,49280227,24.971256256103516,-288.7850646972656,17.790072603188538,-298.6227403240901
1790281530,149153268,24.97284698486328,-288.67626953125,17.82280457175822,-298.60176463356004
1790281530,249206427,24.9744930267334,-288.57952880859375,17.853287408212545,-298.5825135571411
1790281530,349204397,24.97633171081543,-288.4827575683594,17.883183068704955,-298.563866709726
1790281530,449187386,24.978334426879883,-288.3859558105469,17.913107877567096,-298.54541279836894
1790281530,549197496,24.980751037597656,-288.2771301269531,17.946267585168084,-298.5251790532205
1790281530,649197115,24.983009338378906,-288.1803894042969,17.976122768481815,-298.5071273963468
1790281530,749260744,24.9853458404541,-288.08367919921875,18.00560446727195,-298.48942790420267
1790281530,849166745,24.9880313873291,-287.9749450683594,18.038933330948854,-298.46953842531997
1790281530,949200344,24.990442276000977,-287.8784484863281,18.068359789038375,-298.45205501275706
1790281531,49218813,24.99284553527832,-287.78204345703125,18.098725318401332,-298.4340616195467
1790281531,149144154,24.995513916015625,-287.6736755371094,18.131904175240468,-298.4144244081759
1790281531,249200363,24.99782943725586,-287.5774230957031,18.16188678301562,-298.3966739832372
1790281531,349155793,25.000341415405273,-287.46923828125,18.194954072190065,-298.37706244712064
1790281531,449204262,25.002473831176758,-287.3731384277344,18.22441516194248,-298.35953267813363
1790281531,549236811,25.00448989868164,-287.2770690917969,18.25403721028813,-298.34183437535944
1790281531,649353679,25.006603240966797,-287.1690673828125,18.28797639520088,-298.3214421382854
1790281531,749161491,25.008329391479492,-287.0730895996094,18.31827456083455,-298.30311709374536
1790281531,849217750,25.009899139404297,-286.9770202636719,18.347629223708026,-298.2852359400043
1790281531,949217730,25.01130485534668,-286.8809814453125,18.377541071083957,-298.26686843039147
1790281532,49087241,25.01268196105957,-286.7729187011719,18.41080770197006,-298.24625962151066
1790281532,149243768,25.013715744018555,-286.6769104003906,18.439681281050238,-298.2281996775913
1790281532,249213798,25.014551162719727,-286.5816345214844,18.468859951909216,-298.2097747581739
1790281532,349156809,25.01519775390625,-286.47686767578125,18.497292536729656,-298.19164352381927
1790281532,449213207,25.015451431274414,-286.38714599609375,18.527540909075412,-298.17214623421006
1790281532,549234496,25.015348434448242,-286.301513671875,18.55308641910228,-298.1555027782563
1790281532,649191337,25.014741897583008,-286.2109069824219,18.58018772879142,-298.13765954331933
1790281532,749201106,25.01371955871582,-286.13604736328125,18.602602370095212,-298.122751731253
1790281532,849177526,25.011981964111328,-286.05865478515625,18.62522129279988,-298.1075599004027
1790281532,949144676,25.00989532470703,-285.9962463378906,18.641990136528474,-298.0961898263681
1790281533,49173075,25.007291793823242,-285.94000244140625,18.661627788465537,-298.08273695605385
1790281533,149181085,25.00418472290039,-285.8900451660156,18.676197318487198,-298.07263051209435
1790281533,249270153,25.0006046295166,-285.8464050292969,18.68895045497442,-298.0636541354643
1790281533,349169144,24.996074676513672,-285.8049011230469,18.700960854062878,-298.0550106161522
1790281533,449176663,24.991682052612305,-285.7746276855469,18.70965430153905,-298.04853213865925
1790281533,549354130,24.986433029174805,-285.74798583984375,18.7164900175672,-298.04315162226015
1790281533,649160483,24.98221206665039,-285.7325134277344,18.721943677221688,-298.03839736422526
1790281533,749206872,24.977344512939453,-285.7203369140625,18.725199726180836,-298.03497439857455
1790281533,849553767,24.97254180908203,-285.71380615234375,18.72669718900816,-298.032503622605
1790281533,949179461,24.968488693237305,-285.7125549316406,18.726579351519767,-298.03053844149434
1790281534,49214140,24.964143753051758,-285.7159729003906,18.72466398489017,-298.0294225852024
1790281534,149273229,24.96068572998047,-285.72296142578125,18.721502281356855,-298.0289759638784
1790281534,249208339,24.957242965698242,-285.7350769042969,18.71636556192193,-298.028981845731
1790281534,349292038,24.95476531982422,-285.7489929199219,18.710846091222177,-298.02932719207155
1790281534,449195448,24.95263671875,-285.7681579589844,18.702917252939393,-298.03003720259477
1790281534,549158128,24.951353073120117,-285.7902526855469,18.694686372930878,-298.0308551124095
1790281534,649176628,24.95098876953125,-285.81475830078125,18.685545921991338,-298.0317376123562
1790281534,749222786,24.951595306396484,-285.8410339355469,18.675789599157106,-298.032585935242
1790281534,849186787,24.952707290649414,-285.861572265625,18.665127922119748,-298.03335957717576
1790281534,949284975,24.955062866210938,-285.8896179199219,18.654549802618863,-298.03410644646635
1790281535,49175016,24.95839500427246,-285.91796875,18.64391831888704,-298.03467574831114
1790281535,149204625,24.96255874633789,-285.94610595703125,18.633183002214107,-298.03501659906743
1790281535,249124196,24.966760635375977,-285.97357177734375,18.622617190622385,-298.03482825862756
1790281535,349196284,24.96941375732422,-285.99993896484375,18.612789972805047,-298.0336115452577
1790281535,449160944,24.9692440032959,-286.02178955078125,18.604882403238857,-298.031304867553
1790281535,549175464,24.963951110839844,-286.0479736328125,18.596370026323665,-298.0263193365807
1790281535,649230782,24.954818725585938,-286.0666198730469,18.591078725405296,-298.02040011494586
1790281535,749200612,24.93794822692871,-286.0859375,18.586870788995963,-298.0111383759549
1790281535,849198222,24.913402557373047,-286.10296630859375,18.58526420555962,-297.9995122307088
1790281535,949228091,24.88515853881836,-286.115966796875,18.586169617334185,-297.98728986110797
1790281536,49202351,24.844728469848633,-286.1285705566406,18.590078934865794,-297.9711266898099
1790281536,149313989,24.795438766479492,-286.1387634277344,18.597165369807847,-297.9529310209348
1790281536,249133831,24.73748016357422,-286.1465148925781,18.607619845828285,-297.9325070418029
1790281536,349211989,24.679874420166016,-286.1513366699219,18.619773739777976,-297.9127342029221
1790281536,449216409,24.606582641601562,-286.154541015625,18.63613607836543,-297.8895458861392
1790281536,549251807,24.526025772094727,-286.1553955078125,18.65507327794018,-297.8656793529925
1790281536,649168478,24.438989639282227,-286.1539001464844,18.67738304524298,-297.84009641067905
1790281536,749144718,24.346174240112305,-286.150146484375,18.69893084782238,-297.81710715612775
1790281536,849261136,24.26082420349121,-286.14508056640625,18.72503967927834,-297.79088400339634
1790281536,949271215,24.15928077697754,-286.1372985839844,18.752874077494763,-297.76433609456177
1790281537,49199366,24.05422592163086,-286.1275329589844,18.7838708352119,-297.7359429316232
1790281537,149187106,23.946380615234375,-286.115966796875,18.81422555593047,-297.7089382934704
1790281537,249156275,23.836393356323242,-286.10272216796875,18.846588487650468,-297.68069283347455
1790281537,349297053,23.73876953125,-286.08990478515625,18.87596386394796,-297.65528427765395
1790281537,449232623,23.625991821289062,-286.07403564453125,18.908882196039563,-297.6268161635926
1790281537,549259002,23.51239585876465,-286.0570983886719,18.941372166846744,-297.59845500748276
1790281537,649253622,23.398391723632812,-286.0393371582031,18.973138942757476,-297.5702113478923
1790281537,749201862,23.284318923950195,-286.0209655761719,19.005804375127195,-297.54038852657266
1790281537,849199582,23.17045783996582,-286.00225830078125,19.037609158886813,-297.510312544221
1790281537,949179722,23.057035446166992,-285.98345947265625,19.068154746769814,-297.48016246137456
1790281538,49180641,22.944225311279297,-285.96484375,19.098472247169106,-297.4486903167319
1790281538,149221420,22.832155227661133,-285.9466857910156,19.127653870193377,-297.41660150493016
1790281538,249174220,22.720796585083008,-285.9292297363281,19.155564765545417,-297.38387882743854
1790281538,349225649,22.623945236206055,-285.9147033691406,19.18062946901778,-297.3525257773061
1790281538,449266578,22.527677536010742,-285.9010314941406,19.204206426443363,-297.3210375480144
1790281538,549203008,22.41830062866211,-285.8866271972656,19.229661572090063,-297.28440013692637
1790281538,649140959,22.30942726135254,-285.8737487792969,19.252272447333002,-297.24876596486035
1790281538,749193998,22.214555740356445,-285.8638000488281,19.27066097234195,-297.2171236144312
1790281538,849283216,22.106597900390625,-285.8540954589844,19.289356573404145,-297.18168537543886
1790281538,949302825,21.999162673950195,-285.8462829589844,19.306921614150312,-297.1445052817453
1790281539,49225626,21.892242431640625,-285.8404541015625,19.32302814419448,-297.1062091376414
1790281539,149224445,21.785823822021484,-285.83660888671875,19.336924609353005,-297.0686726986192
1790281539,249204695,21.679880142211914,-285.8348388671875,19.349315776062102,-297.03021886698497
1790281539,349204934,21.574377059936523,-285.8351135253906,19.360054742094704,-296.9916557414735
1790281539,449172705,21.46927833557129,-285.8373718261719,19.369256061671265,-296.95277846931833
1790281539,549203764,21.36443519592285,-285.8415832519531,19.376672066409274,-296.9153818055537
1790281539,649202113,21.259868621826172,-285.8476257324219,19.382865880704035,-296.8774751247556
1790281539,749210643,21.155641555786133,-285.8553771972656,19.388119107490255,-296.8378413194447
1790281539,849177373,21.051721572875977,-285.8646545410156,19.39224902532645,-296.7986240240124
1790281539,949147823,20.948081970214844,-285.8753356933594,19.395528655741952,-296.75879871762515
1790281540,49182162,20.844581604003906,-285.88720703125,19.397791307589422,-296.7236697052784
1790281540,149498267,20.74114418029785,-285.90008544921875,19.3997623650572,-296.6844813714356
1790281540,249198860,20.65071678161621,-285.9120178222656,19.401287774509417,-296.6453199076062
1790281540,349278599,20.547460556030273,-285.9262390136719,19.40254286885367,-296.6056833624045
1790281540,449227669,20.44432830810547,-285.94091796875,19.403649367067,-296.5664258039646
1790281540,549201089,20.341339111328125,-285.955810546875,19.40474395651745,-296.52811033162106
1790281540,649288998,20.238510131835938,-285.9707946777344,19.40601975603834,-296.4889646305668
1790281540,749276317,20.13585662841797,-285.98565673828125,19.407581801065234,-296.4500044246701
1790281540,849246477,20.03338623046875,-286.0002136230469,19.409572488878496,-296.4107580985527
1790281540,949236656,19.93111228942871,-286.0143127441406,19.412076102219785,-296.37189349892117
1790281541,49270055,19.829038619995117,-286.02783203125,19.415190834069712,-296.33344326139206
1790281541,149296405,19.714441299438477,-286.0421447753906,19.41891402304218,-296.29629904443686
1790281541,249228615,19.625505447387695,-286.0525207519531,19.423576721992738,-296.2580129252292
1790281541,349146046,19.511371612548828,-286.0647888183594,19.429751205466236,-296.21603529551754
1790281541,449197125,19.410137176513672,-286.0745849609375,19.43610642391281,-296.1797340857466
1790281541,549165314,19.3092098236084,-286.08319091796875,19.443526446283606,-296.14298729530276
1790281541,649169154,19.208642959594727,-286.0906066894531,19.452267405848378,-296.10508673199445
1790281541,749275522,19.120817184448242,-286.0960693359375,19.460773327163675,-296.0721364377944
1790281541,849213822,19.020523071289062,-286.1011047363281,19.471499404254075,-296.03467554174085
1790281541,949205552,18.920312881469727,-286.10479736328125,19.48318042546124,-295.997904714328
1790281542,49181952,18.8201847076416,-286.1072082519531,19.495859657058446,-295.9615803272885
1790281542,149230231,18.720129013061523,-286.1082763671875,19.509218206568903,-295.9264778667672
1790281542,249165861,18.62013816833496,-286.1080627441406,19.5237234602167,-295.8912662640196
1790281542,349162041,18.52008628845215,-286.10662841796875,19.538970847835905,-295.8568095289594
1790281542,449170320,18.419904708862305,-286.10400390625,19.55501173828971,-295.8228365706118
1790281542,549170630,18.31962776184082,-286.1002502441406,19.571874136260547,-295.7891783575401
1790281542,649212239,18.231830596923828,-286.0960998535156,19.587689052639252,-295.75909874941095
1790281542,749229488,18.131431579589844,-286.09051513671875,19.605720785485865,-295.7262692982334
1790281542,849128169,18.018430709838867,-286.08319091796875,19.624393877481225,-295.6936340732459
1790281542,949128549,17.9179744720459,-286.075927734375,19.645974443904347,-295.657267759471
1790281543,49196477,17.81751251220703,-286.06805419921875,19.665070783151545,-295.6260450610868
1790281543,149176037,17.717174530029297,-286.0596618652344,19.68544828968623,-295.59349351752263
1790281543,249300365,17.616910934448242,-286.0509338378906,19.70556368422033,-295.56190657577713
1790281543,349267545,17.529272079467773,-286.0430603027344,19.724129700498647,-295.53308628530516
1790281543,449234475,17.429176330566406,-286.033935546875,19.745292286787794,-295.5004504832812
1790281543,549212165,17.329050064086914,-286.0247802734375,19.766103474762694,-295.4684275232308
1790281543,649177675,17.228910446166992,-286.0156555175781,19.786724316479855,-295.4366164606752
1790281543,749218404,17.128767013549805,-286.0067138671875,19.806899448679957,-295.4052703233543
1790281543,849237453,17.028627395629883,-285.998046875,19.82698746431742,-295.37369795685584
1790281543,949174904,16.928499221801758,-285.98968505859375,19.847077785294154,-295.3416232752335
1790281544,49196943,16.828388214111328,-285.9817810058594,19.867413826403013,-295.3085358715894
1790281544,149199423,16.72829818725586,-285.9743957519531,19.887176404310114,-295.27562450186707
1790281544,249196673,16.628232955932617,-285.967529296875,19.905720272046768,-295.2439072219343
1790281544,349221252,16.528194427490234,-285.9613037109375,19.924422261072124,-295.21095355109424
1790281544,449185692,16.428178787231445,-285.95574951171875,19.942734619154123,-295.17762395539575
1790281544,549206481,16.328187942504883,-285.9508972167969,19.960408059576018,-295.1443030204918
1790281544,649231631,16.228099822998047,-285.9467468261719,19.97574023480963,-295.1143588713894
1790281544,749173362,16.127853393554688,-285.943359375,19.994272319923173,-295.07671717822393
1790281544,849177741,16.027484893798828,-285.94073486328125,20.01037764225399,-295.04253299499595
1790281544,949160802,15.927017211914062,-285.9388732910156,20.025731098023936,-295.0085159307573
1790281545,49176521,15.82647705078125,-285.937744140625,20.040782535078453,-294.9736713553696
1790281545,149308419,15.725881576538086,-285.9373474121094,20.053704136437663,-294.9424930811061
1790281545,249201150,15.637834548950195,-285.9375915527344,20.06776483030651,-294.907123150086
1790281545,349218299,15.537174224853516,-285.9385070800781,20.08173920081314,-294.8703946432324
1790281545,449201779,15.436500549316406,-285.9400634765625,20.09477696895854,-294.8346031175916
1790281545,549197289,15.335820198059082,-285.94219970703125,20.107470640686763,-294.79823241410503
1790281545,649187689,15.235139846801758,-285.9449157714844,20.119444488080642,-294.7624874021009
1790281545,749224227,15.147058486938477,-285.94769287109375,20.130152615734378,-294.7293336361371
1790281545,849208767,15.04630184173584,-285.9512939453125,20.14152247830956,-294.69292478122003
1790281545,949229976,14.945377349853516,-285.9552917480469,20.15286387472423,-294.655379139502
1790281546,49201736,14.844325065612793,-285.9595947265625,20.1639736501867,-294.6175079353591
1790281546,149114387,14.743063926696777,-285.9641418457031,20.174759637900955,-294.57979456466927
1790281546,249271415,14.65427017211914,-285.9682922363281,20.183964868435584,-294.5469546080786
1790281546,349207175,14.552613258361816,-285.9731750488281,20.194347374799293,-294.50931974191394
1790281546,449197005,14.450828552246094,-285.9781494140625,20.20465987389367,-294.47146992911087
1790281546,549200284,14.361706733703613,-285.9825134277344,20.214004412669933,-294.43691365829375
1790281546,649189334,14.259711265563965,-285.98748779296875,20.22455073211979,-294.397791172468
1790281546,749200273,14.157526016235352,-285.99237060546875,20.234652707276148,-294.3603581904271
1790281546,849227362,14.055216789245605,-285.9971618652344,20.244864556337763,-294.32271449635743
1790281546,949197433,13.952839851379395,-286.0017395019531,20.25498371136991,-294.28576101371766
1790281547,49202832,13.850443840026855,-286.0061340332031,20.265411023939055,-294.2481749956532
1790281547,149237731,13.76077938079834,-286.009765625,20.274916273598805,-294.21443666006047
1790281547,249202231,13.658175468444824,-286.0136413574219,20.28573486516273,-294.17669314035254
1790281547,349173481,13.55550479888916,-286.0172424316406,20.296975359365405,-294.13830587702404
1790281547,449210170,13.452820777893066,-286.0205078125,20.308154701078323,-294.1009974574618
1790281547,549201359,13.35016918182373,-286.0234069824219,20.319425534919695,-294.06431273569495
1790281547,649180039,13.247586250305176,-286.02593994140625,20.330933566004653,-294.0278149314839
1790281547,749204818,13.145099639892578,-286.0281066894531,20.34260431628521,-293.9917898857492
1790281547,849221408,13.042730331420898,-286.0299072265625,20.35456715645997,-293.9558644255276
1790281547,949224667,12.940496444702148,-286.03131103515625,20.366995041252025,-293.91955555103476
1790281548,49194407,12.838407516479492,-286.0323181152344,20.37962997412893,-293.8836353899275
1790281548,149196947,12.736472129821777,-286.032958984375,20.392960058427377,-293.84674156011187
1790281548,249176326,12.634695053100586,-286.0332336425781,20.40652324370054,-293.81015342883643
1790281548,349200645,12.533076286315918,-286.0331726074219,20.420277516376938,-293.7739560014172
1790281548,449206845,12.431499481201172,-286.0327453613281,20.433902260027526,-293.73896018020645
1790281548,549197684,12.330018043518066,-286.031982421875,20.4478760130576,-293.7038859906082
1790281548,649220264,12.228721618652344,-286.03094482421875,20.461899720751703,-293.66943675418986
1790281548,749204283,12.127598762512207,-286.02960205078125,20.47623660055834,-293.63492158980324
1790281548,849211163,12.026636123657227,-286.0280456542969,20.49138286571785,-293.59911686594506
1790281548,949213552,11.925823211669922,-286.0262451171875,20.50662750836665,-293.5636698284386
1790281549,49210032,11.825146675109863,-286.0242614746094,20.52145122745363,-293.5297238974973
1790281549,149283340,11.724596977233887,-286.0220947265625,20.536479695005088,-293.4957522878878
1790281549,249213911,11.624159812927246,-286.019775390625,20.551734428480636,-293.4616674216433
1790281549,349221960,11.523823738098145,-286.01739501953125,20.56755436094351,-293.42665684869706
1790281549,449201680,11.423577308654785,-286.014892578125,20.583201885442623,-293.39229504458945
1790281549,549209339,11.323410034179688,-286.0123596191406,20.599018374400064,-293.35777336760196
1790281549,649188749,11.22331428527832,-286.00982666015625,20.61511464683616,-293.3227915078065
1790281549,749150519,11.123163223266602,-286.0072937011719,20.630571877299396,-293.2892823685137
1790281549,849218918,11.035436630249023,-286.00506591796875,20.645166829895768,-293.25767013973814
1790281549,949221227,10.947636604309082,-286.0029296875,20.66070297455062,-293.2240027530033
1790281550,49151348,10.847121238708496,-286.0005187988281,20.677921463058706,-293.1866209180791
1790281550,149275646,10.758966445922852,-285.9985046386719,20.692381649120644,-293.1551278210107
1790281550,249215726,10.658523559570312,-285.9963073730469,20.709169757498834,-293.11840902983977
1790281550,349194736,10.55978012084961,-285.99432373046875,20.724671480967643,-293.08432235749433
1790281550,449217855,10.463980674743652,-285.9925842285156,20.739058175083343,-293.0524942353227
1790281550,549198065,10.37210750579834,-285.9911804199219,20.75342250894883,-293.02051221089505
1790281550,649189724,10.284929275512695,-285.9902038574219,20.76646307025308,-292.99128833984787
1790281550,749127455,10.203035354614258,-285.98968505859375,20.77932891949232,-292.96226724833605
1790281550,849211273,10.126872062683105,-285.98968505859375,20.789529728148803,-292.93911226396546
1790281550,949208823,10.065187454223633,-285.99017333984375,20.800822622852404,-292.9133107308461
1790281551,49216742,10.000570297241211,-285.99127197265625,20.810789502444845,-292.89036687877143
1790281551,149142432,9.942373275756836,-285.9930114746094,20.81953951306238,-292.87005204994193
1790281551,249221951,9.896791458129883,-285.9950256347656,20.826381640839987,-292.8540076983775
1790281551,349169271,9.850836753845215,-285.99786376953125,20.833261764104687,-292.83764585474114
1790281551,449161991,9.811421394348145,-286.0012512207031,20.839195613096766,-292.82320668664585
1790281551,549267429,9.782255172729492,-286.0046081542969,20.843414201245565,-292.8125784037892
1790281551,649184220,9.754925727844238,-286.0088195800781,20.84728484225673,-292.8022310376024
1790281551,749241198,9.73617172241211,-286.01275634765625,20.849723588856246,-292.7949860426547
1790281551,849254088,9.720492362976074,-286.0174560546875,20.851251702250764,-292.78939863262934
1790281551,949209928,9.711662292480469,-286.0216369628906,20.85187184420082,-292.7850743302293
1790281552,49198377,9.706955909729004,-286.0263671875,20.85132906378453,-292.78254196152733
1790281552,149287116,9.707354545593262,-286.0303649902344,20.84991717444332,-292.7817916043803
1790281552,249211386,9.71175479888916,-286.03411865234375,20.84737043745065,-292.7823342315668
1790281552,349312634,9.721357345581055,-286.03802490234375,20.84374026482617,-292.78426348554757
1790281552,449228285,9.735401153564453,-286.0413513183594,20.839013244478156,-292.78747135508286
1790281552,549217485,9.750921249389648,-286.0436706542969,20.833881445306275,-292.7912854252755
1790281552,649243194,9.771844863891602,-286.0455627441406,20.827486206677754,-292.796209699816
1790281552,749220314,9.7955961227417,-286.0465393066406,20.82030953654295,-292.80176558141795
1790281552,849153734,9.821569442749023,-286.0465393066406,20.812324676327155,-292.8078739369249
1790281552,949196993,9.849161148071289,-286.0455017089844,20.80414598150926,-292.81398060520957
1790281553,49269041,9.874164581298828,-286.0437316894531,20.796248489677733,-292.8197073558945
1790281553,149229981,9.903214454650879,-286.0408020019531,20.78659115671862,-292.8264399161973
1790281553,249235641,9.928637504577637,-286.0379638671875,20.778075466801724,-292.8319202463629
1790281553,349232640,9.957242012023926,-286.03594970703125,20.768471892797745,-292.83693466145326
1790281553,449312179,9.98493766784668,-286.0366516113281,20.758715313308645,-292.84024353108316
1790281553,549135931,10.01453971862793,-286.0425109863281,20.74763499619074,-292.8413641648337
1790281553,649181470,10.039121627807617,-286.0536804199219,20.73773978484071,-292.83948438423715
1790281553,749176829,10.061812400817871,-286.071533203125,20.728157010867452,-292.83453619367594
1790281553,849304837,10.082415580749512,-286.09698486328125,20.719138452455237,-292.8262233343625
1790281553,949199868,10.100776672363281,-286.1305847167969,20.71087153930647,-292.8142706220995
1790281554,49174748,10.116782188415527,-286.17254638671875,20.703792090379864,-292.79879306496326
1790281554,149182647,10.13034439086914,-286.22296142578125,20.698158923483064,-292.78003757713134
1790281554,249245006,10.140157699584961,-286.2739562988281,20.694350334820687,-292.76002284178804
1790281554,349224716,10.148991584777832,-286.33978271484375,20.69173262272806,-292.7347456668322
1790281554,449253815,10.155259132385254,-286.4131774902344,20.69094558776146,-292.70728960679224
1790281554,549221645,10.158949851989746,-286.49346923828125,20.691982026364972,-292.6767624785405
1790281554,649223814,10.160070419311523,-286.5799255371094,20.694814597786866,-292.64427980698053
1790281554,749195044,10.158647537231445,-286.6718444824219,20.699265590327013,-292.6105566798133
1790281554,849270762,10.154738426208496,-286.7684631347656,20.705515619956532,-292.57348752440265
1790281554,949295652,10.14842700958252,-286.8690185546875,20.712883471252454,-292.53656151919955
1790281555,49224532,10.139829635620117,-286.9728088378906,20.721314148557173,-292.49896178794
1790281555,149271091,10.127609252929688,-287.0926818847656,20.731876350091085,-292.45565878436514
1790281555,249248821,10.116390228271484,-287.1876525878906,20.740951677244976,-292.42031064537974
1790281555,349237631,10.101923942565918,-287.2975769042969,20.751766320797046,-292.3792743758869
1790281555,449304289,10.085919380187988,-287.4085388183594,20.76292832769118,-292.3372646932894
1790281555,549215380,10.068622589111328,-287.5201110839844,20.773606906891906,-292.29655179570466
1790281555,649213819,10.050300598144531,-287.6319885253906,20.784230004498824,-292.25469694574196
1790281555,749184899,10.031229019165039,-287.7438659667969,20.794263380327145,-292.2130113273667
1790281555,849207699,10.011693954467773,-287.8554992675781,20.803512569308857,-292.17140456913467
1790281555,949178959,9.991987228393555,-287.9667053222656,20.811878109701382,-292.1296523508529
1790281556,49162738,9.972396850585938,-288.07745361328125,20.81925384350942,-292.0872958336457
1790281556,149153398,9.953205108642578,-288.1877136230469,20.825330118701288,-292.04530874365383
1790281556,249182737,9.934683799743652,-288.2973327636719,20.82988365768245,-292.0043589065556
1790281556,349173536,9.917092323303223,-288.40631103515625,20.83300365080665,-291.96310843864245
1790281556,449200156,9.90067195892334,-288.5145568847656,20.83451562923332,-291.92199394090346
1790281556,549166746,9.885641098022461,-288.6220703125,20.83437661440793,-291.8826486820693
1790281556,649205214,9.872197151184082,-288.7287292480469,20.832555677354488,-291.8433725422963
1790281556,749219774,9.860509872436523,-288.83453369140625,20.82886535178605,-291.8027259029812
1790281556,849178064,9.85072135925293,-288.9395751953125,20.82350484813236,-291.7632956604568
1790281556,949178473,9.84294319152832,-289.04388427734375,20.816553867242963,-291.7251058055356
1790281557,49204933,9.837254524230957,-289.1476135253906,20.807762648478324,-291.6867423271077
1790281557,149283081,9.833704948425293,-289.2508239746094,20.797609276066154,-291.6500444153616
1790281557,249183962,9.832311630249023,-289.3536071777344,20.78568072663962,-291.61326863535936
1790281557,349167532,9.833056449890137,-289.4560241699219,20.772165251382336,-291.57684024352346
1790281557,449207291,9.835885047912598,-289.5581359863281,20.757560968728445,-291.54176800545895
1790281557,549207170,9.840707778930664,-289.6600341796875,20.74168762064678,-291.5072717330658
1790281557,649204130,9.847403526306152,-289.7617492675781,20.72421941598721,-291.47241479859343
1790281557,749178310,9.855826377868652,-289.86346435546875,20.70573635263373,-291.43806848898333
1790281557,849208709,9.865806579589844,-289.9652404785156,20.68697861639986,-291.405265912917
1790281557,949161519,9.877161026000977,-290.0671081542969,20.66685494289093,-291.3717859338963
1790281558,49131979,9.889691352844238,-290.16900634765625,20.64628904820911,-291.3388765334961
1790281558,149166308,9.903193473815918,-290.27093505859375,20.62562558634576,-291.3067688346603
1790281558,249177907,9.917461395263672,-290.37286376953125,20.60473587893299,-291.2749510081601
1790281558,349215006,9.93228530883789,-290.47467041015625,20.583553635089572,-291.24304882307416
1790281558,449177776,9.947463035583496,-290.5762939453125,20.562141453126678,-291.21089426136166
1790281558,549171596,9.962794303894043,-290.677734375,20.54027358783165,-291.17787176494153
1790281558,649137956,9.97808837890625,-290.7790832519531,20.519535674679737,-291.14611894112966
1790281558,749144065,9.993163108825684,-290.8804931640625,20.498834806808322,-291.11372706396503
1790281558,849171364,10.00784969329834,-290.9818420410156,20.478456217346817,-291.08090892304506
1790281558,949259583,10.021987915039062,-291.08319091796875,20.458531550612275,-291.04765037859573
1790281559,49202093,10.033795356750488,-291.1717834472656,20.441499898176644,-291.0180735192674
1790281559,149261852,10.048054695129395,-291.28564453125,20.42113273115905,-290.9809325515804
1790281559,249129953,10.059733390808105,-291.38671875,20.40363337416577,-290.94708978456487
1790281559,349172972,10.070365905761719,-291.48773193359375,20.387129455671896,-290.91313903065725
1790281559,449187851,10.079863548278809,-291.5885925292969,20.371806485297732,-290.87936217416274
1790281559,549165371,10.088152885437012,-291.6892395019531,20.3571126703859,-290.84444573549496
1790281559,649155220,10.095172882080078,-291.78961181640625,20.34327365123365,-290.8087828919118
1790281559,749173970,10.100878715515137,-291.88983154296875,20.33071436719323,-290.7733940638799
1790281559,849206259,10.105244636535645,-291.9900207519531,20.3194054546244,-290.7383745253693
1790281559,949216428,10.108256340026855,-292.09002685546875,20.30910642427674,-290.70299001969744
1790281560,49194028,10.109914779663086,-292.1898498535156,20.299804684674573,-290.66717436000545
1790281560,149274596,10.110238075256348,-292.28948974609375,20.291457170822312,-290.63090467965657
1790281560,249295306,10.109261512756348,-292.38897705078125,20.28404514159326,-290.59420921760943
1790281560,349276235,10.107037544250488,-292.4883728027344,20.27758250601266,-290.55731084678035
1790281560,449229455,10.103633880615234,-292.587646484375,20.27217556628691,-290.52125539164524
1790281560,549231505,10.099135398864746,-292.6868896484375,20.267481934885623,-290.48444160209
1790281560,649208715,10.093633651733398,-292.7861022949219,20.26356671467496,-290.44771910289313
1790281560,749293473,10.087236404418945,-292.88525390625,20.260320371590044,-290.41092361151715
1790281560,849249683,10.080052375793457,-292.98443603515625,20.257542118759027,-290.37236402670726
1790281560,949237693,10.0722017288208,-293.0836181640625,20.25533781800907,-290.33481010585825
1790281561,49210243,10.063802719116211,-293.18280029296875,20.253546344432188,-290.2971532182657
1790281561,149261992,10.05497932434082,-293.2820129394531,20.25210327199883,-290.26012041155855
1790281561,249192142,10.045853614807129,-293.3812255859375,20.250889400627134,-290.2229467981483
1790281561,349149732,10.036543846130371,-293.4804992675781,20.249757290861155,-290.18372887395543
1790281561,449151162,10.027167320251465,-293.57989501953125,20.248734533540937,-290.14661650429485
1790281561,549183641,10.01783561706543,-293.67950439453125,20.247638188710866,-290.10815081050123
1790281561,649169081,10.008654594421387,-293.7792663574219,20.24647060026832,-290.07126434740877
1790281561,749204220,9.999723434448242,-293.8791809082031,20.245107551970545,-290.0341612124715
1790281561,849212049,9.991133689880371,-293.9790954589844,20.243481123958464,-289.9968270068591
1790281561,949254378,9.982970237731934,-294.0788879394531,20.241528963623235,-289.9594567908297
1790281562,49174088,9.97530746459961,-294.1786193847656,20.239116610510145,-289.9207097869591
1790281562,149218847,9.968212127685547,-294.27838134765625,20.236709229089183,-289.88787773639257
1790281562,249180397,9.961742401123047,-294.3782653808594,20.23350684126295,-289.85034292023073
1790281562,349197027,9.95663070678711,-294.46575927734375,20.229696374750397,-289.8120288765804
1790281562,449227366,9.951454162597656,-294.5658264160156,20.225450194461807,-289.77488262669385
1790281562,549252505,9.946512222290039,-294.678466796875,20.22005435945787,-289.73370014142773
1790281562,649235685,9.942928314208984,-294.7786560058594,20.215255122526997,-289.7011366819037
1790281562,749131996,9.940115928649902,-294.87884521484375,20.20919367965057,-289.6639681294619
1790281562,849174324,9.938077926635742,-294.9790954589844,20.201757271712392,-289.62291216399285
1790281562,949185774,9.936808586120605,-295.079345703125,20.194450651888573,-289.58623094126415
1790281563,49151624,9.936293601989746,-295.17962646484375,20.186505543703632,-289.54950448357096
1790281563,149184433,9.93651008605957,-295.2799072265625,20.177992287438585,-289.5129423411653
1790281563,249160593,9.93742561340332,-295.38018798828125,20.168778707308007,-289.4759332101724
1790281563,349189722,9.93900203704834,-295.48046875,20.160330521635093,-289.44388819955134
1790281563,449173401,9.941193580627441,-295.5807800292969,20.14901993583503,-289.40326295137254
1790281563,549225490,9.943948745727539,-295.6810607910156,20.13882187883268,-289.3684894163629
1790281563,649157441,9.947212219238281,-295.78125,20.127627763258154,-289.3319672735865
1790281563,749554475,9.950923919677734,-295.88128662109375,20.116552541789506,-289.2971552840571
1790281563,849194999,9.955022811889648,-295.9811706542969,20.104746764051136,-289.2612414081378
1790281563,949173489,9.959444999694824,-296.0809631347656,20.092658765567275,-289.2254601058485
1790281564,49225578,9.964125633239746,-296.1806640625,20.08037222616935,-289.1899050924843
1790281564,149209568,9.968999862670898,-296.28033447265625,20.06795630889542,-289.1546289486397
1790281564,249173628,9.974006652832031,-296.37994384765625,20.055279495821523,-289.1191130323678
1790281564,349171657,9.979082107543945,-296.47967529296875,20.04234615863032,-289.08321535238684
1790281564,449201246,9.984167098999023,-296.57958984375,20.029568222315664,-289.0479347797966
1790281564,549252815,9.989205360412598,-296.6796569824219,20.01836516029283,-289.0170525119364
1790281564,649366693,9.994145393371582,-296.7798156738281,20.005457628945337,-288.98141045868584
1790281564,749138106,9.99893569946289,-296.8800964355469,19.992722821472512,-288.9460621816204
1790281564,849206644,10.003533363342285,-296.98046875,19.97890090444164,-288.9073395672884
1790281564,949178154,10.007896423339844,-297.0809020996094,19.966111070292488,-288.87105444825
1790281565,49129814,10.011990547180176,-297.1813659667969,19.953657427537646,-288.835189525611
1790281565,149197003,10.015783309936523,-297.2818603515625,19.941817011543403,-288.80047876140543
1790281565,249183952,10.019248008728027,-297.38226318359375,19.92996644512044,-288.76502078913444
1790281565,349194272,10.02236270904541,-297.4825134277344,19.917939600754412,-288.7282030726103
1790281565,449164032,10.025110244750977,-297.5827331542969,19.90662639515085,-288.69269042869007
1790281565,549202921,10.027477264404297,-297.6829833984375,19.895537556209053,-288.65690857106415
1790281565,649163341,10.029457092285156,-297.7832946777344,19.884782444275107,-288.62117534878894
1790281565,749151500,10.031044006347656,-297.883544921875,19.874282324186723,-288.58518753260404
1790281565,849284258,10.032238960266113,-297.9836120605469,19.864094653912872,-288.5491348974497
1790281565,949175169,10.033045768737793,-298.0836486816406,19.853990613106422,-288.51216065312633
1790281566,49184758,10.033473014831543,-298.18377685546875,19.844459860820784,-288.47605611729404
1790281566,149188838,10.033533096313477,-298.283935546875,19.83520885877534,-288.43975972842105
1790281566,249191387,10.033239364624023,-298.3841552734375,19.82625981542961,-288.40338339157864
1790281566,349180227,10.032611846923828,-298.4844055175781,19.817621886316058,-288.36701770095686
1790281566,449179866,10.031671524047852,-298.58465576171875,19.809106420866836,-288.329887601911
1790281566,549212756,10.030442237854004,-298.6849060058594,19.801064216357233,-288.2936296651568
1790281566,649158526,10.028949737548828,-298.7850341796875,19.79321809878118,-288.2570578550123
1790281566,749223694,10.027220726013184,-298.8849792480469,19.78580484904721,-288.22139044086003
1790281566,849198324,10.025283813476562,-298.98480224609375,19.778460367007227,-288.18498846066103
1790281566,949221243,10.023168563842773,-299.08447265625,19.771339075223032,-288.14871884676035
1790281567,49130354,10.020612716674805,-299.196533203125,19.7637898368961,-288.1092512470867
1790281567,149183353,10.018218040466309,-299.2960205078125,19.757084529213735,-288.07337830063744
1790281567,249159643,10.015737533569336,-299.3953552246094,19.750304780557837,-288.03644984404247
1790281567,349208162,10.013202667236328,-299.4945983886719,19.74376794163149,-288.00033655838297
1790281567,449222961,10.010639190673828,-299.5937194824219,19.737386242741017,-287.96468776870034
1790281567,549179681,10.008076667785645,-299.6927185058594,19.73088305290717,-287.9280920821596
1790281567,649204330,10.00554084777832,-299.79156494140625,19.724507252223844,-287.89208725111837
1790281567,749258719,10.003056526184082,-299.890380859375,19.718001806057465,-287.8553562946974
1790281567,849225889,10.000645637512207,-299.9891052246094,19.71197359115857,-287.82143795569306
1790281567,949232928,9.998330116271973,-300.08782958984375,19.705341283696608,-287.784377766862
1790281568,49171999,9.995863914489746,-300.19891357421875,19.698070106458335,-287.74418385164086
1790281568,149209527,9.993815422058105,-300.2975769042969,19.691474503912026,-287.70821556949477
1790281568,249205417,9.991934776306152,-300.39544677734375,19.684862290501098,-287.67269739198144
1790281568,349282385,9.990279197692871,-300.4912414550781,19.678353621916184,-287.6383078502515
1790281568,449273975,9.988912582397461,-300.58380126953125,19.671828713757293,-287.60443127097227
1790281568,549203006,9.987903594970703,-300.6722412109375,19.665645062673406,-287.57290232397133
1790281568,649213935,9.987316131591797,-300.755859375,19.659498703972357,-287.54212545754217
1790281568,749229934,9.987211227416992,-300.8341369628906,19.653732765637063,-287.5137647686538
1790281568,849264293,9.987634658813477,-300.9066162109375,19.64829329823672,-287.48748015589604
1790281568,949126055,9.988786697387695,-300.98095703125,19.6427409865333,-287.4611540895022
1790281569,49190213,9.990435600280762,-301.0403747558594,19.638032529708795,-287.43928218834253
1790281569,149203433,9.992671966552734,-301.0934143066406,19.633832076258688,-287.4202055431747
1790281569,249184302,9.995475769042969,-301.1400146484375,19.630040460591903,-287.40345857655416
1790281569,349241811,9.99880599975586,-301.1801452636719,19.62672512656575,-287.38935585042145
1790281569,449207251,10.002603530883789,-301.2138977050781,19.62361233266563,-287.3768307026224
1790281569,549194221,10.006793975830078,-301.2413330078125,19.62089281694565,-287.3667894865098
1790281569,649182381,10.011283874511719,-301.2625732421875,19.618521324405233,-287.3591402558229
1790281569,749249029,10.015968322753906,-301.2777404785156,19.616492502341337,-287.3539202907905
1790281569,849194569,10.020726203918457,-301.2870788574219,19.614568723538603,-287.3505710387253
1790281569,949154619,10.025430679321289,-301.2908020019531,19.612787751485737,-287.3493019791234
1790281570,49226728,10.029946327209473,-301.2891845703125,19.611081051346503,-287.3499856052652
1790281570,149275167,10.034135818481445,-301.2825012207031,19.609358550207155,-287.35248336270996
1790281570,249207197,10.037863731384277,-301.2712097167969,19.607537950335715,-287.35668163999054
1790281570,349307345,10.041000366210938,-301.2557678222656,19.60557242717867,-287.3623585449163
1790281570,449304455,10.043427467346191,-301.2366943359375,19.60343540259009,-287.3692094284149
1790281570,549176396,10.045042991638184,-301.214599609375,19.600948179420243,-287.37748547227056
1790281570,649179325,10.045766830444336,-301.1900329589844,19.5981952774699,-287.3866087405381
1790281570,749306923,10.045621871948242,-301.1670227050781,19.595556388439086,-287.3951640364428
1790281570,849232704,10.044536590576172,-301.1394348144531,19.592295005076007,-287.4053408180205
1790281570,949194354,10.042460441589355,-301.111083984375,19.58879606631139,-287.4157623389029
1790281571,49160994,10.039407730102539,-301.08245849609375,19.58523748612666,-287.4258351552539
1790281571,149238872,10.035416603088379,-301.0541076660156,19.581417645747372,-287.43612467211176
1790281571,249162263,10.03120231628418,-301.02984619140625,19.577980010589837,-287.4450155945314
1790281571,349236441,10.025629997253418,-301.0032043457031,19.574148713553985,-287.45456232583956
1790281571,449231511,10.01935863494873,-300.9781188964844,19.570351866262964,-287.4637247530801
1790281571,549216161,10.012526512145996,-300.95489501953125,19.56679335122546,-287.47214461935073
1790281571,649202490,10.00529956817627,-300.93389892578125,19.563475823545257,-287.4799535352993
1790281571,749287788,9.998796463012695,-300.91754150390625,19.560839150466986,-287.48623787132607
1790281571,849288398,9.9913330078125,-300.9013366699219,19.55830887625421,-287.4924945081645
1790281571,949185479,9.984025001525879,-300.8879089355469,19.556298882165265,-287.49787118835616
1790281572,49211398,9.977063179016113,-300.8773498535156,19.554826373779424,-287.5024700203348
1790281572,149230517,9.970624923706055,-300.8697204589844,19.553999324405034,-287.50607884600436
1790281572,249262206,9.965547561645508,-300.86541748046875,19.553786616572932,-287.5086400784633
1790281572,349263116,9.960500717163086,-300.8631286621094,19.554162644875564,-287.5106280002432
1790281572,449216856,9.9563627243042,-300.86358642578125,19.55517986132988,-287.5118017752877
1790281572,549237955,9.95321273803711,-300.8665771484375,19.55675036265421,-287.51218745991054
1790281572,649195675,9.951092720031738,-300.8719482421875,19.5590275145438,-287.5118212116536
1790281572,749231484,9.950016975402832,-300.8794250488281,19.561761965855066,-287.510767178932
1790281572,849157185,9.949965476989746,-300.8887634277344,19.565053355482682,-287.5090135005685
1790281572,949171614,9.950891494750977,-300.8996887207031,19.568607464824716,-287.5067331831723
1790281573,49214163,9.952445030212402,-300.91033935546875,19.571998217938244,-287.5042846628627
1790281573,149242222,9.954970359802246,-300.9234313964844,19.57608466476859,-287.50104982253663
1790281573,249168263,9.958136558532715,-300.937255859375,19.580227768070046,-287.49750816100095
1790281573,349216582,9.961767196655273,-300.951416015625,19.58428576888321,-287.4938089717995
1790281573,449165202,9.96569538116455,-300.9656066894531,19.588465873535174,-287.4897743575897
1790281573,549218871,9.969276428222656,-300.97784423828125,19.591985117416396,-287.4861938811995
1790281573,649234170,9.972919464111328,-300.98980712890625,19.595566386859733,-287.4823734884635
1790281573,749246229,9.977078437805176,-301.0029296875,19.59931124648474,-287.4781591347735
1790281573,849258269,9.980645179748535,-301.0138244628906,19.60236658798011,-287.4745275163605
1790281573,949248308,9.984088897705078,-301.0240783691406,19.605198122492073,-287.4709813621373
1790281574,49180339,9.987363815307617,-301.0335693359375,19.607761269141044,-287.4675872953969
1790281574,149251017,9.990438461303711,-301.0422668457031,19.61004501244992,-287.46437947838245
1790281574,249239607,9.993291854858398,-301.0500793457031,19.61197124907116,-287.4614901123212
1790281574,349221487,9.995911598205566,-301.0570068359375,19.613634561100447,-287.45880837587947
1790281574,449242616,9.998289108276367,-301.06304931640625,19.614984139994753,-287.4564475706178
1790281574,549252125,10.000690460205078,-301.0688171386719,19.616089773607154,-287.4543013474664
1790281574,649252575,10.002504348754883,-301.07281494140625,19.616849351952457,-287.4525919637273
1790281574,749252314,10.004048347473145,-301.0758056640625,19.617315632104162,-287.4512802895585
1790281574,849242064,10.005326271057129,-301.0777893066406,19.617516366334197,-287.45036015672093
1790281574,949173704,10.006476402282715,-301.07879638671875,19.61745282711472,-287.4497594566802
1790281575,49154464,10.007229804992676,-301.07861328125,19.617160500855405,-287.44962593752007
1790281575,149277752,10.007768630981445,-301.0774841308594,19.616657131732808,-287.4498562567923
1790281575,249232842,10.00811767578125,-301.075439453125,19.615974864875618,-287.45043192942813
1790281575,349261511,10.008302688598633,-301.0725402832031,19.615122335065703,-287.45134218059445
1790281575,449200702,10.008345603942871,-301.0682678222656,19.613975456311202,-287.4527500439439
1790281575,549204281,10.00826644897461,-301.06378173828125,19.612843551487376,-287.45427229551984
1790281575,649236390,10.008103370666504,-301.0586853027344,19.6116550285746,-287.455972461405
1790281575,749162950,10.007844924926758,-301.0522155761719,19.610195902363518,-287.45816247390326
1790281575,849201870,10.007580757141113,-301.04608154296875,19.60883677250468,-287.46027751256025
1790281575,949177339,10.007257461547852,-301.0386657714844,19.607284978398784,-287.4627561327197
1790281576,49173859,10.00693416595459,-301.031005859375,19.605745053407432,-287.4652661379213
1790281576,149135139,10.00662899017334,-301.0231628417969,19.604210345092014,-287.46779902448947
1790281576,249261427,10.006387710571289,-301.0162658691406,19.602839794039788,-287.4700738997032
1790281576,349183877,10.006149291992188,-301.00848388671875,19.601303748523204,-287.4726232757016
1790281576,449219826,10.005953788757324,-301.0008850097656,19.59979080850708,-287.4751211168733
1790281576,549159067,10.005804061889648,-300.99359130859375,19.59834416598159,-287.4774854552677
1790281576,649187376,10.005697250366211,-300.9866638183594,19.596994197797795,-287.47966040111174
1790281576,749159356,10.00562858581543,-300.9802551269531,19.595688901278965,-287.4817267126377
1790281576,849177655,10.005590438842773,-300.974365234375,19.594472200212014,-287.4836144750643
1790281576,949172925,10.005574226379395,-300.9690856933594,19.59336499188766,-287.48529480992033
1790281577,49204434,10.005571365356445,-300.9649963378906,19.592485039346847,-287.4866024322096
1790281577,149277382,10.005570411682129,-300.9609375,19.591619845966324,-287.4878620930513
1790281577,249207043,10.005563735961914,-300.9576110839844,19.590877270991637,-287.4889233213395
1790281577,349213632,10.00554084777832,-300.9549865722656,19.590316138694917,-287.4897170704643
1790281577,449173742,10.0054931640625,-300.9530944824219,19.589900707162165,-287.490309538803
1790281577,549158772,10.005414009094238,-300.951904296875,19.589663896043415,-287.490669946966
1790281577,649178681,10.00529670715332,-300.9514465332031,19.58959316394107,-287.4908332968649
1790281577,749224620,10.005159378051758,-300.95159912109375,19.58967347866428,-287.49081868523604
1790281577,849231400,10.005105018615723,-300.9523620605469,19.589874726368024,-287.49059089426186
1790281577,949195949,10.006190299987793,-300.9537353515625,19.58987935858855,-287.4898883210261
1790281578,49213729,10.009921073913574,-300.9556884765625,19.589247883666918,-287.48834244117387
1790281578,149237678,10.017722129821777,-300.9580993652344,19.587591468460978,-287.4855901870461
1790281578,249168198,10.03083324432373,-300.9609069824219,19.584539551713775,-287.4812366444239
1790281578,349249587,10.04755973815918,-300.963623046875,19.580608283210267,-287.47602983414566
1790281578,449277106,10.073493003845215,-300.9669494628906,19.574225131122173,-287.467909474849
1790281578,549211556,10.107196807861328,-300.9704284667969,19.5658986050918,-287.45755184315317
1790281578,649169406,10.14895248413086,-300.9739990234375,19.555457296686185,-287.444702450848
1790281578,749237975,10.192215919494629,-300.97711181640625,19.544839054373593,-287.4316881248574
1790281578,849233315,10.249284744262695,-300.9806213378906,19.531031062951158,-287.4147649850836
1790281578,949256494,10.314112663269043,-300.9840393066406,19.515466352693604,-287.39563984703733
1790281579,49262073,10.386175155639648,-300.9873046875,19.498014933696773,-287.374115453873
1790281579,149440650,10.464839935302734,-300.99041748046875,19.47917548320104,-287.35078119108687
1790281579,249239202,10.549412727355957,-300.9933776855469,19.45876055708281,-287.3253971246399
1790281579,349173543,10.63917064666748,-300.99615478515625,19.43709725560004,-287.29837466269754
1790281579,449175182,10.733511924743652,-300.998779296875,19.414821122234468,-287.2705278493478
1790281579,549361489,10.831806182861328,-301.0012512207031,19.39430558948585,-287.244857445107
1790281579,649240471,10.92050838470459,-301.0032958984375,19.370397994728012,-287.2149510000804
1790281579,749384008,11.02441692352295,-301.0055236816406,19.34535144418505,-287.18367138894
1790281579,849193250,11.130475044250488,-301.00762939453125,19.319476742725357,-287.1514592282959
1790281579,949245539,11.238180160522461,-301.0096740722656,19.29368299113303,-287.1195002165316
1790281580,49224709,11.347094535827637,-301.0116271972656,19.26809371337439,-287.0879930497302
1790281580,149133190,11.456842422485352,-301.0135498046875,19.241056495535314,-287.0549671380573
1790281580,249171318,11.553388595581055,-301.0151672363281,19.217351397900387,-287.02625860134435
1790281580,349173288,11.664156913757324,-301.0169982910156,19.190380862192022,-286.99392828195784
1790281580,449197777,11.775124549865723,-301.018798828125,19.162944520171838,-286.9614364581148
1790281580,549167527,11.886077880859375,-301.0205383300781,19.13504791076598,-286.928833511891
1790281580,649158827,11.996841430664062,-301.022216796875,19.11027309344645,-286.9002765316244
1790281580,749273525,12.093579292297363,-301.0236511230469,19.082235310614916,-286.86842478715886
1790281580,849245705,12.203913688659668,-301.02520751953125,19.05433827009533,-286.8372606757539
1790281580,949268134,12.313888549804688,-301.02667236328125,19.02604366395637,-286.80621781973053
1790281581,49295373,12.423415184020996,-301.0280456542969,18.996894515758886,-286.77480577982897
1790281581,149210164,12.532427787780762,-301.0292663574219,18.96850389613903,-286.7447929092949
1790281581,249178493,12.640998840332031,-301.03033447265625,18.940391384665794,-286.71565458396225
1790281581,349259162,12.749043464660645,-301.03125,18.911157962984564,-286.685958006856
1790281581,449277421,12.84315013885498,-301.0318908691406,18.88559097048426,-286.66046076224694
1790281581,549175802,12.950285911560059,-301.03240966796875,18.854185852997215,-286.62972708355915
1790281581,649211531,13.04372501373291,-301.0326843261719,18.827539158074202,-286.6041177590211
1790281581,749175471,13.150233268737793,-301.0327453613281,18.796331483045382,-286.57465546681544
1790281581,849303049,13.2432279586792,-301.0326232910156,18.769359512216667,-286.54964163467224
1790281581,949163550,13.349333763122559,-301.0322265625,18.737887225763316,-286.52094738675675
1790281582,49243829,13.442059516906738,-301.03167724609375,18.709968016525433,-286.4959011956761
1790281582,149126240,13.547938346862793,-301.0307922363281,18.678035862215744,-286.46769209226835
1790281582,249275717,13.640527725219727,-301.02978515625,18.649722896783686,-286.44304767544327
1790281582,349200658,13.746312141418457,-301.02838134765625,18.618111111220742,-286.41589717721644
1790281582,449205827,13.838863372802734,-301.0269775390625,18.590373424822072,-286.3923676346535
1790281582,549239096,13.93142032623291,-301.0253601074219,18.561022632866656,-286.36772306008635
1790281582,649166957,14.03723430633545,-301.0233154296875,18.528878101583228,-286.34099571306933
1790281582,749258025,14.143084526062012,-301.02105712890625,18.496091494385933,-286.31397625921494
1790281582,849199526,14.235743522644043,-301.0189208984375,18.467681253254366,-286.29072256258297
1790281582,949258824,14.341694831848145,-301.0163269042969,18.434862980280833,-286.26399963056497
1790281583,49257224,14.434452056884766,-301.0139465332031,18.405963719238425,-286.24055428889085
1790281583,149126095,14.540522575378418,-301.0110778808594,18.372834645158214,-286.2137347962628
1790281583,249266983,14.633387565612793,-301.0085144042969,18.34439850180536,-286.1907283254218
1790281583,349194853,14.739583969116211,-301.0055236816406,18.31496995893343,-286.166900196838
1790281583,449196613,14.83255672454834,-301.0028991699219,18.282048211614647,-286.14018202960284
1790281583,549197912,14.93886947631836,-300.9998474121094,18.250070915522038,-286.1141248923956
1790281583,649179552,15.045245170593262,-300.9968566894531,18.22200273541196,-286.0911337064678
1790281583,749283820,15.138343811035156,-300.9942932128906,18.189975464732502,-286.0647257148683
1790281583,849184641,15.244688987731934,-300.9914245605469,18.158573052983137,-286.03861824072135
1790281583,949214680,15.350882530212402,-300.9886779785156,18.127257170536023,-286.01233192289436
1790281584,49211409,15.456856727600098,-300.986083984375,18.096405400291616,-285.9861596747017
1790281584,149073941,15.56267261505127,-300.983642578125,18.065741191178358,-285.9598358047396
1790281584,249191069,15.655139923095703,-300.981689453125,18.03911179036503,-285.9367100998312
1790281584,349274717,15.760640144348145,-300.9796447753906,18.009565055426094,-285.91072499650335
1790281584,449210797,15.865891456604004,-300.97784423828125,17.97960809860969,-285.8840162218176
1790281584,549232507,15.970857620239258,-300.976318359375,17.94957798163987,-285.8568528995697
1790281584,649236976,16.075510025024414,-300.97503662109375,17.920202106636438,-285.82989865698113
1790281584,749190586,16.179834365844727,-300.97406005859375,17.890640936140016,-285.8023804396765
1790281584,849150486,16.283935546875,-300.9733581542969,17.861917321191726,-285.7752446533261
1790281584,949223225,16.374881744384766,-300.9729919433594,17.834821978699985,-285.74929440217585
1790281585,49184335,16.46567726135254,-300.9728698730469,17.808263931110307,-285.7235532449235
1790281585,149290973,16.569337844848633,-300.9729919433594,17.779308590786002,-285.6951328844534
1790281585,249202734,16.672943115234375,-300.973388671875,17.75150734736485,-285.66747558997713
1790281585,349174554,16.77644157409668,-300.9740905761719,17.725084716286226,-285.6408464389841
1790281585,449216812,16.879798889160156,-300.97503662109375,17.697623767213567,-285.6128451382797
1790281585,549288281,16.982982635498047,-300.9762268066406,17.67052663427198,-285.58491052613795
1790281585,649203872,17.085975646972656,-300.9776611328125,17.642898137100467,-285.55614169965895
1790281585,749206271,17.188879013061523,-300.97930908203125,17.616183953714756,-285.5280807526508
1790281585,849178461,17.291744232177734,-300.9811096191406,17.58955228876919,-285.4998893791069
1790281585,949251600,17.38167953491211,-300.98284912109375,17.56588017558967,-285.47467464912876
1790281586,49226959,17.4843692779541,-300.9849548339844,17.538805652643198,-285.4456927887146
1790281586,149260629,17.586929321289062,-300.9871826171875,17.51153408006473,-285.416379189654
1790281586,249219669,17.68933868408203,-300.9894714355469,17.48539774828271,-285.38820205879796
1790281586,349212168,17.791587829589844,-300.9918212890625,17.458854368161717,-285.35953842961817
1790281586,449197328,17.893667221069336,-300.99420166015625,17.432648804207098,-285.33122677762145
1790281586,549136108,17.99569320678711,-300.99658203125,17.406437686829857,-285.3029317208107
1790281586,649246226,18.0849609375,-300.9986572265625,17.3830493980762,-285.27772940035567
1790281586,749288195,18.186962127685547,-301.0009460449219,17.35674910256591,-285.2494678291278
1790281586,849168486,18.288908004760742,-301.003173828125,17.328737666180867,-285.21948662794716
1790281586,949212975,18.37803840637207,-301.00506591796875,17.304221132162578,-285.19336320250864
1790281587,49168265,18.479917526245117,-301.007080078125,17.275952297901537,-285.16339899773527
1790281587,149255214,18.56920623779297,-301.00872802734375,17.25182701112644,-285.13798022665515
1790281587,249230664,18.671457290649414,-301.010498046875,17.224680059815256,-285.1095692326597
1790281587,349221283,18.76103401184082,-301.01190185546875,17.198678650944853,-285.0825519430545
1790281587,449216453,18.850744247436523,-301.0131530761719,17.172318541264975,-285.0553500591864
1790281587,549172793,18.95357322692871,-301.0144348144531,17.14250063179901,-285.02481584979245
1790281587,649200612,19.04389190673828,-301.015380859375,17.11687214358589,-284.998784676142
1790281587,749241771,19.1345157623291,-301.01617431640625,17.09111793619252,-284.9728269191341
1790281587,849219361,19.238445281982422,-301.0168762207031,17.062131079356842,-284.9438569947615
1790281587,949171781,19.342723846435547,-301.01739501953125,17.032586865059695,-284.91459374219977
1790281588,49180950,19.43423080444336,-301.0176696777344,17.007062846026265,-284.88952393667057
1790281588,149188720,19.539094924926758,-301.0177917480469,16.97698729049395,-284.86022805893964
1790281588,249291528,19.6309814453125,-301.0177307128906,16.951291156943636,-284.83540095643997
1790281588,349234628,19.736162185668945,-301.0174865722656,16.920745974168113,-284.8061091394323
1790281588,449168648,19.84149742126465,-301.01708984375,16.89437570660984,-284.7810096196155
1790281588,549227247,19.933786392211914,-301.0165710449219,16.863520614673618,-284.75184585113067
1790281588,649176267,20.039396286010742,-301.0158386230469,16.83301759791768,-284.7232157720796
1790281588,749201066,20.131914138793945,-301.01507568359375,16.806961311924606,-284.6989067178791
1790281588,849314304,20.237770080566406,-301.01409912109375,16.77590109351564,-284.67008990704375
1790281588,949316824,20.330394744873047,-301.01312255859375,16.749046107628455,-284.64529769483227
1790281589,49241155,20.436283111572266,-301.0119323730469,16.717458590359854,-284.6162624645306
1790281589,149277914,20.528953552246094,-301.01080322265625,16.690682176399815,-284.5917414925192
1790281589,249201715,20.634906768798828,-301.00946044921875,16.659766009074616,-284.5635183988812
1790281589,349191394,20.740903854370117,-301.008056640625,16.629172934252924,-284.5356642840203
1790281589,449235573,20.833688735961914,-301.0068054199219,16.601640095541807,-284.5106426881317
1790281589,549218393,20.939775466918945,-301.0053405761719,16.570478604091697,-284.48235725684793
1790281589,649316631,21.03255271911621,-301.0040588378906,16.543528471657336,-284.4579095775164
1790281589,749241562,21.138559341430664,-301.0025939941406,16.512363518792633,-284.4296383088424
1790281589,849302190,21.231294631958008,-301.0013427734375,16.484642455175962,-284.40447692293066
1790281589,949232801,21.337284088134766,-300.9999694824219,16.453186379540067,-284.3758927241666
1790281590,49331539,21.430021286010742,-300.998779296875,16.425815878972784,-284.35098019123404
1790281590,149269509,21.536033630371094,-300.99749755859375,16.394009894690598,-284.32196874169244
1790281590,249225499,21.628807067871094,-300.9964294433594,16.36663269675676,-284.29693229820424
1790281590,349315307,21.734872817993164,-300.9952697753906,16.337303815555405,-284.2700293108714
1790281590,449190539,21.840967178344727,-300.9942321777344,16.306810204224355,-284.2419551548767
1790281590,549185548,21.946990966796875,-300.9932861328125,16.276039926997413,-284.2135151542774
1790281590,649215287,22.039722442626953,-300.9925231933594,16.248505056054437,-284.18796316023247
1790281590,749220087,22.132429122924805,-300.99188232421875,16.221122955357092,-284.1624529920033
1790281590,849189796,22.23837661743164,-300.9912414550781,16.19078010213909,-284.1340597503326
1790281590,949209816,22.34432029724121,-300.9906921386719,16.160546556604437,-284.10563023254144
1790281591,49222075,22.437030792236328,-300.9903259277344,16.13363184234333,-284.08020507999
1790281591,149151066,22.543004989624023,-300.9900207519531,16.102681887212658,-284.05083054184183
1790281591,249229464,22.635751724243164,-300.9898681640625,16.076153422158693,-284.0255339830109
1790281591,349182834,22.741779327392578,-300.9897766113281,16.045216031687193,-283.99589639380594
1790281591,449294652,22.834579467773438,-300.9897766113281,16.018469784626742,-283.97015813425793
1790281591,549171753,22.940675735473633,-300.9898986816406,15.987565099312507,-283.94028875335465
1790281591,649211292,23.033536911010742,-300.9900817871094,15.960302213397343,-283.91382566170955
1790281591,749288661,23.126426696777344,-300.9903259277344,15.93381758793786,-283.88802080610435
1790281591,849219181,23.232629776000977,-300.99072265625,15.903541578632796,-283.8584094241836
1790281591,949289980,23.3388671875,-300.9911804199219,15.877220312552913,-283.8325712424627
1790281592,49205720,23.431854248046875,-300.99163818359375,15.846605499697839,-283.80241888812515
1790281592,149134931,23.538162231445312,-300.99224853515625,15.81698583002686,-283.77315178562753
1790281592,249189460,23.631206512451172,-300.9927978515625,15.79076666100167,-283.7471740169049
1790281592,349194719,23.737573623657227,-300.9934997558594,15.761828669938666,-283.7184329472694
1790281592,449207109,23.84386444091797,-300.9942321777344,15.732707469742605,-283.6894439732334
1790281592,549156989,23.949993133544922,-300.9949951171875,15.704217382370537,-283.6610296872546
1790281592,649271477,24.042753219604492,-300.9956970214844,15.677772142597625,-283.6346188002805
1790281592,749211537,24.148679733276367,-300.9964904785156,15.64921352733543,-283.60606728457554
1790281592,849206426,24.25429344177246,-300.997314453125,15.621061460403025,-283.5779019520764
1790281592,949179086,24.358570098876953,-300.9980773925781,15.59250321248901,-283.54932375844805
1790281593,49161136,24.46019172668457,-300.9987487792969,15.564962129576854,-283.5217680057551
1790281593,149265814,24.546058654785156,-300.99920654296875,15.541766573775776,-283.49856447138876
1790281593,249228044,24.639921188354492,-300.99951171875,15.515573809253919,-283.47236291845945
1790281593,349227664,24.728574752807617,-300.9995422363281,15.491879519883055,-283.44865114860437
1790281593,449200814,24.81150245666504,-300.9992370605469,15.47189452353879,-283.42863167803154
1790281593,549236933,24.87906265258789,-300.9986267089844,15.4506412751256,-283.40731300441576
1790281593,649252692,24.95030403137207,-300.9975280761719,15.431351568057641,-283.38792488988304
1790281593,749210042,25.01499366760254,-300.9959716796875,15.413927661085047,-283.3703685459765
1790281593,849095693,25.0730037689209,-300.99395751953125,15.400020261323148,-283.3563220621867
1790281593,949218141,25.118236541748047,-300.9918212890625,15.38588602603175,-283.3420276025871
1790281594,49226520,25.163602828979492,-300.9889831542969,15.373734835653838,-283.3297407162666
1790281594,149272389,25.20224952697754,-300.9857482910156,15.363635778642823,-283.31956586117593
1790281594,249244689,25.234254837036133,-300.9822082519531,15.355036396648655,-283.311002546785
1790281594,349091251,25.259723663330078,-300.97845458984375,15.348607045103414,-283.3047603640084
1790281594,449233019,25.27676773071289,-300.97503662109375,15.34288192969145,-283.29948905534843
1790281594,549197738,25.290416717529297,-300.9710998535156,15.338839122429553,-283.2962078375657
1790281594,649293317,25.298059463500977,-300.96722412109375,15.336065051895767,-283.29464616625256
1790281594,749196977,25.299945831298828,-300.9635925292969,15.334582645598658,-283.29483281267323
1790281594,849210177,25.296375274658203,-300.96026611328125,15.334177647184758,-283.29674110883354
1790281594,949246996,25.2890567779541,-300.957763671875,15.334651776121785,-283.29995209240127
1790281595,49223215,25.276304244995117,-300.9554138183594,15.335879566047637,-283.30475049365594
1790281595,149301624,25.261695861816406,-300.9539489746094,15.337677427353018,-283.3107465283244
1790281595,249182445,25.24156951904297,-300.9530029296875,15.340094655684245,-283.3184285623666
1790281595,349222924,25.21836280822754,-300.95294189453125,15.342796353280228,-283.3270570583089
1790281595,449214673,25.19601821899414,-300.95361328125,15.345289342984362,-283.33527949276873
1790281595,549225733,25.168704986572266,-300.955322265625,15.348151100088723,-283.3452246542033
1790281595,649201353,25.14008903503418,-300.9579772949219,15.351043553603967,-283.3559924817867
1790281595,749487888,25.11075782775879,-300.96160888671875,15.353687268748356,-283.3666643764093
1790281595,849198042,25.081270217895508,-300.96600341796875,15.356047372139512,-283.37744097412474
1790281595,949256820,25.052160263061523,-300.9700927734375,15.35768260971323,-283.38812196142317
1790281596,49144501,25.020448684692383,-300.9723815917969,15.357988032574625,-283.3998580329025
1790281596,149182960,24.993627548217773,-300.97064208984375,15.356329105645594,-283.40964912729896
1790281596,249552965,24.96843910217285,-300.9638671875,15.352396594227885,-283.41845738416384
1790281596,349217679,24.94515037536621,-300.95098876953125,15.34615099594082,-283.42569635190176
1790281596,449325746,24.923967361450195,-300.9310607910156,15.337131604945048,-283.43138419445273
1790281596,549126789,24.902854919433594,-300.89923095703125,15.323689473467043,-283.4353259718502
1790281596,649216237,24.88663101196289,-300.862060546875,15.30863814076346,-283.4364102277543
1790281596,749209867,24.872882843017578,-300.8164367675781,15.290758813499176,-283.4349442059313
1790281596,849338835,24.861665725708008,-300.762451171875,15.270491430357584,-283.430781495528
1790281596,949288416,24.853015899658203,-300.7003479003906,15.247461374891174,-283.4236933625653
1790281597,49135377,24.84694480895996,-300.6304931640625,15.222348724803032,-283.4138019977871
1790281597,149164256,24.84345245361328,-300.5533142089844,15.196108282914475,-283.4014726625723
1790281597,249155056,24.842519760131836,-300.4695739746094,15.17149048936104,-283.3883776886349
1790281597,349266774,24.84377670288086,-300.3914794921875,15.142288322834073,-283.37124263895174
1790281597,449212654,24.847522735595703,-300.2974548339844,15.112744454292425,-283.3524257366883
1790281597,549251713,24.853647232055664,-300.1990051269531,15.081880787832134,-283.33143204025833
1790281597,649225003,24.86323356628418,-300.0839538574219,15.047134754162661,-283.30652694048297
1790281597,749216453,24.872533798217773,-299.99188232421875,15.019267180981169,-283.2857973230756
1790281597,849244882,24.884979248046875,-299.8844909667969,14.986053691740572,-283.26051400364923
1790281597,949171443,24.90105438232422,-299.7616882324219,14.950318064279468,-283.23290709182413
1790281598,49198852,24.91693687438965,-299.65130615234375,14.91725044796471,-283.20729157102136
1790281598,149124172,24.93406867980957,-299.54010009765625,14.884040616495891,-283.1817709167118
1790281598,249173751,24.952186584472656,-299.428466796875,14.849971353763435,-283.15604772491827
1790281598,349171151,24.97101593017578,-299.3166809082031,14.81595224582469,-283.1310527004171
1790281598,449171740,24.99027442932129,-299.20501708984375,14.780946838955026,-283.10625161675847
1790281598,549224899,25.007253646850586,-299.1075744628906,14.749976652870586,-283.08521247488324
1790281598,649246268,25.02655029296875,-298.9966735839844,14.714327971786435,-283.0621854175075
1790281598,749218618,25.04546356201172,-298.8863830566406,14.678005538943191,-283.0401742924389
1790281598,849714201,25.065946578979492,-298.7631530761719,14.639344373892191,-283.0185117248552
1790281598,949745140,25.083166122436523,-298.6545104980469,14.603097731027535,-282.9999655442856
1790281599,49295736,25.099206924438477,-298.54681396484375,14.566097045046012,-282.982744463288
1790281599,149248286,25.11385154724121,-298.44000244140625,14.529951377420668,-282.96766736665006
1790281599,249174807,25.1284236907959,-298.32086181640625,14.493554142726657,-282.9542810929953
1790281599,349209386,25.13950538635254,-298.2157897949219,14.453571067737734,-282.94164915079807
1790281599,449291804,25.1486873626709,-298.11151123046875,14.417160117473546,-282.93204268568076
1790281599,549131696,25.156620025634766,-297.9951171875,14.376203542913672,-282.9233234482703
1790281599,649211624,25.161460876464844,-297.89239501953125,14.338983119078254,-282.9172421708905
1790281599,749211464,25.1641845703125,-297.790283203125,14.301158438320332,-282.91273739460746
1790281599,849211483,25.164785385131836,-297.6888122558594,14.264474245589856,-282.90997456716946
1790281599,949230343,25.16329002380371,-297.5877990722656,14.227376203900723,-282.90869167925536
1790281600,49175253,25.15919303894043,-297.474609375,14.186330774260266,-282.90894936522193
1790281600,149221322,25.153514862060547,-297.3742980957031,14.15008861807163,-282.9105395733285
1790281600,249198972,25.14605712890625,-297.2742614746094,14.113846976690954,-282.9133013000268
1790281600,349215681,25.136978149414062,-297.17449951171875,14.076791102294088,-282.91715796184263
1790281600,449239270,25.12645149230957,-297.074951171875,14.04041023670525,-282.9218437019683
1790281600,549195880,25.113115310668945,-296.9631042480469,14.000027310377543,-282.927901440339
1790281600,649225739,25.10015296936035,-296.8638916015625,13.964741324337208,-282.9337897966831
1790281600,749215849,25.086362838745117,-296.7648620605469,13.928843267570386,-282.94018961537677
1790281600,849150849,25.07011604309082,-296.65362548828125,13.889107164211284,-282.94756348133853
1790281600,949156109,25.05525016784668,-296.5548400878906,13.852832231989012,-282.9543881873138
1790281601,49134419,25.040189743041992,-296.4561767578125,13.815383090779314,-282.96137500866877
1790281601,149234377,25.025127410888672,-296.3576354980469,13.779864512320298,-282.9677999621436
1790281601,249223947,25.0102481842041,-296.2591247558594,13.743817939835928,-282.97398467601556
1790281601,349238406,24.995718002319336,-296.1607360839844,13.707903991758608,-282.979696822802
1790281601,449259055,24.979991912841797,-296.0501403808594,13.667810248389518,-282.9853994339088
1790281601,549178226,24.966726303100586,-295.951904296875,13.632260906302331,-282.98974543232737
1790281601,649227864,24.954265594482422,-295.8537902832031,13.595644181229899,-282.99346393896514
1790281601,749490980,24.94272804260254,-295.7558288574219,13.559265057351164,-282.9963058578303
1790281601,849550259,24.932218551635742,-295.6579895019531,13.523211324016321,-282.99824252669083
1790281601,949199133,24.922822952270508,-295.56024169921875,13.487358599660277,-282.99921490001805
1790281602,49159543,24.913677215576172,-295.45025634765625,13.446908801055393,-282.9991260239031
1790281602,149188622,24.90687370300293,-295.3525390625,13.410807427828749,-282.9979679158049
1790281602,249240761,24.901363372802734,-295.2548828125,13.3753278853172,-282.9957872534742
1790281602,349221751,24.897171020507812,-295.1573486328125,13.3403284533296,-282.99260120523763
1790281602,449129852,24.894041061401367,-295.0476989746094,13.300703164937973,-282.98775012113765
1790281602,549220150,24.892667770385742,-294.95025634765625,13.266072733144231,-282.98243795363055
1790281602,649225309,24.892595291137695,-294.8528747558594,13.23050040145703,-282.97595959903015
1790281602,749336747,24.893783569335938,-294.7556457519531,13.19560600140529,-282.9686234691157
1790281602,849254228,24.896181106567383,-294.658447265625,13.161383355809052,-282.96051986957104
1790281602,949124349,24.900232315063477,-294.54913330078125,13.12227329565333,-282.9502116907845
1790281603,49236277,24.904945373535156,-294.451904296875,13.088413618252442,-282.94044301002054
1790281603,149278616,24.910600662231445,-294.3547058105469,13.054355326142728,-282.9298886346569
1790281603,249223966,24.917098999023438,-294.2575988769531,13.020249537327972,-282.91864274834273
1790281603,349222736,24.92432403564453,-294.1604919433594,12.98681498450078,-282.9070454479054
1790281603,449274655,24.933181762695312,-294.05120849609375,12.949846104437169,-282.89366674502054
1790281603,549250084,24.94156837463379,-293.9541015625,12.916845006938273,-282.8813150487675
1790281603,649254694,24.9503173828125,-293.8570861816406,12.883875786757072,-282.86867826809925
1790281603,749178144,24.96044158935547,-293.7479553222656,12.84652993221413,-282.85413012674945
1790281603,849145134,24.96956443786621,-293.65093994140625,12.812289790975655,-282.84068071127723
1790281603,949224033,24.978689193725586,-293.5538330078125,12.779469439980382,-282.82778089897425
1790281604,49204583,24.987709045410156,-293.4567565917969,12.746972535464648,-282.8150803970905
1790281604,149264411,24.996522903442383,-293.3597412109375,12.713676689594694,-282.80221971272715
1790281604,249203992,25.006078720092773,-293.2506103515625,12.676190020040588,-282.78802047404713
1790281604,349200461,25.01416015625,-293.1536560058594,12.644075414332178,-282.77616958463085
1790281604,449270520,25.021770477294922,-293.05682373046875,12.610918750791411,-282.76428933739425
1790281604,549137091,25.029685974121094,-292.9479064941406,12.573281208022152,-282.7513134660178
1790281604,649217039,25.03608512878418,-292.85107421875,12.53992913625923,-282.74031660993643
1790281604,749208219,25.041833877563477,-292.75433349609375,12.506398654553248,-282.7297711090071
1790281604,849212969,25.046892166137695,-292.6576232910156,12.471967262200991,-282.71949239050645
1790281604,949274887,25.051231384277344,-292.5609436035156,12.437698870710024,-282.70983424804797
1790281605,49097319,25.055225372314453,-292.4521179199219,12.398937079826451,-282.699618973126
1790281605,149182217,25.05797576904297,-292.3553161621094,12.364512351752339,-282.6911801762545
1790281605,249236836,25.060165405273438,-292.2463684082031,12.330339065183285,-282.68340918510285
1790281605,349306075,25.061214447021484,-292.16168212890625,12.296104348083468,-282.67621933776564
1790281605,449200965,25.061737060546875,-292.0527038574219,12.257148445641013,-282.66872655303996
1790281605,549201015,25.061447143554688,-291.9557800292969,12.222859709118277,-282.6627347607375
1790281605,649269104,25.06048011779785,-291.85882568359375,12.188322660898129,-282.6572471585856
1790281605,749178454,25.05863380432129,-291.7497863769531,12.149602162142669,-282.6517039317532
1790281605,849178944,25.056365966796875,-291.65283203125,12.113997014750506,-282.6471323787288
1790281605,949219002,25.053565979003906,-291.5557861328125,12.079107412799344,-282.64310432480005
1790281606,49242472,25.05028533935547,-291.4587097167969,12.04281327324293,-282.63933531080716
1790281606,149273621,25.046586990356445,-291.3616943359375,12.007858371882643,-282.63607591699343
1790281606,249346009,25.042530059814453,-291.2646179199219,11.971759456839322,-282.63304543836006
1790281606,349217911,25.037612915039062,-291.15533447265625,11.936094191769339,-282.6303326583147
1790281606,449182730,25.033002853393555,-291.05804443359375,11.896308599266344,-282.6275874271269
1790281606,549203700,25.028226852416992,-290.96063232421875,11.860735251924192,-282.62533081918957
1790281606,649288758,25.02334976196289,-290.8631591796875,11.825202839451405,-282.623214764596
1790281606,749236849,25.018430709838867,-290.76568603515625,11.789630861650876,-282.62119192257023
1790281606,849104000,25.012914657592773,-290.6559753417969,11.749360510174197,-282.618959199574
1790281606,949243747,25.008085250854492,-290.558349609375,11.714449320725125,-282.6170258832838
1790281607,49272926,25.00337791442871,-290.46075439453125,11.679277746216913,-282.6150397201596
1790281607,149142528,24.99828338623047,-290.3509826660156,11.639763842394208,-282.61271467465497
1790281607,249247146,24.993980407714844,-290.2533874511719,11.60487550211494,-282.61053932843754
1790281607,349237975,24.989925384521484,-290.1558837890625,11.569234857738754,-282.60816498424066
1790281607,449234865,24.98615264892578,-290.0584716796875,11.53348043137865,-282.6056019033825
1790281607,549149806,24.98227882385254,-289.94891357421875,11.49387565282046,-282.6025131922024
1790281607,649241994,24.979188919067383,-289.8515319824219,11.458743121489634,-282.59952524072145
1790281607,749211004,24.976449966430664,-289.75421142578125,11.422941416537736,-282.59622371711106
1790281607,849251373,24.974077224731445,-289.656982421875,11.387243174945505,-282.59265736852615
1790281607,949260132,24.972076416015625,-289.55975341796875,11.354163677509739,-282.58908961102367
1790281608,49255232,24.970455169677734,-289.4625244140625,11.316158944209791,-282.58467165199374
1790281608,149125933,24.96908187866211,-289.35308837890625,11.275922996430722,-282.5796176697671
1790281608,249160102,24.96826171875,-289.25567626953125,11.240240346727719,-282.574806456156
1790281608,349217921,24.967805862426758,-289.158203125,11.204960320380021,-282.5697421215246
1790281608,449221380,24.96770477294922,-289.0606689453125,11.169001755250425,-282.56426870331967
1790281608,549198520,24.967947006225586,-288.9631652832031,11.134324555869018,-282.5586972062479
1790281608,649252299,24.9685115814209,-288.8656921386719,11.098647154099847,-282.5526708354261
1790281608,749172410,24.969507217407227,-288.75592041015625,11.059694429572938,-282.5457636145902
1790281608,849219039,24.970687866210938,-288.6582946777344,11.025552670532434,-282.5394331523414
1790281608,949239078,24.972122192382812,-288.5606689453125,10.990735022310403,-282.5327317524574
1790281609,49166129,24.97378158569336,-288.4631042480469,10.955408329356594,-282.5256995176193
1790281609,149133689,24.97588539123535,-288.3533630371094,10.915724171259571,-282.5175504719884
1790281609,249190228,24.977933883666992,-288.2557678222656,10.880628422557933,-282.5101459760858
1790281609,349199257,24.980121612548828,-288.1582336425781,10.846591384081584,-282.50280295499186
1790281609,449209297,24.982711791992188,-288.0486145019531,10.81234008345153,-282.4952715183935
1790281609,549191246,24.985095977783203,-287.9512023925781,10.773467381658804,-282.4865860551378
1790281609,649228455,24.987531661987305,-287.8539123535156,10.738755621673386,-282.4787326441616
1790281609,749196595,24.989990234375,-287.7567443847656,10.703438398808462,-282.47067267582884
1790281609,849239074,24.99244499206543,-287.65960693359375,10.668631654353135,-282.46268581038623
1790281609,949292763,24.994871139526367,-287.5625,10.633650149031137,-282.4546379612677
1790281610,49150945,24.997539520263672,-287.45318603515625,10.59517264776193,-282.44578904774085
1790281610,149168064,24.999832153320312,-287.35595703125,10.560161099375145,-282.4377641163501
1790281610,249200163,25.00202751159668,-287.25860595703125,10.52493924943279,-282.42973776882536
1790281610,349239842,25.004112243652344,-287.1612548828125,10.48996224986252,-282.42183123965316
1790281610,449223512,25.006065368652344,-287.06390380859375,10.45489318846644,-282.4139852446071
1790281610,549228611,25.007877349853516,-286.966552734375,10.42001374288086,-282.40627868585955
1790281610,649142582,25.00953483581543,-286.8691711425781,10.385132098248997,-282.3986851162875
1790281610,749263340,25.011201858520508,-286.7594909667969,10.345402270850105,-282.39018591020346
1790281610,849301889,25.012495040893555,-286.6620788574219,10.310607851470932,-282.3828858911939
1790281610,949194120,25.01357650756836,-286.5658264160156,10.276053740666148,-282.3757814133706
1790281611,49237039,25.014394760131836,-286.4720153808594,10.241583023307763,-282.36884525250525
1790281611,149160099,25.014892578125,-286.3816223144531,10.207702359435306,-282.36218054747536
1790281611,249172539,25.015010833740234,-286.2955627441406,10.175792507175037,-282.3560473616661
1790281611,349255057,25.01468849182129,-286.21441650390625,10.146820862330792,-282.3506103410825
1790281611,449258427,25.013879776000977,-286.1387023925781,10.11985117807595,-282.3456667651627
1790281611,549261856,25.01254653930664,-286.06878662109375,10.095268221272017,-282.34126677218546
1790281611,649173447,25.010395050048828,-285.9974060058594,10.069534250086608,-282.33677939750044
1790281611,749166957,25.00789451599121,-285.9405517578125,10.048995450518643,-282.3333017136484
1790281611,849226635,25.00485610961914,-285.89007568359375,10.030942624754205,-282.3303444819119
1790281611,949219215,25.00131607055664,-285.84600830078125,10.015263454318019,-282.3278860430871
1790281612,49175495,24.996795654296875,-285.8040466308594,10.000311834018392,-282.3257020215358
1790281612,149304493,24.99237823486328,-285.7734680175781,9.98927728837971,-282.32427836428224
1790281612,249248444,24.9876766204834,-285.7491455078125,9.980333535438543,-282.32336755504144
1790281612,349270443,24.9827938079834,-285.73089599609375,9.973701718777033,-282.3230166348315
1790281612,449236223,24.977846145629883,-285.71856689453125,9.968811336966343,-282.3232391481574
1790281612,549263612,24.97295570373535,-285.71197509765625,9.965949243541358,-282.3240779130604
1790281612,649247671,24.96825408935547,-285.7108154296875,9.964948413687138,-282.325606985581
1790281612,749251301,24.96387481689453,-285.7148742675781,9.965744024149146,-282.3278190527879
1790281612,849178821,24.95995330810547,-285.7237548828125,9.96821361425183,-282.33080205646337
1790281612,949172121,24.956613540649414,-285.7370300292969,9.972051841171767,-282.33441772168067
1790281613,49159501,24.953977584838867,-285.7541809082031,9.977092650724156,-282.3386950330762
1790281613,149267878,24.95233154296875,-285.7719421386719,9.982488182784857,-282.3430923300704
1790281613,249293017,24.95128059387207,-285.7948913574219,9.989190807907027,-282.34849836348485
1790281613,349256497,24.95118522644043,-285.8200378417969,9.996655568420863,-282.35456574387774
1790281613,449261256,24.95208740234375,-285.84686279296875,10.004501435301712,-282.3610655956431
1790281613,549478343,24.954004287719727,-285.874755859375,10.012545718230731,-282.3679130629275
1790281613,649233236,24.95693016052246,-285.9031677246094,10.020632709084824,-282.37501428486394
1790281613,749248975,24.960826873779297,-285.9316101074219,10.02868004918955,-282.3823162179442
1790281613,849248975,24.965490341186523,-285.9595642089844,10.036385418933547,-282.38963243981294
1790281613,949247264,24.969812393188477,-285.986572265625,10.043350438664877,-282.39708364723884
1790281614,49252884,24.972200393676758,-286.0122985839844,10.049063659066634,-282.4049070210238
1790281614,149251844,24.971105575561523,-286.03631591796875,10.052832576147331,-282.4129702851777
1790281614,249214624,24.965097427368164,-286.0584716796875,10.054227704409817,-282.42144921358016
1790281614,349235473,24.952917098999023,-286.0784912109375,10.052766128209978,-282.43016559472505
1790281614,449223503,24.93352699279785,-286.09625244140625,10.048004215653435,-282.4389570810079
1790281614,549216363,24.906152725219727,-286.1116638183594,10.039714086440132,-282.4476698079139
1790281614,649175813,24.87029266357422,-286.1246643066406,10.027721247345388,-282.4560165198388
1790281614,749218152,24.825725555419922,-286.1352233886719,10.012150159119834,-282.46368718625155
1790281614,849132422,24.772491455078125,-286.1433410644531,9.992522444296092,-282.4707310043846
1790281614,949244990,24.718923568725586,-286.1484375,9.972304607589258,-282.4761167092807
1790281615,49520446,24.650039672851562,-286.1519775390625,9.946370029332659,-282.4811809289143
1790281615,149292099,24.57359504699707,-286.15313720703125,9.917328105950226,-282.48508233464855
1790281615,249198860,24.49031639099121,-286.1519775390625,9.885804091656668,-282.4877749540782
1790281615,349188879,24.4009952545166,-286.1485595703125,9.851980748882289,-282.4893106790721
1790281615,449222408,24.30643653869629,-286.1429443359375,9.815768514204143,-282.48977134757723
1790281615,549132829,24.20743751525879,-286.13525390625,9.777335560561767,-282.48926494811815
1790281615,649205467,24.10464096069336,-286.1256408691406,9.739150139310311,-282.48800638037767
1790281615,749148168,23.99881362915039,-286.11419677734375,9.699334014304064,-282.48611695959124
1790281615,849181767,23.890687942504883,-286.1011047363281,9.657594779802242,-282.4837456486724
1790281615,949220076,23.780725479125977,-286.0865783691406,9.616090144352796,-282.4812092490243
1790281616,49227455,23.683353424072266,-286.0728454589844,9.578259150738637,-282.4789106127657
1790281616,149278534,23.5711669921875,-286.05615234375,9.534703052107792,-282.47646044046536
1790281616,249221744,23.458423614501953,-286.03863525390625,9.49124699504508,-282.4744016240568
1790281616,349263783,23.345470428466797,-286.02056884765625,9.448993375524948,-282.47296883064115
1790281616,449253243,23.23259735107422,-286.00213623046875,9.406127766251252,-282.4722675024585
1790281616,549285102,23.120040893554688,-285.9836730957031,9.363202723698494,-282.47248234349547
1790281616,649246232,23.00798225402832,-285.9653625488281,9.320632715410888,-282.473764835492
1790281616,749227522,22.896556854248047,-285.947509765625,9.27768864008338,-282.476286744847
1790281616,849331610,22.785863876342773,-285.93035888671875,9.235584575171362,-282.4800830437575
1790281616,949236851,22.675966262817383,-285.9140930175781,9.193934976023742,-282.4852949228125
1790281617,49195061,22.566892623901367,-285.89898681640625,9.15216417497416,-282.4920894168322
1790281617,149166031,22.458534240722656,-285.8852233886719,9.11135253698171,-282.5003800064905
1790281617,249257569,22.36425018310547,-285.8743896484375,9.076033802332116,-282.5089815827242
1790281617,349224689,22.257089614868164,-285.86358642578125,9.036708131470759,-282.52021722952475
1790281617,449254338,22.15055274963379,-285.85455322265625,8.998721233573667,-282.53286362516985
1790281617,549270887,22.04461097717285,-285.8473815917969,8.960797162692923,-282.5473435263904
1790281617,649238937,21.939224243164062,-285.8421936035156,8.923878179551416,-282.56330706723196
1790281617,749157928,21.834341049194336,-285.8389892578125,8.887418634995418,-282.5809639516287
1790281617,849245556,21.742952346801758,-285.8378601074219,8.855454382765018,-282.597993505761
1790281617,949235596,21.6387882232666,-285.83843994140625,8.820488177110432,-282.618335037175
1790281618,49212296,21.53480339050293,-285.8409729003906,8.787015457588351,-282.6395447509294
1790281618,149186876,21.430988311767578,-285.84539794921875,8.754055297221909,-282.6621010113324
1790281618,249183265,21.327335357666016,-285.8515930175781,8.721785475902337,-282.6857555990373
1790281618,349217744,21.236679077148438,-285.8583679199219,8.693307595366546,-282.70784583951746
1790281618,449229854,21.133033752441406,-285.8675537109375,8.662628276703217,-282.73284863088116
1790281618,549276303,21.029386520385742,-285.8780517578125,8.63218989130783,-282.75880222151585
1790281618,649288782,20.9387264251709,-285.8882141113281,8.604044686176877,-282.7836501832956
1790281618,749438549,20.835063934326172,-285.9007568359375,8.576229994065814,-282.808836669721
1790281618,849234182,20.74419403076172,-285.91241455078125,8.546316160296138,-282.8364789899218
1790281618,949237381,20.640127182006836,-285.9263000488281,8.516674176774357,-282.8642682425172
1790281619,49228721,20.535932540893555,-285.940673828125,8.487712139283552,-282.8916093800916
1790281619,149202631,20.431692123413086,-285.9552917480469,8.458734740175451,-282.9189565201472
1790281619,249174061,20.327472686767578,-285.969970703125,8.42891524671064,-282.94689152198123
1790281619,349197410,20.223222732543945,-285.9845886230469,8.399769272270998,-282.9738116339289
1790281619,449261348,20.131975173950195,-285.99713134765625,8.373769731725432,-282.99736849556217
1790281619,549239378,20.0277156829834,-286.0111083984375,8.344185725361557,-283.02351710083263
1790281619,649226288,19.923553466796875,-286.0245361328125,8.313466393876093,-283.0498466736628
1790281619,749214497,19.819541931152344,-286.03729248046875,8.282209675995945,-283.0756807437014
1790281619,849238207,19.71572494506836,-286.0492248535156,8.25137681856126,-283.10013785620436
1790281619,949211366,19.61213493347168,-286.06024169921875,8.22050515328555,-283.1235484747968
1790281620,49164387,19.508800506591797,-286.07025146484375,8.188009377315806,-283.14698579037815
1790281620,149171216,19.405731201171875,-286.07916259765625,8.15620461970944,-283.1687228033577
1790281620,249172555,19.302820205688477,-286.0869445800781,8.123063842998361,-283.1901418401995
1790281620,349129906,19.20001220703125,-286.0934753417969,8.09013365011514,-283.21016977586356
1790281620,449224344,19.11017608642578,-286.0981750488281,8.059931455352045,-283.22748353009473
1790281620,549308262,19.007646560668945,-286.1023254394531,8.026001644221132,-283.2457835255736
1790281620,649289392,18.905290603637695,-286.1051940917969,7.991749316121926,-283.26304502449625
1790281620,749265992,18.80312156677246,-286.1067810058594,7.956121178077274,-283.27979729980666
1790281620,849279221,18.701143264770508,-286.1070861816406,7.920560051413401,-283.2953790605352
1790281620,949212371,18.599355697631836,-286.10614013671875,7.8848488308149545,-283.3099282420691
1790281621,49285810,18.49775505065918,-286.10400390625,7.849730644602192,-283.3232487072628
1790281621,149248360,18.39633560180664,-286.1007385253906,7.813319478527528,-283.33609889216314
1790281621,249186130,18.295089721679688,-286.096435546875,7.77714653105417,-283.3479890180664
1790281621,349201640,18.194005966186523,-286.09112548828125,7.739936031546886,-283.35941481838114
1790281621,449235269,18.105600357055664,-286.0858154296875,7.706616793381025,-283.3690553214269
1790281621,549331017,18.0045223236084,-286.0789794921875,7.670163778285811,-283.3790213472072
1790281621,649421315,17.890792846679688,-286.0705261230469,7.633254798341482,-283.38857793982777
1790281621,749237627,17.802364349365234,-286.0634765625,7.596237060656004,-283.39772015897205
1790281621,849239247,17.701322555541992,-286.05499267578125,7.558430524480339,-283.4067065247441
1790281621,949199586,17.600326538085938,-286.0462341308594,7.5212095907622905,-283.41530000379163
1790281622,49234916,17.4993896484375,-286.0372314453125,7.484063639882404,-283.42370698756014
1790281622,149245945,17.39851951599121,-286.0281677246094,7.447071229917919,-283.43200486974786
1790281622,249197015,17.2977237701416,-286.0191345214844,7.410247303311078,-283.44027312787756
1790281622,349212464,17.19700813293457,-286.01019287109375,7.372430628078526,-283.4488559846878
1790281622,449194264,17.096372604370117,-286.0014953613281,7.335009248093224,-283.4575189324373
1790281622,549460180,16.995820999145508,-285.9930725097656,7.297666959830972,-283.46640555494577
1790281622,649141084,16.89535140991211,-285.9850769042969,7.260240325625155,-283.4756242693123
1790281622,749233072,16.80742073059082,-285.97845458984375,7.227159347199283,-283.4840859057381
1790281622,849260581,16.70682716369629,-285.97137451171875,7.190131948167638,-283.49395755745496
1790281622,949157092,16.60616111755371,-285.96490478515625,7.154372378967352,-283.50396054900125
1790281623,49262530,16.50545310974121,-285.95904541015625,7.117293232720467,-283.5148588397846
1790281623,149285159,16.40472412109375,-285.953857421875,7.080437768979015,-283.5262548125052
1790281623,249232739,16.303993225097656,-285.9493713378906,7.043963298219352,-283.53813005212976
1790281623,349174150,16.203271865844727,-285.9456481933594,7.006423009129721,-283.55098519974734
1790281623,449215219,16.102453231811523,-285.942626953125,6.974437961688886,-283.5624585184333
1790281623,549238948,16.01412582397461,-285.94061279296875,6.9385372386791,-283.57595194060497
1790281623,649236877,15.913066864013672,-285.93902587890625,6.902785719776959,-283.59003748270595
1790281623,749267786,15.811933517456055,-285.93817138671875,6.867552611026075,-283.60455994866345
1790281623,849258386,15.710753440856934,-285.9380187988281,6.831991124817179,-283.6198737581329
1790281623,949199386,15.609551429748535,-285.9385986328125,6.797171989217883,-283.6354907585493
1790281624,49207596,15.508344650268555,-285.9397888183594,6.762584134671995,-283.6516086046374
1790281624,149254545,15.407150268554688,-285.9416198730469,6.728164270715801,-283.66823057887854
1790281624,249186895,15.305978775024414,-285.94403076171875,6.694199096318625,-283.68517391224015
1790281624,349200054,15.204839706420898,-285.94696044921875,6.659835552466398,-283.7028270756869
1790281624,449194454,15.103623390197754,-285.9503479003906,6.626585127038761,-283.7203715705461
1790281624,549197003,15.002392768859863,-285.95416259765625,6.592839414613221,-283.73859803578677
1790281624,649203463,14.901126861572266,-285.9582824707031,6.559698510020786,-283.75686172400634
1790281624,749200532,14.799884796142578,-285.96270751953125,6.52607834719304,-283.77571636447306
1790281624,849134513,14.698639869689941,-285.9673767089844,6.492827503991258,-283.7946319909679
1790281624,949223351,14.610000610351562,-285.9715576171875,6.463066936785651,-283.81173790825926
1790281625,49211961,14.508646011352539,-285.9764404296875,6.429619492821017,-283.8311170301482
1790281625,149280609,14.407273292541504,-285.98138427734375,6.396806182780469,-283.85023791689014
1790281625,249231049,14.305901527404785,-285.986328125,6.363119222216586,-283.8699270897352
1790281625,349209829,14.204546928405762,-285.9912109375,6.329883713344188,-283.8893581454093
1790281625,449192579,14.103225708007812,-285.9959716796875,6.297147323103834,-283.9084543462849
1790281625,549248318,14.00195026397705,-286.0005798339844,6.263358061007134,-283.92807363243924
1790281625,649200628,13.90073013305664,-286.0049743652344,6.230365827886069,-283.9470953150455
1790281625,749203007,13.79957389831543,-286.0091247558594,6.1977476824667574,-283.96572994560347
1790281625,849142198,13.698486328125,-286.0130310058594,6.1641281502955785,-283.9847249008818
1790281625,949172027,13.5973539352417,-286.0166015625,6.130652251200926,-284.00339177699976
1790281626,49137687,13.49612045288086,-286.0198669433594,6.097402711149511,-284.02166130879266
1790281626,149277134,13.407495498657227,-286.0224609375,6.0671812997559815,-284.0380143332669
1790281626,249211385,13.306169509887695,-286.0250549316406,6.033432248787047,-284.05598286242275
1790281626,349256934,13.204835891723633,-286.02728271484375,6.000041671173082,-284.07343175505866
1790281626,449285103,13.103517532348633,-286.0291442871094,5.965592260603381,-284.09108381030495
1790281626,549239683,13.002233505249023,-286.0306091308594,5.931141938287814,-284.10838166894473
1790281626,649256222,12.901000022888184,-286.0317077636719,5.896522981406067,-284.12540789606186
1790281626,749259792,12.799826622009277,-286.03240966796875,5.862231892752904,-284.14191669186465
1790281626,849401189,12.698724746704102,-286.03277587890625,5.827097340623868,-284.1584732803102
1790281626,949223171,12.597700119018555,-286.0327453613281,5.792600467984565,-284.17438559556894
1790281627,49201711,12.496756553649902,-286.03240966796875,5.757760071411015,-284.19011846717467
1790281627,149175611,12.395895004272461,-286.03173828125,5.723044610426666,-284.2054688400302
1790281627,249136811,12.294999122619629,-286.03076171875,5.6879930232420355,-284.2206620562376
1790281627,349182850,12.194010734558105,-286.0295104980469,5.653044007020588,-284.2355205659632
1790281627,449150010,12.092964172363281,-286.0279846191406,5.621891656238575,-284.2485405196538
1790281627,549426245,11.991889953613281,-286.0262756347656,5.586721425337313,-284.2630062887372
1790281627,649234718,11.903453826904297,-286.0245666503906,5.5512089579470585,-284.2773832952324
1790281627,749217607,11.802387237548828,-286.0224914550781,5.515898090067361,-284.29147528557786
1790281627,849216197,11.7013521194458,-286.0202941894531,5.480054723946973,-284.30559997658423
1790281627,949242426,11.600359916687012,-286.0179443359375,5.44432590759271,-284.31952716808064
1790281628,49499442,11.499420166015625,-286.0155334472656,5.409091459807089,-284.3331349692202
1790281628,149235405,11.398541450500488,-286.0130310058594,5.3730448691850015,-284.34695483805007
1790281628,249208155,11.297727584838867,-286.0105285644531,5.337375659087816,-284.36055538692165
1790281628,349156995,11.196982383728027,-286.0080261230469,5.301262930452167,-284.3742748986342
1790281628,449175004,11.096306800842285,-286.00555419921875,5.269402662365801,-284.386358345354
1790281628,549235003,11.008187294006348,-286.00341796875,5.233544567692959,-284.3999578861568
1790281628,649268132,10.907367706298828,-286.00103759765625,5.19852092645401,-284.4132629445089
1790281628,749231912,10.806472778320312,-285.9987487792969,5.162950476076101,-284.42681997199963
1790281628,849233562,10.705672264099121,-285.99658203125,5.127066758482763,-284.4405622964219
1790281628,949217231,10.60595989227295,-285.99456787109375,5.0918620983309975,-284.45412528127207
1790281629,49192411,10.508642196655273,-285.9927673339844,5.057016651165764,-284.4676418735004
1790281629,149271270,10.41481876373291,-285.9912414550781,5.024159726018982,-284.4804831398607
1790281629,249221740,10.32535457611084,-285.9901123046875,4.99308362257564,-284.4927220362009
1790281629,349202700,10.240917205810547,-285.9893798828125,4.963485613745946,-284.50446897564916
1790281629,449171519,10.162015914916992,-285.9891662597656,4.935388376449939,-284.5157076162547
1790281629,549162649,10.089030265808105,-285.9894714355469,4.910447227381244,-284.52576201504473
1790281629,649196288,10.02223014831543,-285.9903869628906,4.886711781524653,-284.5354080547376
1790281629,749238087,9.969002723693848,-285.9916687011719,4.867926132406636,-284.54310693579316
1790281629,849516003,9.914244651794434,-285.9936828613281,4.849144694908551,-284.55087952772533
1790281629,949211406,9.866021156311035,-285.9963073730469,4.8325732630815565,-284.5578297545596
1790281630,49242625,9.82433795928955,-285.9994812011719,4.817929205533095,-284.5640916477464
1790281630,149258885,9.78915786743164,-286.0031433105469,4.805959028597273,-284.56936525039526
1790281630,249173765,9.76039981842041,-286.0072021484375,4.795780451780585,-284.5740700038463
1790281630,349171925,9.737945556640625,-286.0116271972656,4.787929282761096,-284.57800533319966
1790281630,449199734,9.721641540527344,-286.0162353515625,4.782592748812022,-284.58109538941204
1790281630,549197994,9.711297988891602,-286.02093505859375,4.77937641684807,-284.5835710495792
1790281630,649173134,9.706686973571777,-286.0256042480469,4.778099724397457,-284.5856160756053
1790281630,749197003,9.707545280456543,-286.0301208496094,4.778786738435383,-284.58720634195555
1790281630,849242572,9.712538719177246,-286.0337829589844,4.780986794432284,-284.5883823737298
1790281630,949130513,9.724331855773926,-286.0379943847656,4.785568413338928,-284.58956529711
1790281631,49143322,9.739385604858398,-286.0411071777344,4.791307689248056,-284.5905019710713
1790281631,149161692,9.758184432983398,-286.04351806640625,4.798307959687646,-284.5914035841188
1790281631,249194250,9.780152320861816,-286.0450744628906,4.806825913928829,-284.5924031382427
1790281631,349351318,9.80150318145752,-286.04571533203125,4.814940520183249,-284.5933590416637
1790281631,449222759,9.82779598236084,-286.0455627441406,4.824798557923885,-284.59458921725013
1790281631,549684962,9.855533599853516,-286.04437255859375,4.835131252897333,-284.5960052337036
1790281631,649237708,9.887747764587402,-286.0418701171875,4.847030980819102,-284.59783357532507
1790281631,749198498,9.916670799255371,-286.0385437011719,4.85772738422463,-284.5996725555579
1790281631,849174948,9.945330619812012,-286.0345153808594,4.86830481798292,-284.6017769913142
1790281631,949196557,9.973244667053223,-286.0309753417969,4.87833841444395,-284.60448116220704
1790281632,49194976,9.999991416931152,-286.02947998046875,4.887782720236254,-284.6083407033822
1790281632,149156047,10.025215148925781,-286.03155517578125,4.8956590974683305,-284.6135111034684
1790281632,249173466,10.048630714416504,-286.03863525390625,4.901742899006232,-284.6203793623558
1790281632,349144216,10.070012092590332,-286.05194091796875,4.905581002616186,-284.6290446645835
1790281632,449173375,10.089188575744629,-286.0723571777344,4.90669392446057,-284.6394754378211
1790281632,549195904,10.106038093566895,-286.1006774902344,4.904861217537338,-284.65165624654225
1790281632,649465810,10.120476722717285,-286.1372985839844,4.900544087747027,-284.66407924732874
1790281632,749135694,10.132452011108398,-286.18255615234375,4.891219225687795,-284.68164342173776
1790281632,849144603,10.141937255859375,-286.2364501953125,4.8793764453141355,-284.69843955965916
1790281632,949247641,10.148188591003418,-286.2904357910156,4.865926322269742,-284.71439413049103
1790281633,49120453,10.153422355651855,-286.3688049316406,4.847696778702009,-284.7331281267347
1790281633,149130472,10.155448913574219,-286.4461975097656,4.823714715851084,-284.75474387478386
1790281633,249142581,10.155038833618164,-286.5301513671875,4.799221639425495,-284.7745578372897
1790281633,349238129,10.152725219726562,-286.6083984375,4.7750090293403105,-284.79261913749326
1790281633,449219369,10.147917747497559,-286.70257568359375,4.745571695032342,-284.81315632881365
1790281633,549225219,10.140898704528809,-286.8011474609375,4.714451095792114,-284.8335969188002
1790281633,649232488,10.131793022155762,-286.9033203125,4.681388688438637,-284.854297102031
1790281633,749228138,10.120746612548828,-287.0084533691406,4.646814638129845,-284.87517921954384
1790281633,849195938,10.107931137084961,-287.1158752441406,4.61181981864134,-284.8958014974878
1790281633,949209107,10.093539237976074,-287.2250671386719,4.575963934975152,-284.91666013253337
1790281634,49222596,10.077784538269043,-287.33551025390625,4.539730517693843,-284.93770542704834
1790281634,149257665,10.060898780822754,-287.44677734375,4.503354669864087,-284.95902885211655
1790281634,249217775,10.04312801361084,-287.5585021972656,4.46684074451059,-284.98085593390147
1790281634,349234254,10.024728775024414,-287.67034912109375,4.43078755883567,-285.0030479835528
1790281634,449220274,10.005966186523438,-287.7820739746094,4.394552425439104,-285.0262019495571
1790281634,549216294,9.987109184265137,-287.89349365234375,4.3598492940233555,-285.0494438435904
1790281634,649215613,9.968424797058105,-288.00439453125,4.325168396905877,-285.07395579843836
1790281634,749215013,9.950175285339355,-288.11468505859375,4.2916455579895025,-285.0990906097353
1790281634,849282741,9.932615280151367,-288.2242736816406,4.258872366145154,-285.12535128483773
1790281634,949211512,9.915985107421875,-288.3331298828125,4.227997197068898,-285.1518905818631
1790281635,49210911,9.900508880615234,-288.44122314453125,4.197581913333079,-285.1800883418056
1790281635,149218761,9.88638973236084,-288.54852294921875,4.168918917097281,-285.2088192041518
1790281635,249201190,9.873809814453125,-288.6550598144531,4.141591711184857,-285.23857823720397
1790281635,349217590,9.862926483154297,-288.76092529296875,4.116133238708563,-285.26878197755013
1790281635,449170180,9.853867530822754,-288.8660888671875,4.092450315096664,-285.2995484391846
1790281635,549218409,9.846735000610352,-288.9706726074219,4.070226970610579,-285.33120387513173
1790281635,649323877,9.841601371765137,-289.0747375488281,4.048911378358401,-285.3645883200993
1790281635,749214448,9.838509559631348,-289.1783142089844,4.029363040073344,-285.39834334414354
1790281635,849217047,9.837471961975098,-289.281494140625,4.011268052160559,-285.43284261982944
1790281635,949190377,9.838469505310059,-289.38433837890625,3.994468291115423,-285.4682481900849
1790281636,49214736,9.841444969177246,-289.48687744140625,3.979504291997603,-285.5031669965233
1790281636,149301425,9.846312522888184,-289.5892028808594,3.965744668527324,-285.5386990451304
1790281636,249177926,9.852953910827637,-289.69134521484375,3.9526802579211906,-285.57592990740307
1790281636,349195385,9.86122989654541,-289.7933044433594,3.940635773243739,-285.6136747353673
1790281636,449157385,9.870980262756348,-289.8952941894531,3.929950339049668,-285.650251400772
1790281636,549129905,9.882026672363281,-289.9973449707031,3.9197820360084887,-285.6879709458911
1790281636,649283193,9.894183158874512,-290.0994567871094,3.9114835502372514,-285.7208328137997
1790281636,749213463,9.90557861328125,-290.1888122558594,3.902425935107236,-285.7586564018958
1790281636,849218112,9.919289588928223,-290.29095458984375,3.8936893450975134,-285.796713469049
1790281636,949278501,9.933545112609863,-290.3930969238281,3.8851313879294915,-285.8349392568948
1790281637,49215292,9.948152542114258,-290.4952087402344,3.876681103559977,-285.872965282622
1790281637,149168622,9.962919235229492,-290.5972595214844,3.867792254553364,-285.91259522379244
1790281637,249133132,9.97766399383545,-290.6992492675781,3.8590417103182415,-285.9506239373158
1790281637,349170361,9.992213249206543,-290.8012390136719,3.8498807233998593,-285.9888633027154
1790281637,449218000,10.004654884338379,-290.89056396484375,3.841358205018483,-286.0227437981203
1790281637,549310678,10.020082473754883,-291.0054016113281,3.8315657730776733,-286.05951433805046
1790281637,649184149,10.031521797180176,-291.0946960449219,3.8209911118333557,-286.09662715178985
1790281637,749193678,10.043875694274902,-291.19671630859375,3.809547564536927,-286.1339926122761
1790281637,849221608,10.055350303649902,-291.2986145019531,3.7974054385119094,-286.1707858879173
1790281637,949237067,10.06584358215332,-291.4004211425781,3.7844818583899325,-286.20709200458725
1790281638,49265206,10.075267791748047,-291.5021057128906,3.770672774291865,-286.2430376046982
1790281638,149281905,10.083547592163086,-291.6036682128906,3.7560864972205694,-286.2782173722465
1790281638,249299124,10.09062385559082,-291.7050476074219,3.740796347290998,-286.312458774075
1790281638,349272054,10.096449851989746,-291.8062744140625,3.7238745620517677,-286.3476888255427
1790281638,449232415,10.100994110107422,-291.9073791503906,3.706280878939595,-286.3818710153427
1790281638,549206064,10.104241371154785,-292.00830078125,3.6876281282803847,-286.4157334763674
1790281638,649131295,10.10618782043457,-292.1091003417969,3.6679071584343745,-286.4493168239449
1790281638,749190913,10.106846809387207,-292.20989990234375,3.647707332530276,-286.48168400678327
1790281638,849200023,10.106247901916504,-292.31072998046875,3.6273623637130363,-286.5124426512817
1790281638,949300331,10.104437828063965,-292.4114685058594,3.6057138582473462,-286.5434308115362
1790281639,49198842,10.101475715637207,-292.5120544433594,3.5834296280897577,-286.5737687707236
1790281639,149153932,10.09743881225586,-292.61248779296875,3.5602049768576816,-286.6039650835712
1790281639,249173911,10.092411041259766,-292.712890625,3.536677837720281,-286.6333130224846
1790281639,349171421,10.086491584777832,-292.8133544921875,3.5123867298532785,-286.6625045616609
1790281639,449171850,10.07978343963623,-292.91387939453125,3.4876663016667138,-286.69125788369286
1790281639,549308078,10.072397232055664,-293.014404296875,3.4627376561052454,-286.7194578615424
1790281639,649150010,10.064448356628418,-293.11492919921875,3.437427164103982,-286.7474315090346
1790281639,749169199,10.056053161621094,-293.2154541015625,3.4119932695411466,-286.7750277434207
1790281639,849146399,10.047327041625977,-293.31585693359375,3.3865732622123077,-286.80222280498856
1790281639,949180068,10.038385391235352,-293.4160461425781,3.361006885112106,-286.8293161465776
1790281640,49212147,10.029341697692871,-293.5160827636719,3.335537476314169,-286.8561778786494
1790281640,149266566,10.020302772521973,-293.6159362792969,3.3097610769071557,-286.88335492684763
1790281640,249294535,10.011375427246094,-293.7156677246094,3.283751242845983,-286.91088749672326
1790281640,349294464,10.002655029296875,-293.8153076171875,3.25807925443072,-286.9382840103367
1790281640,449253934,9.994234085083008,-293.9148864746094,3.2321995697387695,-286.96623151157917
1790281640,549196284,9.98619556427002,-294.0143737792969,3.206473282738371,-286.99444514756374
1790281640,649194994,9.978615760803223,-294.1139221191406,3.181372707265578,-287.02249455248096
1790281640,749196053,9.971562385559082,-294.2134704589844,3.156752593080004,-287.0506221031923
1790281640,849197123,9.965092658996582,-294.3131103515625,3.1325605313767033,-287.0789386844499
1790281640,949145283,9.959257125854492,-294.4127197265625,3.1083862455183158,-287.10800094843637
1790281641,49170842,9.954096794128418,-294.5124206542969,3.084574311034381,-287.137459892364
1790281641,149149292,9.949642181396484,-294.6122131347656,3.061384247957416,-287.16704238367987
1790281641,249160461,9.945916175842285,-294.7121276855469,3.0389548986908514,-287.19657872010475
1790281641,349265019,9.943265914916992,-294.7995910644531,3.0188248437881473,-287.22392911580926
1790281641,449205460,9.940937042236328,-294.8996276855469,2.995611394638222,-287.2564421913358
1790281641,549204919,9.9395112991333,-294.9872131347656,2.9760276347107593,-287.28475541510835
1790281641,649216159,9.938572883605957,-295.08746337890625,2.9536128691754127,-287.31819532737313
1790281641,749202088,9.938353538513184,-295.18792724609375,2.9327489406924756,-287.35037410940214
1790281641,849231507,9.938827514648438,-295.2885437011719,2.913450018798175,-287.3811689750795
1790281641,949211557,9.939962387084961,-295.3893127441406,2.89359443050491,-287.41388858096656
1790281642,49213467,9.941717147827148,-295.49017333984375,2.8744268320733957,-287.44648243844676
1790281642,149267796,9.944045066833496,-295.59112548828125,2.855990926385779,-287.4787842675023
1790281642,249217096,9.94689655303955,-295.692138671875,2.837496660280495,-287.5121134815713
1790281642,349237035,9.950215339660645,-295.7931823730469,2.8197229459454367,-287.54498921562015
1790281642,449214625,9.953943252563477,-295.89422607421875,2.8020823786332,-287.5784086117853
1790281642,549219174,9.95802116394043,-295.99530029296875,2.784925713116655,-287.61161047755564
1790281642,649216604,9.962387084960938,-296.0963439941406,2.767492048155392,-287.6459741753679
1790281642,749224833,9.966979026794434,-296.1973571777344,2.7510215038158745,-287.67895305290233
1790281642,849250532,9.971736907958984,-296.2983703613281,2.733932795999807,-287.71360233690234
1790281642,949210212,9.97659969329834,-296.39935302734375,2.717453651941075,-287.7473361529145
1790281643,49217972,9.9815092086792,-296.5002746582031,2.70091059153484,-287.78142134853744
1790281643,149324310,9.986409187316895,-296.6011657714844,2.684363795859149,-287.8156285857468
1790281643,249212001,9.99124813079834,-296.7020263671875,2.6679545606994415,-287.8495658669055
1790281643,349215490,9.995975494384766,-296.8028259277344,2.651191806959412,-287.8841501253687
1790281643,449220690,10.000544548034668,-296.9035949707031,2.634257316071909,-287.91891165390217
1790281643,549209879,10.004915237426758,-297.0043029785156,2.6180208598664727,-287.9519832387108
1790281643,649197989,10.009547233581543,-297.1175537109375,2.6002310260834087,-287.98784697060415
1790281643,749200068,10.013374328613281,-297.2181396484375,2.583283846730576,-288.0215627072083
1790281643,849213948,10.016899108886719,-297.318603515625,2.5666340697202434,-288.0542262475761
1790281643,949210547,10.020096778869629,-297.4188232421875,2.54941146223818,-288.0874947755505
1790281644,49200827,10.02294921875,-297.51885986328125,2.531586826427897,-288.12135694256636
1790281644,149184327,10.025439262390137,-297.6187438964844,2.5137627193398386,-288.1546306516641
1790281644,249198776,10.027558326721191,-297.7184753417969,2.495794227585813,-288.1875546895025
1790281644,349197855,10.029298782348633,-297.8181457519531,2.477681515712243,-288.22010766931794
1790281644,449154316,10.030658721923828,-297.917724609375,2.4590407088064943,-288.25297490213507
1790281644,549199644,10.03164005279541,-298.01739501953125,2.440142857903733,-288.2856563126297
1790281644,649129285,10.032249450683594,-298.1171569824219,2.4209224451405804,-288.318257063297
1790281644,749126864,10.032495498657227,-298.217041015625,2.4015991539752575,-288.35041794416674
1790281644,849295961,10.032392501831055,-298.3170471191406,2.38419010686215,-288.37889398010805
1790281644,949170653,10.03195571899414,-298.4170837402344,2.362115725575645,-288.41435951877696
1790281645,49388499,10.031314849853516,-298.50469970703125,2.3442346961033933,-288.44260373420633
1790281645,149280630,10.030305862426758,-298.6048278808594,2.3236562082055845,-288.47462294505436
1790281645,249277070,10.02902603149414,-298.70501708984375,2.302807953185923,-288.50657515862105
1790281645,349640324,10.02750015258789,-298.80523681640625,2.282464276724761,-288.537318897827
1790281645,449215439,10.02575397491455,-298.90545654296875,2.261271361441377,-288.56893747024924
1790281645,549185099,10.02381706237793,-299.00567626953125,2.2400115237252627,-288.6002915711668
1790281645,649201558,10.021717071533203,-299.10589599609375,2.218649125039585,-288.63147332650186
1790281645,749216168,10.01948356628418,-299.20611572265625,2.197085286736977,-288.66266694997654
1790281645,849483943,10.017145156860352,-299.3063049316406,2.174977241267916,-288.6944063594954
1790281645,949173017,10.014730453491211,-299.406494140625,2.152863439412068,-288.72595926815137
1790281646,49151527,10.012267112731934,-299.5068054199219,2.1312281147996,-288.75668114707594
1790281646,149145726,10.009783744812012,-299.60723876953125,2.1092915805423935,-288.78772364681436
1790281646,249210835,10.007615089416504,-299.6952209472656,2.089633277893412,-288.8154852074202
1790281646,349322963,10.005162239074707,-299.79583740234375,2.067969924840607,-288.8460514962807
1790281646,449299973,10.002760887145996,-299.89654541015625,2.046177769508735,-288.87680589426634
1790281646,549142595,10.000147819519043,-300.0098876953125,2.0219418427985296,-288.9110620960455
1790281646,649133764,9.997925758361816,-300.1106262207031,2.000361638057621,-288.94164954851385
1790281646,749197403,9.995817184448242,-300.2113952636719,1.9787629798895598,-288.97237643756137
1790281646,849205262,9.993843078613281,-300.3119201660156,1.9572710654730565,-289.00309614883594
1790281646,949221262,9.992050170898438,-300.4111633300781,1.935479801449307,-289.0344139384486
1790281647,49200681,9.990500450134277,-300.5078125,1.9174525823475963,-289.0604714823027
1790281647,149333009,9.989262580871582,-300.600830078125,1.8976578259001813,-289.0892567883687
1790281647,249595115,9.988487243652344,-300.6785583496094,1.8784105051315596,-289.11743352271225
1790281647,349217760,9.988014221191406,-300.7626953125,1.8608789969665989,-289.14327181136986
1790281647,449216909,9.98803424835205,-300.84124755859375,1.8442448852247952,-289.1679530649462
1790281647,549212259,9.98859691619873,-300.9139099121094,1.8291533056792453,-289.190497191797
1790281647,649267697,9.98973274230957,-300.9803771972656,1.81551093085424,-289.2110182857507
1790281647,749609432,9.991460800170898,-301.0404968261719,1.8031623876647256,-289.22973345753616
1790281647,849217247,9.993776321411133,-301.0941162109375,1.7922572248487345,-289.24640967719773
1790281647,949103728,9.997057914733887,-301.1466369628906,1.7828295438076773,-289.26099679615356
1790281648,49364834,10.000528335571289,-301.1864013671875,1.7747562973217608,-289.2737020600716
1790281648,149276225,10.003941535949707,-301.21588134765625,1.7679333470206298,-289.2847328736997
1790281648,249503091,10.008200645446777,-301.2435607910156,1.762607502056457,-289.29374458137596
1790281648,349215744,10.012748718261719,-301.2649841308594,1.7587809061158304,-289.3007742464141
1790281648,449222744,10.017476081848145,-301.2803039550781,1.756290986812506,-289.30619371897114
1790281648,549317352,10.022259712219238,-301.2897033691406,1.7552268553880597,-289.3099094510276
1790281648,649212113,10.026968002319336,-301.29339599609375,1.7555533794272158,-289.31205666641347
1790281648,749156423,10.031463623046875,-301.2917175292969,1.7572200455228641,-289.31278120881296
1790281648,849192562,10.035604476928711,-301.284912109375,1.7602854688949683,-289.3122296543655
1790281648,949223922,10.039252281188965,-301.2734680175781,1.764654817232193,-289.310545812156
1790281649,49173182,10.042278289794922,-301.2577819824219,1.770448189393524,-289.30779752036824
1790281649,149151561,10.044565200805664,-301.2384948730469,1.7769982615151363,-289.3044426932857
1790281649,249248370,10.046013832092285,-301.21612548828125,1.7846143510827988,-289.3004529738766
1790281649,349223849,10.046528816223145,-301.1944885253906,1.7919540624554993,-289.29662121971313
1790281649,449213359,10.046205520629883,-301.16796875,1.8012375938281724,-289.2918595915959
1790281649,549206069,10.044876098632812,-301.1401062011719,1.8108548494574341,-289.2870668988619
1790281649,649194158,10.042532920837402,-301.1114501953125,1.8209378771374718,-289.2822155081376
1790281649,749279107,10.039669036865234,-301.0861511230469,1.8297762100933763,-289.2781218475293
1790281649,849292846,10.035504341125488,-301.0574951171875,1.8399398741402868,-289.2735949482089
1790281649,949731079,10.030444145202637,-301.0295104980469,1.849930850383669,-289.269318982611
1790281650,49197896,10.024576187133789,-301.0027160644531,1.8596066010305319,-289.26533231848686
1790281650,149246135,10.01887321472168,-300.98052978515625,1.86795534096707,-289.26198826237567
1790281650,249577800,10.010931968688965,-300.9541931152344,1.8770862445781253,-289.25840985721715
1790281650,349210685,10.004427909851074,-300.9356689453125,1.8844263365324376,-289.25555881626724
1790281650,449217884,9.996822357177734,-300.9168395996094,1.8917039924977037,-289.25269474298034
1790281650,549801196,9.989225387573242,-300.9006652832031,1.8981370613007855,-289.25006037360174
1790281650,649227703,9.982743263244629,-300.88885498046875,1.902789592483129,-289.24801893290856
1790281650,749215573,9.97569751739502,-300.8780517578125,1.907154734374916,-289.2458753579518
1790281650,849196212,9.969208717346191,-300.87017822265625,1.9104411673235335,-289.2439221864124
1790281650,949329960,9.963438034057617,-300.865234375,1.9126520060115948,-289.24212280031213
1790281651,49214771,9.959080696105957,-300.86322021484375,1.9137138236228233,-289.2406331554604
1790281651,149278350,9.954987525939941,-300.8634948730469,1.9139045676811808,-289.23907020392613
1790281651,249209020,9.951908111572266,-300.8663635253906,1.9130579240680363,-289.23763496879144
1790281651,349159411,9.949884414672852,-300.87158203125,1.9112734778776574,-289.2363530317336
1790281651,449212939,9.948986053466797,-300.8779296875,1.9089648768896106,-289.23532231928124
1790281651,549298818,9.94893741607666,-300.886962890625,1.9055140196321463,-289.23425517273824
1790281651,649197188,9.949884414672852,-300.89764404296875,1.9014337216877348,-289.23335621346416
1790281651,749155759,9.951749801635742,-300.90966796875,1.8968119798281544,-289.2326294212949
1790281651,849196928,9.954416275024414,-300.9227600097656,1.8916927967866863,-289.2320666705504
1790281651,949140908,9.957712173461914,-300.9365539550781,1.8869352792063,-289.23171161141033
1790281652,49236446,9.960970878601074,-300.94891357421875,1.881215986668749,-289.2314545475666
1790281652,149256245,9.964970588684082,-300.9631042480469,1.8754986392664448,-289.2313597659646
1790281652,249144116,9.969143867492676,-300.9771423339844,1.870434652931063,-289.23140799854866
1790281652,349218045,9.972856521606445,-300.9891357421875,1.8644948543510993,-289.23161384156856
1790281652,449232414,9.976558685302734,-301.0007019042969,1.8593578603786083,-289.2319241704187
1790281652,549211674,9.980189323425293,-301.0117492675781,1.8544019930778246,-289.2323447650018
1790281652,649177994,9.983694076538086,-301.0221252441406,1.8497945338545267,-289.2328522787918
1790281652,749265242,9.987025260925293,-301.03179931640625,1.8455370442197057,-289.23343438822843
1790281652,849219922,9.990148544311523,-301.0406494140625,1.8416567294387056,-289.2340716673464
1790281652,949299451,9.993043899536133,-301.0486755371094,1.8381160660628657,-289.2347607052391
1790281653,49241231,9.996054649353027,-301.0567321777344,1.8346637476133016,-289.23555508097024
1790281653,149163502,9.998421669006348,-301.06280517578125,1.8320297782945114,-289.23626760221424
1790281653,249228910,10.000528335571289,-301.0679626464844,1.8299150394906813,-289.2369339804285
1790281653,349224410,10.002363204956055,-301.0721130371094,1.8281379297073326,-289.23759420860307
1790281653,449230839,10.003925323486328,-301.0752868652344,1.8268429474746695,-289.238180067768
1790281653,549182979,10.00538444519043,-301.07763671875,1.8258879443296765,-289.23876242245956
1790281653,649173519,10.006387710571289,-301.07861328125,1.8255146811394434,-289.23918035819145
1790281653,749196698,10.007156372070312,-301.0785827636719,1.8255709028077869,-289.2394944957282
1790281653,849233157,10.007708549499512,-301.0776062011719,1.8260307295847418,-289.2396957179913
1790281653,949248007,10.008071899414062,-301.07568359375,1.8268751469710107,-289.23978340685557
1790281654,49237846,10.008269309997559,-301.0728759765625,1.8280634446271031,-289.2397546822321
1790281654,149301405,10.008329391479492,-301.0693054199219,1.8295954829788985,-289.2396117516078
1790281654,249201076,10.008262634277344,-301.0643005371094,1.8316564933065638,-289.2393227249971
1790281654,349226245,10.008113861083984,-301.05926513671875,1.8336479571450628,-289.23897751559235
1790281654,449168505,10.007871627807617,-301.0528564453125,1.8362898288153213,-289.2384586010499
1790281654,549286833,10.007621765136719,-301.0467834472656,1.8386735022000336,-289.23795001158857
1790281654,649173064,10.007314682006836,-301.0393981933594,1.841548579815297,-289.2373008362955
1790281654,749195783,10.00700855255127,-301.03173828125,1.8443914728009514,-289.2366320772344
1790281654,849242512,10.006753921508789,-301.0248718261719,1.8469674642572589,-289.23601183379526
1790281654,949169822,10.006490707397461,-301.0169982910156,1.8500035542839783,-289.2352731996728
1790281655,49175262,10.006265640258789,-301.0091857910156,1.85297096179365,-289.2345515613857
1790281655,149133692,10.006083488464355,-301.00152587890625,1.855758896116013,-289.23388056994776
1790281655,249184641,10.005943298339844,-300.99420166015625,1.858469230408327,-289.23324085841716
1790281655,349217770,10.005854606628418,-300.9880676269531,1.8607897006888758,-289.23270740417905
1790281655,449257579,10.005786895751953,-300.9815368652344,1.8632454249723527,-289.23216140064574
1790281655,549186479,10.00574779510498,-300.9754943847656,1.8655100964536524,-289.23167854171015
1790281655,649146329,10.005728721618652,-300.9700622558594,1.8675590128213535,-289.23126249917607
1790281655,749225558,10.005721092224121,-300.9658508300781,1.8691635181348756,-289.23095217437566
1790281655,849222558,10.005714416503906,-300.9616394042969,1.8707378820299176,-289.2306619852307
1790281655,949272086,10.00570011138916,-300.9581298828125,1.87204551726302,-289.23043180675194
1790281656,49194247,10.005667686462402,-300.9553527832031,1.8731121910504664,-289.23024850648864
1790281656,149257366,10.005619049072266,-300.9535217285156,1.873808461266748,-289.2301262248165
1790281656,249215126,10.005532264709473,-300.95208740234375,1.8743396453670822,-289.23002033947995
1790281656,349207305,10.005406379699707,-300.9513854980469,1.8745957999901468,-289.2299404455906
1790281656,449201425,10.005237579345703,-300.9513854980469,1.874586942086644,-289.2298749424529
1790281656,549146695,10.005361557006836,-300.9520263671875,1.8743402744316269,-289.22996446333644
1790281656,649260973,10.006902694702148,-300.9530944824219,1.8739665676344313,-289.2306447738232
1790281656,749227863,10.011690139770508,-300.9548645019531,1.873399750241553,-289.2326385881199
1790281656,849200903,10.021000862121582,-300.9571228027344,1.8727035745155742,-289.23636603245757
1790281656,949172613,10.036006927490234,-300.95977783203125,1.8718717103880071,-289.2422673772818
1790281657,49243592,10.054646492004395,-300.9623718261719,1.8710069726985872,-289.24958077793684
1790281657,149253471,10.08298397064209,-300.965576171875,1.8698248667742383,-289.2607414135281
1790281657,249172132,10.119243621826172,-300.9689636230469,1.8683709088149456,-289.2753355881712
1790281657,349235610,10.157716751098633,-300.97198486328125,1.8669191275791086,-289.29025820132176
1790281657,449239550,10.209463119506836,-300.9754638671875,1.864925316960657,-289.31076437220514
1790281657,549212770,10.269245147705078,-300.9789123535156,1.8626535275297513,-289.33374835530674
1790281657,649200759,10.336629867553711,-300.9822692871094,1.8600384964437897,-289.359556607735
1790281657,749134890,10.41104793548584,-300.9855041503906,1.8570728796997973,-289.38799930577596
1790281657,849229778,10.481500625610352,-300.98822021484375,1.8540209795756568,-289.41656105232875
1790281657,949237367,10.56756591796875,-300.9912109375,1.8504679274916975,-289.4491099537334
1790281658,49204678,10.658807754516602,-300.9940185546875,1.8465344170257005,-289.4844411053177
1790281658,149310585,10.742384910583496,-300.9963684082031,1.842885866419676,-289.5167717329409
1790281658,249253256,10.841614723205566,-300.9989013671875,1.8385004655100203,-289.5553035307007
1790281658,349176996,10.944117546081543,-301.0013427734375,1.833983494648239,-289.5948583558122
1790281658,449173836,11.049249649047852,-301.0036315917969,1.8293277239075032,-289.6357646687614
1790281658,549187615,11.143026351928711,-301.0055847167969,1.8252568536119038,-289.6718659101388
1790281658,649477941,11.251862525939941,-301.00775146484375,1.820553124389364,-289.7142493326067
1790281658,749150845,11.362001419067383,-301.0098571777344,1.8160110417507018,-289.7561647703296
1790281658,849148495,11.473029136657715,-301.01190185546875,1.8115963431038975,-289.7982557724079
1790281658,949146944,11.584712028503418,-301.013916015625,1.807412743069408,-289.8398501650833
1790281659,49243703,11.682782173156738,-301.0156555175781,1.803790613563133,-289.87762761219136
1790281659,149273762,11.795027732849121,-301.0176086425781,1.7999210357109838,-289.9203792927518
1790281659,249236462,11.907219886779785,-301.0195007324219,1.7962975954781772,-289.9634569220439
1790281659,349182872,12.019173622131348,-301.0213623046875,1.7929641824103009,-290.00669531035186
1790281659,449162272,12.130743980407715,-301.0231628417969,1.7899670132186642,-290.0498300077039
1790281659,549247860,12.228048324584961,-301.0246887207031,1.7875846931135795,-290.08834427585225
1790281659,649191910,12.338894844055176,-301.0263366699219,1.7852585386266355,-290.13152462373324
1790281659,749195240,12.449254035949707,-301.0278625488281,1.7833957748754095,-290.17314607694396
1790281659,849547505,12.559056282043457,-301.0292663574219,1.7819107827671443,-290.21535462042414
1790281659,949223739,12.6547212600708,-301.0303649902344,1.7809727482265671,-290.2516224658078
1790281660,49255958,12.763636589050293,-301.0314636230469,1.7802775103619208,-290.2935122042809
1790281660,149193468,12.87204647064209,-301.0323486328125,1.7800018277914507,-290.33623129972443
1790281660,249196118,12.979918479919434,-301.03302001953125,1.7801503901309061,-290.3772172379259
1790281660,349158808,13.087236404418945,-301.0334777832031,1.78071234767181,-290.41789147287443
1790281660,449141438,13.194106101989746,-301.0336608886719,1.7816952213176518,-290.45875995845597
1790281660,549230916,13.287294387817383,-301.03363037109375,1.7829011767007499,-290.4951148226945
1790281660,649223755,13.393423080444336,-301.0332946777344,1.7846305363247865,-290.53629575643345
1790281660,749175276,13.499130249023438,-301.03271484375,1.7867022562755093,-290.57674912310324
1790281660,849174906,13.604410171508789,-301.0318298339844,1.7891308579907315,-290.6172986822276
1790281660,949255844,13.69626522064209,-301.0308532714844,1.7915560849020458,-290.6532582826692
1790281661,49257274,13.80102825164795,-301.0294494628906,1.7944648045970548,-290.6922759305749
1790281661,149263843,13.905529022216797,-301.0278015136719,1.7976886438071875,-290.73180194573797
1790281661,249231793,14.00975227355957,-301.02587890625,1.8011683964523606,-290.7714254594277
1790281661,349228762,14.100706100463867,-301.0240173339844,1.8045607043969678,-290.8079624871722
1790281661,449234512,14.204498291015625,-301.02166748046875,1.8084445223016106,-290.8479584425911
1790281661,549249791,14.308178901672363,-301.0191345214844,1.81244461437031,-290.88761743642067
1790281661,649183272,14.411714553833008,-301.0164489746094,1.8164994259453193,-290.92671940539975
1790281661,749173101,14.515079498291016,-301.0135803222656,1.8206233202694244,-290.9657431757078
1790281661,849202590,14.618256568908691,-301.0106201171875,1.8247301117576264,-291.00421326765894
1790281661,949203780,14.721233367919922,-301.0075988769531,1.8288096481275646,-291.04237716305005
1790281662,49204510,14.824002265930176,-301.0044860839844,1.8328390520462567,-291.0803427709903
1790281662,149141490,14.92656135559082,-301.00140380859375,1.8370285307256824,-291.1204200338922
1790281662,249463405,15.016210556030273,-300.9986877441406,1.8404983114856641,-291.15433699334864
1790281662,349224328,15.118647575378418,-300.99566650390625,1.8443793110614772,-291.1934268717383
1790281662,449222067,15.221023559570312,-300.99267578125,1.8480478156571418,-291.2319026492475
1790281662,549252867,15.323310852050781,-300.9898376464844,1.8516112672738085,-291.2711608501748
1790281662,649143287,15.425490379333496,-300.98712158203125,1.8550163122079089,-291.3109469229801
1790281662,749310775,15.527664184570312,-300.9845886230469,1.8581425687959034,-291.3500883803761
1790281662,849221355,15.617091178894043,-300.9825439453125,1.8607406954260677,-291.3851588047954
1790281662,949240415,15.719303131103516,-300.9803771972656,1.8632498543629332,-291.4220218402093
1790281663,49280084,15.821478843688965,-300.9784851074219,1.8656873675280548,-291.4620007749747
1790281663,149268644,15.923590660095215,-300.9768371582031,1.8677638556280463,-291.50071277468095
1790281663,249158075,16.02561378479004,-300.9754333496094,1.869575359969944,-291.5398440506346
1790281663,349230453,16.114788055419922,-300.9744567871094,1.8709665526827228,-291.5751855154023
1790281663,449171163,16.216693878173828,-300.9736328125,1.872328580526808,-291.6170818541639
1790281663,549228112,16.305988311767578,-300.97314453125,1.8732212601759735,-291.6519620344458
1790281663,649139353,16.40822982788086,-300.97283935546875,1.8740085291888722,-291.69362308365913
1790281663,749230531,16.497873306274414,-300.97283935546875,1.874462158879485,-291.7298875716749
1790281663,849227401,16.587705612182617,-300.9730529785156,1.8747064550733845,-291.7674481303774
1790281663,949206171,16.69062614440918,-300.97357177734375,1.8747291369767303,-291.80793195378726
1790281664,49222400,16.780895233154297,-300.9742431640625,1.8745367236524544,-291.8450725930384
1790281664,149192030,16.884323120117188,-300.9752502441406,1.8741603646452842,-291.88233380713683
1790281664,249266198,16.975130081176758,-300.976318359375,1.8735575182757906,-291.9223726310363
1790281664,349250428,17.079242706298828,-300.977783203125,1.8727578566308838,-291.96244227044576
1790281664,449200138,17.183570861816406,-300.97943115234375,1.871770195624986,-292.00320087306517
1790281664,549276987,17.288007736206055,-300.98126220703125,1.8707874075319948,-292.0386603366483
1790281664,649223937,17.379487991333008,-300.9830017089844,1.8695543751124677,-292.07881666343326
1790281664,749230706,17.484159469604492,-300.985107421875,1.8682245852655772,-292.1187244222563
1790281664,849232096,17.5888614654541,-300.9873046875,1.8668133310407633,-292.15867695164354
1790281664,949210316,17.693510055541992,-300.9895935058594,1.8654077114482526,-292.19693263187344
1790281665,49252355,17.79804229736328,-300.991943359375,1.863912411433952,-292.23675695010866
1790281665,149268444,17.90240478515625,-300.99432373046875,1.8624114172013873,-292.2765100494576
1790281665,249173755,18.006561279296875,-300.9967041015625,1.8608881978596434,-292.31724754696734
1790281665,349199235,18.09758758544922,-300.9987487792969,1.859581014505573,-292.35302247928695
1790281665,449230344,18.201553344726562,-301.00103759765625,1.858174307167635,-292.3930177592324
1790281665,549310422,18.305397033691406,-301.00323486328125,1.8568400997296248,-292.43316760001045
1790281665,649196143,18.409076690673828,-301.00537109375,1.8556003905260787,-292.4733432098002
1790281665,749251682,18.49972152709961,-301.0071105957031,1.8546198922603634,-292.5080872733997
1790281665,849222662,18.603294372558594,-301.0090026855469,1.85358391205077,-292.54919326350733
1790281665,949195581,18.706785202026367,-301.0107421875,1.8527231087439842,-292.58891184824813
1790281666,49224721,18.79732322692871,-301.0121154785156,1.852087158537377,-292.62406546051164
1790281666,149299409,18.900829315185547,-301.0135192871094,1.851522433313056,-292.6636302103141
1790281666,249243009,19.004302978515625,-301.0147399902344,1.8511316727778615,-292.7027288721836
1790281666,349243969,19.107696533203125,-301.0157470703125,1.8509091354776985,-292.7426364390085
1790281666,449175679,19.21097183227539,-301.0165710449219,1.8508665454416973,-292.7828589135426
1790281666,549133489,19.31421661376953,-301.01715087890625,1.8510020005352767,-292.82199553160126
1790281666,649218868,19.40455436706543,-301.01751708984375,1.8512737958427432,-292.85694689886867
1790281666,749226297,19.50776481628418,-301.01776123046875,1.8517403542152184,-292.89574766889564
1790281666,849218197,19.61089515686035,-301.0177917480469,1.8524020143575135,-292.9359756394444
1790281666,949222216,19.71390724182129,-301.0176086425781,1.8531929856118095,-292.97407728524
1790281667,49220496,19.81678009033203,-301.0172424316406,1.854151096663359,-293.0124657486542
1790281667,149275834,19.91949462890625,-301.0167236328125,1.8552781756771939,-293.0514549432676
1790281667,249227025,20.02203941345215,-301.0160217285156,1.85655376057142,-293.0905836960058
1790281667,349145535,20.124404907226562,-301.0151672363281,1.8579849801273913,-293.13034079348625
1790281667,449130895,20.226707458496094,-301.0141906738281,1.8594927420974465,-293.1689212542996
1790281667,549205444,20.329004287719727,-301.0130920410156,1.8610304264607198,-293.2056990288151
1790281667,649199943,20.431142807006836,-301.0118713378906,1.8627620917578698,-293.24476343717646
1790281667,749128524,20.53304100036621,-301.01055908203125,1.8645577131339968,-293.2834294734766
1790281667,849171283,20.63483238220215,-301.00921630859375,1.8664269664335098,-293.32222977638145
1790281667,949225191,20.72386360168457,-301.0079650878906,1.8680974336328178,-293.35602509078427
1790281668,49224261,20.825572967529297,-301.00653076171875,1.8700650428027603,-293.3951002480917
1790281668,149293860,20.927215576171875,-301.00506591796875,1.872039207751914,-293.43382376534225
1790281668,249219350,21.028776168823242,-301.00360107421875,1.8740384048072267,-293.47282819462805
1790281668,349609074,21.130247116088867,-301.00213623046875,1.8760038500171117,-293.5112312610849
1790281668,449145670,21.23162269592285,-301.000732421875,1.8779378029507714,-293.5493272100025
1790281668,549173030,21.33289909362793,-300.9993591308594,1.8798847879041645,-293.5882460941897
1790281668,649230608,21.42151641845703,-300.9981994628906,1.881578098065183,-293.6227601432257
1790281668,749241918,21.52287483215332,-300.9969482421875,1.8834104941417904,-293.6610794627101
1790281668,849205728,21.624279022216797,-300.9957580566406,1.8852304232332229,-293.7004171639173
1790281668,949122759,21.725696563720703,-300.9946594238281,1.8869938505016346,-293.74005879506996
1790281669,49243747,21.814512252807617,-300.9938049316406,1.8884338120476856,-293.7738260939504
1790281669,149275116,21.916162490844727,-300.992919921875,1.8900312825447203,-293.8131395715452
1790281669,249282065,22.017911911010742,-300.99212646484375,1.8915222667373273,-293.8520408183935
1790281669,349264405,22.11971092224121,-300.991455078125,1.8929257642292556,-293.8910859433919
1790281669,449171226,22.221525192260742,-300.99090576171875,1.8942538424709003,-293.9307817065422
1790281669,549229835,22.310680389404297,-300.9905090332031,1.8953188634340234,-293.9650401272434
1790281669,649227094,22.412708282470703,-300.99017333984375,1.896433165835425,-294.0038924850343
1790281669,749262883,22.514820098876953,-300.9899597167969,1.8974643003444722,-294.04337200017443
1790281669,849571129,22.616962432861328,-300.9898681640625,1.8983885308445831,-294.08260083382993
1790281669,949324621,22.706323623657227,-300.9898681640625,1.89915066421358,-294.11852175809133
1790281670,49205083,22.808515548706055,-300.9899597167969,1.8998919036436943,-294.1576330869728
1790281670,149260651,22.91082191467285,-300.99017333984375,1.9005346991187322,-294.19647463893403
1790281670,249207742,23.013185501098633,-300.990478515625,1.901090612692962,-294.2352660958074
1790281670,349197081,23.115556716918945,-300.9908752441406,1.9015720950133672,-294.27462560645205
1790281670,449235660,23.20509910583496,-300.99127197265625,1.901933532163045,-294.30950395732515
1790281670,549143141,23.32029151916504,-300.99188232421875,1.9022667231623394,-294.34793900465945
1790281670,649201320,23.409950256347656,-300.992431640625,1.9025402061069367,-294.3870616972408
1790281670,749192549,23.51245880126953,-300.9930725097656,1.9027554115404313,-294.4259440894949
1790281670,849335587,23.614957809448242,-300.9937744140625,1.9029250222307585,-294.4659908827416
1790281670,949199798,23.717409133911133,-300.9945068359375,1.9030465293497025,-294.5046371190143
1790281671,49205588,23.819778442382812,-300.99530029296875,1.9031331454080394,-294.5433635448477
1790281671,149276316,23.909353256225586,-300.9959716796875,1.9031889774246735,-294.57867952247426
1790281671,249210837,24.011789321899414,-300.99676513671875,1.9032339847516275,-294.61932996811197
1790281671,349206247,24.114234924316406,-300.99755859375,1.9032640445252398,-294.65773550858654
1790281671,449486233,24.216650009155273,-300.99835205078125,1.9032887888487369,-294.69630074959696
1790281671,549196876,24.318788528442383,-300.9991149902344,1.9033168794483584,-294.7357306188056
1790281671,649222075,24.406856536865234,-300.9997253417969,1.9033525490805714,-294.76987995554623
1790281671,749221795,24.504858016967773,-301.0003356933594,1.9034096824696183,-294.807684612699
1790281671,849220405,24.59904670715332,-301.000732421875,1.9034797114781887,-294.8431257887589
1790281671,949259124,24.68861198425293,-301.0008850097656,1.9035568121156117,-294.8769037495304
1790281672,49202404,24.77292823791504,-301.0007019042969,1.9036325834034178,-294.9091510228984
1790281672,149338802,24.851524353027344,-301.0001525878906,1.9036931913922355,-294.93655716701284
1790281672,249714876,24.915325164794922,-300.9993591308594,1.9037483723346031,-294.9643664371686
1790281672,349215912,24.982332229614258,-300.9980163574219,1.9037837694530715,-294.98960530593985
1790281672,449198022,25.04287338256836,-300.9962158203125,1.9038010380072279,-295.01336818807096
1790281672,549141092,25.09684181213379,-300.99395751953125,1.9038098280544533,-295.03372661356076
1790281672,649130422,25.14419174194336,-300.9912414550781,1.9038154996573053,-295.05152513581373
1790281672,749208810,25.18019676208496,-300.9885559082031,1.9038445770628039,-295.06543906619004
1790281672,849237079,25.215187072753906,-300.9851379394531,1.9039324930666925,-295.07881056998275
1790281672,949206689,25.24368667602539,-300.9814453125,1.9041156149896636,-295.08972075648165
1790281673,49195549,25.265823364257812,-300.9775695800781,1.9044402575254618,-295.09820446183255
1790281673,149149919,25.28175163269043,-300.97357177734375,1.9049613219439054,-295.10435851742466
1790281673,249218328,25.290752410888672,-300.9701232910156,1.9056334743234828,-295.1079453218849
1790281673,349218387,25.295604705810547,-300.9662780761719,1.9066956452226822,-295.1099859394918
1790281673,449198207,25.294912338256836,-300.9626770019531,1.9081337551385975,-295.10997365086064
1790281673,549225746,25.290010452270508,-300.9598693847656,1.9097617298292122,-295.10835969929354
1790281673,649235916,25.27984619140625,-300.9571228027344,1.9120778173778903,-295.1048648013153
1790281673,749179296,25.265274047851562,-300.9549865722656,1.9148861934856005,-295.09984512074226
1790281673,849200256,25.2468318939209,-300.9535827636719,1.9182221854975343,-295.0935087242418
1790281673,949131426,25.225099563598633,-300.9530029296875,1.9221375744873794,-295.08598249654193
1790281674,49161085,25.203861236572266,-300.9532165527344,1.9259569468108517,-295.0787399603707
1790281674,149295463,25.177597045898438,-300.9543762207031,1.9306908624042973,-295.07001493706576
1790281674,249265093,25.14979362487793,-300.95648193359375,1.9359736336378917,-295.0606484287993
1790281674,349211253,25.121042251586914,-300.9595642089844,1.9416324018504607,-295.05101679186987
1790281674,449171513,25.091907501220703,-300.9635925292969,1.947346026748769,-295.0417144900302
1790281674,549129173,25.05933380126953,-300.9688415527344,1.9537986119846988,-295.03198540959096
1790281674,649179302,25.031112670898438,-300.97247314453125,1.9603740814744643,-295.0237773602929
1790281674,749478128,25.004030227661133,-300.9736022949219,1.9676395385725967,-295.01697074392285
1790281674,849146812,24.978445053100586,-300.9707946777344,1.9755883213503351,-295.01213342286934
1790281674,949224761,24.954652786254883,-300.9626770019531,1.984436603423406,-295.0096411185849
1790281675,49221320,24.93288230895996,-300.94805908203125,1.994127313988046,-295.0100308955356
1790281675,149170061,24.91102409362793,-300.92266845703125,2.005732772671863,-295.01430705023637
1790281675,249493286,24.896060943603516,-300.8957824707031,2.0157001856535786,-295.02102406238697
1790281675,349157360,24.87955093383789,-300.8515625,2.0267909355877634,-295.03178654458384
1790281675,449148420,24.867507934570312,-300.80303955078125,2.0392313331027028,-295.04830967656636
1790281675,549202348,24.85797882080078,-300.7459411621094,2.0504097671368906,-295.0673942795858
1790281675,649173578,24.850982666015625,-300.6806640625,2.06101032150528,-295.08973431732016
1790281675,749141048,24.846515655517578,-300.60772705078125,2.0709497410211806,-295.1151366367126
1790281675,849166567,24.844566345214844,-300.5277404785156,2.0803909411075563,-295.14407418291046
1790281675,949172896,24.845108032226562,-300.4414978027344,2.0890538053241006,-295.17568862094214
1790281676,49131276,24.84808349609375,-300.3497314453125,2.0968466229763054,-295.2092621602962
1790281676,149293244,24.852622985839844,-300.2655029296875,2.103241034833536,-295.24111698973417
1790281676,249226064,24.859933853149414,-300.16546630859375,2.110005541930691,-295.2796672141651
1790281676,349244703,24.869380950927734,-300.0620422363281,2.1158568530177395,-295.31750920830365
1790281676,449235473,24.880809783935547,-299.9559326171875,2.121410624483963,-295.35729410082007
1790281676,549222032,24.894041061401367,-299.8477478027344,2.1267607972502285,-295.3984165669333
1790281676,649207762,24.90886878967285,-299.73797607421875,2.1318572001359226,-295.43887811085546
1790281676,749226851,24.92506980895996,-299.62713623046875,2.137154757250906,-295.48066983093275
1790281676,849212211,24.942394256591797,-299.515625,2.1428156171458483,-295.52347318022225
1790281676,949178851,24.960586547851562,-299.40380859375,2.1488422238629625,-295.56575100202514
1790281677,49195690,24.979373931884766,-299.2919616699219,2.155665909211927,-295.6091782483176
1790281677,149142381,24.99847984313965,-299.1803283691406,2.163136085154893,-295.65155988346436
1790281677,249208399,25.015239715576172,-299.0828857421875,2.170548982294516,-295.68899237685287
1790281677,349229998,25.034191131591797,-298.97186279296875,2.1799177421528055,-295.7308908839154
1790281677,449276967,25.052671432495117,-298.8613586425781,2.1904966143662716,-295.77239559724285
1790281677,549225517,25.070417404174805,-298.7514343261719,2.2021812231676847,-295.81266141603527
1790281677,649214907,25.08718490600586,-298.6422424316406,2.215157423858594,-295.85210112070195
1790281677,749233536,25.102745056152344,-298.53375244140625,2.2291217251041133,-295.8896028637424
1790281677,849175127,25.11855125427246,-298.4125671386719,2.246528680252775,-295.9308199416235
1790281677,949403953,25.130889892578125,-298.3056335449219,2.2637024749813617,-295.9668670777125
1790281678,49442752,25.14145851135254,-298.1993713378906,2.281793217243433,-296.0008701619606
1790281678,149269224,25.150129318237305,-298.0938720703125,2.3014978727038207,-296.03424069906987
1790281678,249188965,25.15680694580078,-297.9891357421875,2.3229826072386293,-296.0672543630878
1790281678,349222744,25.161426544189453,-297.88507080078125,2.344966539325029,-296.0979485316339
1790281678,449172544,25.16411590576172,-297.7686462402344,2.3711454473065015,-296.13111844737625
1790281678,549153224,25.164278030395508,-297.6656799316406,2.395767374145579,-296.1596473073582
1790281678,649187243,25.16238021850586,-297.563232421875,2.4212432327592297,-296.186860578572
1790281678,749217742,25.158491134643555,-297.4612731933594,2.448366157189834,-296.21373915654016
1790281678,849219342,25.152713775634766,-297.3597106933594,2.475957886865832,-296.2392802175371
1790281678,949474488,25.145179748535156,-297.2584228515625,2.504091634431347,-296.26372873630356
1790281679,49266300,25.136045455932617,-297.15740966796875,2.5333439818578776,-296.2877702075725
1790281679,149281330,25.125484466552734,-297.0565490722656,2.562922543672038,-296.31093790103307
1790281679,249177111,25.11212921142578,-296.9432373046875,2.5968678587851373,-296.3364302006758
1790281679,349194420,25.099166870117188,-296.8426513671875,2.6270879064587884,-296.35838083734654
1790281679,449147090,25.085390090942383,-296.7420959472656,2.6577282410065624,-296.3801522412892
1790281679,549176429,25.071002960205078,-296.6416931152344,2.688599710358907,-296.4017850024456
1790281679,649173809,25.056209564208984,-296.5415344238281,2.720658438205742,-296.4241195618205
1790281679,749204328,25.041202545166016,-296.44140625,2.751110057339839,-296.4454020464281
1790281679,849281156,25.02617835998535,-296.34136962890625,2.7816726538690504,-296.46698973613417
1790281679,949198817,25.011314392089844,-296.2414855957031,2.811676897696845,-296.48857152419384
1790281680,49243446,24.996784210205078,-296.1417236328125,2.841504465380291,-296.51056614090817
1790281680,149262065,24.982746124267578,-296.04205322265625,2.8711123420857634,-296.53308597803493
1790281680,249179866,24.96772575378418,-295.9300231933594,2.9032961755242326,-296.5585466325326
1790281680,349198885,24.95520782470703,-295.8305358886719,2.93159626545214,-296.5819425404052
1790281680,449493321,24.94359588623047,-295.731201171875,2.958989107666701,-296.60563989670044
1790281680,549233853,24.93299674987793,-295.6321105957031,2.9858825653526413,-296.63008034915555
1790281680,649184314,24.92350196838379,-295.5331726074219,3.0124649070171485,-296.65552939333645
1790281680,749213113,24.91518211364746,-295.43438720703125,3.0386586216082367,-296.68200489068215
1790281680,849293881,24.908100128173828,-295.335693359375,3.0639662042369245,-296.7090431152718
1790281680,949198102,24.90166664123535,-295.2247619628906,3.0906117887515863,-296.73931711638954
1790281681,49514237,24.897342681884766,-295.1263122558594,3.113064417258012,-296.76649889530717
1790281681,149296400,24.894346237182617,-295.028076171875,3.1353673954705448,-296.7951403040471
1790281681,249242050,24.892675399780273,-294.9299621582031,3.1567444958820827,-296.8242490377891
1790281681,349200210,24.892358779907227,-294.8196716308594,3.179362074202802,-296.8570695643973
1790281681,449235269,24.89342498779297,-294.7216796875,3.199027686442434,-296.8874335539676
1790281681,549209829,24.895706176757812,-294.6238098144531,3.2175876227372395,-296.91773685252514
1790281681,649209999,24.899133682250977,-294.5260925292969,3.23584575592464,-296.9492407123753
1790281681,749206758,24.903623580932617,-294.428466796875,3.2532399519614685,-296.98084114120456
1790281681,849194628,24.909828186035156,-294.31866455078125,3.271689695749576,-297.01611621340703
1790281681,949201817,24.916255950927734,-294.2210388183594,3.28784635282118,-297.0484807563789
1790281682,49137358,24.923425674438477,-294.1233825683594,3.303839758790715,-297.08177972889547
1790281682,149184827,24.931222915649414,-294.0256652832031,3.318911183588643,-297.11423352300653
1790281682,249230426,24.939525604248047,-293.927978515625,3.333557662601811,-297.14666760772116
1790281682,349263985,24.948217391967773,-293.8303527832031,3.3480352877965207,-297.1794581328811
1790281682,449504441,24.95831298828125,-293.7205505371094,3.363688723197446,-297.2155001007838
1790281682,549272313,24.967439651489258,-293.623046875,3.3778466462058288,-297.2484108473237
1790281682,649492010,24.976591110229492,-293.5256652832031,3.392011250013869,-297.2814190601868
1790281682,749240133,24.986785888671875,-293.41619873046875,3.405949689232467,-297.31377381365286
1790281682,849205633,24.995643615722656,-293.31890869140625,3.421419082172761,-297.3492942902726
1790281682,949213623,25.004213333129883,-293.2217102050781,3.435599696641742,-297.3813166676079
1790281683,49225672,25.012405395507812,-293.1246337890625,3.4504576530803166,-297.41420350712536
1790281683,149135683,25.02107810974121,-293.0154724121094,3.467387574251264,-297.45069989153916
1790281683,249197811,25.028223037719727,-292.91845703125,3.4826603311247726,-297.4826423257921
1790281683,349209721,25.034778594970703,-292.821533203125,3.4984744323066246,-297.51469369756126
1790281683,449179970,25.04068946838379,-292.72467041015625,3.514579361746431,-297.5462574074891
1790281683,549219109,25.04591941833496,-292.6278381347656,3.531256301630637,-297.5778045822445
1790281683,649202219,25.050430297851562,-292.531005859375,3.5488574085392277,-297.60990549540736
1790281683,749129290,25.054622650146484,-292.4219665527344,3.5683305060102137,-297.64404203133387
1790281683,849176569,25.05754852294922,-292.324951171875,3.5866784463728276,-297.6749418985224
1790281683,949217267,25.059715270996094,-292.2279052734375,3.6047291017205194,-297.7042152897126
1790281684,49233737,25.06113052368164,-292.1308898925781,3.62411238334307,-297.7345236580589
1790281684,149288566,25.061803817749023,-292.0338439941406,3.643916180631636,-297.7644059162679
1790281684,249235766,25.061756134033203,-291.93670654296875,3.6645333619187266,-297.79446870376046
1790281684,349186776,25.060880661010742,-291.8272705078125,3.6876128866829614,-297.82695871806015
1790281684,449219715,25.059410095214844,-291.7298583984375,3.7082108140327925,-297.8550132855921
1790281684,549232854,25.05733871459961,-291.6324157714844,3.7295481674768336,-297.88324857450834
1790281684,649268203,25.054712295532227,-291.53497314453125,3.751397174956777,-297.9113840332255
1790281684,749197414,25.051162719726562,-291.4252624511719,3.776398890514848,-297.94275658161314
1790281684,849173253,25.047544479370117,-291.3277587890625,3.799594251641013,-297.9711907573098
1790281684,949198983,25.043554306030273,-291.230224609375,3.8223741451635327,-297.9985867585738
1790281685,49214442,25.03925132751465,-291.13262939453125,3.8451662460545224,-298.0255418920255
1790281685,149541437,25.03411865234375,-291.0227966308594,3.868319477625675,-298.05254212595287
1790281685,249189531,25.02936553955078,-290.9251403808594,3.8945223230310253,-298.0827320088
1790281685,349209890,25.02449607849121,-290.8274841308594,3.917978934963928,-298.10951025449725
1790281685,449207660,25.019569396972656,-290.72991943359375,3.9418518833701226,-298.1366016084755
1790281685,549244119,25.0146427154541,-290.6323547363281,3.965409985023994,-298.1632457476873
1790281685,649219499,25.00916862487793,-290.5225524902344,3.9889997230422014,-298.18990143164916
1790281685,749137969,25.004417419433594,-290.42486572265625,4.0157361351765095,-298.2201639750192
1790281685,849135649,24.99982452392578,-290.32708740234375,4.039938408929725,-298.24767394291626
1790281685,949227627,24.99542999267578,-290.22930908203125,4.06313944091039,-298.2742048208324
1790281686,49200147,24.991275787353516,-290.1315612792969,4.0876959336290275,-298.3025049325607
1790281686,149227786,24.987390518188477,-290.0338134765625,4.110701690072658,-298.32927990352607
1790281686,249215666,24.983806610107422,-289.93603515625,4.134129217326048,-298.3568589838093
1790281686,349136416,24.98016357421875,-289.825927734375,4.1571692529407915,-298.3843311218371
1790281686,449208795,24.977293014526367,-289.72796630859375,4.181694556280622,-298.4140071614223
1790281686,549181165,24.97478485107422,-289.6300354003906,4.2055001990957255,-298.4432907677937
1790281686,649138545,24.97289276123047,-289.54437255859375,4.228985479403319,-298.4726547546692
1790281686,749197494,24.971086502075195,-289.4462890625,4.252056986891485,-298.50190152972806
1790281686,849152304,24.96965789794922,-289.34783935546875,4.274159575276703,-298.5304126935997
1790281686,949233492,24.968605041503906,-289.2491760253906,4.295436858246121,-298.5583423939087
1790281687,49103613,24.967864990234375,-289.1380310058594,4.316578038840457,-298.5865992175499
1790281687,149441338,24.967592239379883,-289.03912353515625,4.338565540589672,-298.6165130957175
1790281687,249199671,24.967666625976562,-288.9400939941406,4.362218998969665,-298.6492932645214
1790281687,349193431,24.96807289123535,-288.84112548828125,4.382907482025112,-298.6784967578953
1790281687,449235929,24.968793869018555,-288.7421875,4.404083512489092,-298.7088906553363
1790281687,549262809,24.969951629638672,-288.6309814453125,4.424079841865053,-298.7380534929257
1790281687,649201439,24.971263885498047,-288.5321350097656,4.4467261054309395,-298.77161946293705
1790281687,749206029,24.972816467285156,-288.43341064453125,4.466800411739084,-298.80182797802524
1790281687,849211498,24.97458267211914,-288.3348693847656,4.486388370147519,-298.8316911882533
1790281687,949238617,24.976533889770508,-288.2364196777344,4.506287180772669,-298.8623904429604
1790281688,49179607,24.9786434173584,-288.1380310058594,4.525905411736484,-298.89298907665966
1790281688,149179707,24.981168746948242,-288.0273742675781,4.54712449914542,-298.92640751140226
1790281688,249177066,24.983516693115234,-287.9291687011719,4.566982362429333,-298.9579452651776
1790281688,349225725,24.985933303833008,-287.8310852050781,4.585635545004208,-298.98776228226154
1790281688,449192795,24.98838996887207,-287.73309326171875,4.604592691599048,-299.01821790941847
1790281688,549363612,24.991168975830078,-287.6228942871094,4.623344415797393,-299.0484499628358
1790281688,649174184,24.993623733520508,-287.5249938964844,4.644089303690583,-299.08196896995537
1790281688,749213943,24.99604034423828,-287.4271545410156,4.662694218864072,-299.11205231254144
1790281688,849606917,24.998394012451172,-287.3294372558594,4.681584865949189,-299.1425765482342
1790281688,949496188,25.00066375732422,-287.2317810058594,4.700724542298954,-299.1734408132342
1790281689,49195672,25.003093719482422,-287.1219482421875,4.721810592200515,-299.20732564332303
1790281689,149239941,25.005126953125,-287.0242919921875,4.740615020868685,-299.23740251967354
1790281689,249499647,25.007022857666016,-286.92669677734375,4.759302624853246,-299.26712904614067
1790281689,349170891,25.008975982666016,-286.8169860839844,4.780651907168639,-299.30085973650654
1790281689,449165421,25.010541915893555,-286.71954345703125,4.799714265340105,-299.33074878305933
1790281689,549205400,25.011930465698242,-286.62237548828125,4.818869554495236,-299.3605475819518
1790281689,649491475,25.01322364807129,-286.5151672363281,4.837438857188841,-299.38918368216594
1790281689,749148189,25.01407241821289,-286.42303466796875,4.857701596987838,-299.4201308541823
1790281689,849218868,25.01457405090332,-286.3348388671875,4.875254090249273,-299.4466790568989
1790281689,949185428,25.014673233032227,-286.2513122558594,4.892294075097211,-299.47221209716713
1790281690,49142818,25.014236450195312,-286.16363525390625,4.909890508278455,-299.4983237003953
1790281690,149248846,25.0133113861084,-286.0917053222656,4.924218693113878,-299.51938250980805
1790281690,249209266,25.01184844970703,-286.0257568359375,4.937988810583803,-299.53943885394693
1790281690,349246335,25.009836196899414,-285.9660339355469,4.950496766479998,-299.55748118107454
1790281690,449226185,25.00727653503418,-285.91259765625,4.961795534271702,-299.57360141353485
1790281690,549212695,25.004188537597656,-285.86553955078125,4.971799235956138,-299.5876798330186
1790281690,649146275,25.0001277923584,-285.8202819824219,4.98061354038264,-299.59985928119045
1790281690,749154164,24.996061325073242,-285.7867736816406,4.988834187552272,-299.61089801291195
1790281690,849207833,24.99164581298828,-285.7595520019531,4.994856894023199,-299.6186235165571
1790281690,949200323,24.98697280883789,-285.7384948730469,4.999908744711357,-299.6246340713833
1790281691,49176213,24.981542587280273,-285.7219543457031,5.0041803082320735,-299.628999112594
1790281691,149167992,24.976688385009766,-285.71337890625,5.007063509737743,-299.631044342327
1790281691,249174172,24.971942901611328,-285.71038818359375,5.009114491604469,-299.6313006298001
1790281691,349155291,24.967435836791992,-285.7126770019531,5.0103274935408795,-299.6298393253106
1790281691,449198331,24.963302612304688,-285.71990966796875,5.010904532995012,-299.62665496817954
1790281691,549197710,24.959678649902344,-285.731689453125,5.010931998524352,-299.6219082060719
1790281691,649202719,24.95668601989746,-285.7475280761719,5.010557565834951,-299.61598689120166
1790281691,749199449,24.954437255859375,-285.7668762207031,5.009880714397251,-299.60861204547047
1790281691,849204358,24.953153610229492,-285.7862548828125,5.00909999665214,-299.6008837208829
1790281691,949146499,24.9525203704834,-285.8138427734375,5.008075150584832,-299.5907702779799
1790281692,49203607,24.952865600585938,-285.8368835449219,5.007226482494706,-299.5816207797241
1790281692,149257896,24.95418357849121,-285.8644104003906,5.00639499988209,-299.57139014903163
1790281692,249140377,24.956846237182617,-285.896240234375,5.005698379008977,-299.560889384298
1790281692,349414043,24.960241317749023,-285.9246520996094,5.005169566966725,-299.55020348327275
1790281692,449208485,24.96396255493164,-285.9492492675781,5.004802503275182,-299.5392538224056
1790281692,549283594,24.968795776367188,-285.97662353515625,5.004712885861028,-299.5286567785739
1790281692,649174645,24.972740173339844,-286.0028381347656,5.0054387090559045,-299.5181839349707
1790281692,749164854,24.97405242919922,-286.02752685546875,5.007138440546142,-299.51009416074055
1790281692,849228352,24.97179412841797,-286.047607421875,5.010660352917491,-299.5021880312711
1790281692,949237482,24.964065551757812,-286.0686950683594,5.016369231127119,-299.49568807984855
1790281693,49182732,24.94972801208496,-286.08758544921875,5.024411074336421,-299.49126290951676
1790281693,149216931,24.927831649780273,-286.1041564941406,5.0348499793736545,-299.4892663966451
1790281693,249144522,24.897693634033203,-286.11834716796875,5.048013064454965,-299.4900285980781
1790281693,349205430,24.864158630371094,-286.1288146972656,5.061327496857116,-299.4931364778531
1790281693,449225160,24.81742286682129,-286.1384582519531,5.078543267722307,-299.4996061884528
1790281693,549413026,24.76186180114746,-286.14569091796875,5.09796255077962,-299.5093525640346
1790281693,649197529,24.697832107543945,-286.1505126953125,5.118919323281146,-299.5221794611258
1790281693,749155599,24.625869750976562,-286.1529541015625,5.141484874451968,-299.5381074002868
1790281693,849180038,24.546649932861328,-286.1530456542969,5.165220578477026,-299.5569142916796
1790281693,949233327,24.471885681152344,-286.1512756347656,5.187120326192841,-299.5758021250485
1790281694,49192247,24.380847930908203,-286.14715576171875,5.213276262514033,-299.60001724011084
1790281694,149279016,24.28466033935547,-286.14093017578125,5.238950655162874,-299.6252832252804
1790281694,249204776,24.18413734436035,-286.1326904296875,5.265163304922734,-299.6523803249005
1790281694,349225285,24.080053329467773,-286.1225891113281,5.292442504686577,-299.6816624693122
1790281694,449194485,23.973119735717773,-286.1107482910156,5.319381676255457,-299.7113613668592
1790281694,549499160,23.863981246948242,-286.09735107421875,5.346779853205978,-299.74207050987917
1790281694,649218363,23.75320816040039,-286.0825500488281,5.3745985507312435,-299.7734653678373
1790281694,749205093,23.64130973815918,-286.06658935546875,5.403474916086169,-299.8059674597372
1790281694,849196583,23.528718948364258,-286.0496826171875,5.432503812495956,-299.83826937145216
1790281694,949209652,23.415802001953125,-286.0320739746094,5.461717449881127,-299.87012798635743
1790281695,49125753,23.30286979675293,-286.01397705078125,5.49160626558777,-299.9017962215302
1790281695,149150572,23.19005584716797,-285.99566650390625,5.521876683969286,-299.93269823623325
1790281695,249444027,23.09156036376953,-285.9796447753906,5.548726610527503,-299.9589852783674
1790281695,349258209,22.97939682006836,-285.9615783691406,5.580514222674881,-299.9886643178935
1790281695,449173700,22.85390853881836,-285.94183349609375,5.614999777436611,-300.018980516548
1790281695,549278288,22.75693130493164,-285.9271545410156,5.6449691748607504,-300.0436414220353
1790281695,649209139,22.646806716918945,-285.9112548828125,5.6783782107003775,-300.0693244311977
1790281695,749268177,22.537485122680664,-285.8965148925781,5.7129293681350095,-300.0939439744096
1790281695,849259617,22.428974151611328,-285.8831481933594,5.747487154196328,-300.11654792674324
1790281695,949187937,22.321264266967773,-285.8713073730469,5.783496805432569,-300.13806131830296
1790281696,49195387,22.214208602905273,-285.86114501953125,5.819460660322776,-300.15755494880517
1790281696,149283575,22.120994567871094,-285.8537292480469,5.851363202344009,-300.1732168515982
1790281696,249176846,22.014949798583984,-285.8470153808594,5.8884684218303835,-300.18961371217995
1790281696,349244364,21.909412384033203,-285.84222412109375,5.925416322613336,-300.2040801494682
1790281696,449211174,21.804346084594727,-285.8394470214844,5.963569540356701,-300.2171676764773
1790281696,549220204,21.699710845947266,-285.8386535644531,6.001431326540017,-300.2284452972394
1790281696,649197663,21.595458984375,-285.83984375,6.039667734419306,-300.2382271976278
1790281696,749480289,21.49155044555664,-285.84295654296875,6.0779821224941015,-300.2464856046206
1790281696,849176453,21.387943267822266,-285.847900390625,6.1165546637471495,-300.25342861484626
1790281696,949511788,21.28460121154785,-285.8545837402344,6.154876382517143,-300.2590791975306
1790281697,49147882,21.181493759155273,-285.8628234863281,6.193880022102758,-300.26369373539
1790281697,149141032,21.078590393066406,-285.8725280761719,6.233038645343977,-300.26735486681116
1790281697,249227860,20.988618850708008,-285.8820495605469,6.268052691644342,-300.269941221095
1790281697,349221490,20.885774612426758,-285.8939514160156,6.307341221157293,-300.2722185444936
1790281697,449208140,20.78294563293457,-285.90679931640625,6.346913307523182,-300.27398129884193
1790281697,549241439,20.680152893066406,-285.92034912109375,6.38612010165501,-300.2753604412557
1790281697,649290357,20.577421188354492,-285.9344177246094,6.425451442452648,-300.2765242745244
1790281697,749165029,20.474773406982422,-285.9488220214844,6.465187202844991,-300.27762929782216
1790281697,849173798,20.37222671508789,-285.9634094238281,6.50502852003957,-300.27880705302806
1790281697,949171908,20.269683837890625,-285.9779357910156,6.543669712533393,-300.28016318480167
1790281698,49195737,20.167104721069336,-285.9923095703125,6.582930255513466,-300.28188710970016
1790281698,149273975,20.077363967895508,-286.00457763671875,6.617818498015888,-300.28380176594
1790281698,249215826,19.974842071533203,-286.0181579589844,6.656943570607265,-300.28647395589536
1790281698,349204625,19.87240982055664,-286.0310974121094,6.696816910927135,-300.289872278755
1790281698,449174815,19.770092010498047,-286.0433044433594,6.735542047197841,-300.29391453587857
1790281698,549203074,19.667917251586914,-286.0546569824219,6.7737703804762495,-300.2987218343102
1790281698,649482650,19.565900802612305,-286.0650329589844,6.811971635397145,-300.30443595248687
1790281698,749146194,19.46405601501465,-286.0743713378906,6.850572031526731,-300.31117078509965
1790281698,849172243,19.362274169921875,-286.0825500488281,6.888521233050918,-300.3188067233124
1790281698,949172773,19.260498046875,-286.089599609375,6.925940768361462,-300.32737794751563
1790281699,49220591,19.171483993530273,-286.0947265625,6.958996367411616,-300.33584723043504
1790281699,149291860,19.069807052612305,-286.09942626953125,6.996901128184034,-300.3466084270922
1790281699,249216100,18.968215942382812,-286.10284423828125,7.033888107693424,-300.3582078684948
1790281699,349207390,18.86672592163086,-286.10498046875,7.069756967248162,-300.37055797684957
1790281699,449197970,18.765350341796875,-286.1058654785156,7.106235253218098,-300.3842270879888
1790281699,549230019,18.66408920288086,-286.1054992675781,7.139792513647685,-300.39778477209904
1790281699,649197699,18.56294822692871,-286.10394287109375,7.176325183431895,-300.4136295556658
1790281699,749196778,18.46192741394043,-286.1012268066406,7.21120193333523,-300.4297836397094
1790281699,849172008,18.360904693603516,-286.0974426269531,7.245845142488419,-300.4467507203744
1790281699,949173628,18.25982093811035,-286.0926513671875,7.279596566623138,-300.4641577513389
1790281700,49171107,18.158702850341797,-286.08697509765625,7.313175150985964,-300.48225812045695
1790281700,149201096,18.070228576660156,-286.08135986328125,7.342536304363623,-300.4986772661649
1790281700,249322104,17.969118118286133,-286.0742492675781,7.376228845051799,-300.5181150922309
1790281700,349231355,17.868038177490234,-286.06658935546875,7.408612522413263,-300.53733092396334
1790281700,449214635,17.767005920410156,-286.05841064453125,7.4421282953268575,-300.5576705700907
1790281700,549216504,17.666032791137695,-286.0498962402344,7.474087164002105,-300.5774002336747
1790281700,649187654,17.56512451171875,-286.0411071777344,7.5066222823178,-300.5977254055571
1790281700,749209063,17.464292526245117,-286.0321960449219,7.539246642730427,-300.61824509745406
1790281700,849206253,17.363536834716797,-286.0232238769531,7.572101499015039,-300.6389498057646
1790281700,949199552,17.262866973876953,-286.0143737792969,7.604684702818953,-300.6594275665259
1790281701,49142363,17.16216278076172,-286.0056457519531,7.636911610791073,-300.6795297225164
1790281701,149145162,17.06136703491211,-285.9971923828125,7.669368676408775,-300.69953621995575
1790281701,249205631,16.960514068603516,-285.9891052246094,7.701339920257637,-300.7189311274548
1790281701,349179301,16.859750747680664,-285.9814147949219,7.734039873502722,-300.73838414788423
1790281701,449171940,16.7590389251709,-285.9742431640625,7.767354882251794,-300.7577511230794
1790281701,549246239,16.670907974243164,-285.9684143066406,7.79681523099176,-300.77445785932906
1790281701,649194569,16.570173263549805,-285.9623107910156,7.830569581133727,-300.7930896758279
1790281701,749178349,16.469451904296875,-285.95684814453125,7.864525791430965,-300.8112350071217
1790281701,849197288,16.368755340576172,-285.95208740234375,7.898927644131905,-300.8289957614193
1790281701,949201678,16.268091201782227,-285.9480285644531,7.932232854084365,-300.8455702433155
1790281702,49143918,16.16746711730957,-285.9447021484375,7.9675997734997095,-300.8624903427043
1790281702,149191137,16.0667667388916,-285.94207763671875,8.002231176700034,-300.87840231884854
1790281702,249183396,15.965934753417969,-285.94024658203125,8.036905704202603,-300.89367510980816
1790281702,349180806,15.865007400512695,-285.9391174316406,8.072015208932877,-300.908482970396
1790281702,449180055,15.764012336730957,-285.9386901855469,8.106878704334006,-300.9225521611407
1790281702,549237994,15.675616264343262,-285.93890380859375,8.138594793909009,-300.9348283308752
1790281702,649217954,15.574560165405273,-285.9397888183594,8.175241664956028,-300.94845101944287
1790281702,749274603,15.473498344421387,-285.9412841796875,8.21162867871499,-300.96139862890004
1790281702,849251212,15.372442245483398,-285.9433898925781,8.248111958338313,-300.97384764494853
1790281702,949165873,15.271403312683105,-285.9460144042969,8.28511511621359,-300.98596719905225
1790281703,49150633,15.170389175415039,-285.9491271972656,8.321447082270987,-300.997413151865
1790281703,149228781,15.069287300109863,-285.9526672363281,8.35736311405947,-301.00832631084114
1790281703,249227101,14.968164443969727,-285.95660400390625,8.39341863014484,-301.01892219914146
1790281703,349126661,14.867115020751953,-285.9608459472656,8.43136781062173,-301.02974569181345
1790281703,449220910,14.77867317199707,-285.9647521972656,8.46392151253764,-301.0388127369954
1790281703,549230219,14.677485466003418,-285.9693908691406,8.500549542385063,-301.04880950852277
1790281703,649223999,14.576221466064453,-285.97418212890625,8.537008078454212,-301.0585902158975
1790281703,749231608,14.474908828735352,-285.9790344238281,8.57441943543146,-301.0685030568592
1790281703,849244047,14.373574256896973,-285.98394775390625,8.610938563140358,-301.07810511021506
1790281703,949272276,14.272238731384277,-285.9888000488281,8.64817466499884,-301.0878666852612
1790281704,49291626,14.170919418334961,-285.9935607910156,8.685525213101537,-301.097674272221
1790281704,149211136,14.069631576538086,-285.9981994628906,8.724244021843763,-301.10790245047843
1790281704,249163646,13.968269348144531,-286.0026550292969,8.76186745857573,-301.11794335122465
1790281704,349240315,13.879484176635742,-286.0063781738281,8.794569848969576,-301.12678363103635
1790281704,449243694,13.77793025970459,-286.0104064941406,8.831723435962676,-301.13698811052154
1790281704,549253934,13.676332473754883,-286.01416015625,8.86845192612624,-301.14727552263787
1790281704,649265063,13.574721336364746,-286.017578125,8.905932261731774,-301.1580061528095
1790281704,749226703,13.473125457763672,-286.02069091796875,8.942024980886403,-301.16858903722016
1790281704,849235692,13.371566772460938,-286.0234680175781,8.978683312632649,-301.1796146969249
1790281704,949231252,13.270062446594238,-286.02587890625,9.015249368171043,-301.1909083675418
1790281705,49240491,13.168627738952637,-286.0279235839844,9.050588920419765,-301.20212224984886
1790281705,149248641,13.067273139953613,-286.0295715332031,9.087632206609,-301.21420704202905
1790281705,249257300,12.9660062789917,-286.0308532714844,9.123915756974627,-301.2263716598157
1790281705,349192500,12.864831924438477,-286.0317687988281,9.159400304184373,-301.2385983365375
1790281705,449208740,12.763753890991211,-286.0323181152344,9.194922208744039,-301.2511689545774
1790281705,549206989,12.662772178649902,-286.0325012207031,9.230835484085743,-301.2642132292321
1790281705,649155169,12.561887741088867,-286.0323181152344,9.26741224669373,-301.27782906337035
1790281705,749169489,12.461097717285156,-286.0318298339844,9.302972461303725,-301.2913872368952
1790281705,849201528,12.360401153564453,-286.0310363769531,9.338525212949119,-301.3052489593875
1790281705,949143278,12.25979232788086,-286.0299377441406,9.374048953950455,-301.3193941960853
1790281706,49181947,12.159151077270508,-286.028564453125,9.409051322663531,-301.3336058053544
1790281706,149135357,12.058414459228516,-286.0269775390625,9.444118967844934,-301.34810048504414
1790281706,249202726,11.95772933959961,-286.0251770019531,9.478217117422963,-301.36243076202976
1790281706,349179506,11.85718059539795,-286.0231628417969,9.512340552884133,-301.376976286273
1790281706,449199655,11.756754875183105,-286.0210266113281,9.54731585212196,-301.392076861287
1790281706,549183095,11.656438827514648,-286.0187683105469,9.582258678776338,-301.40732889662684
1790281706,649194334,11.556220054626465,-286.0163879394531,9.616416213908218,-301.4223761685654
1790281706,749199144,11.456086158752441,-286.0139465332031,9.650690710136983,-301.43758688253916
1790281706,849196813,11.356024742126465,-286.011474609375,9.685136844662415,-301.4529600517978
1790281706,949196202,11.25590991973877,-286.00897216796875,9.719511209797139,-301.4683591200978
1790281707,49148423,11.155789375305176,-286.0065002441406,9.75392048802945,-301.48380787037917
1790281707,149193051,11.055632591247559,-286.0040588378906,9.78764673408594,-301.4989584506796
1790281707,249132842,10.955486297607422,-286.0016784667969,9.822577788253012,-301.514635166639
1790281707,349173771,10.855317115783691,-285.9993896484375,9.85731357207661,-301.5301854805857
1790281707,449179490,10.75505256652832,-285.9971923828125,9.89156849555277,-301.5454604428671
1790281707,549252289,10.655044555664062,-285.9951171875,9.922178159507972,-301.559043864586
1790281707,649259518,10.568869590759277,-285.99346923828125,9.956292893701853,-301.57409486560107
1790281707,749204449,10.473036766052246,-285.9918212890625,9.989711729422307,-301.58873883114717
1790281707,849248097,10.380996704101562,-285.9904479980469,10.021377375431337,-301.6025135694402
1790281707,949218737,10.29354190826416,-285.989501953125,10.051653170685674,-301.61558361142255
1790281708,49216077,10.211283683776855,-285.9889831542969,10.079911766960354,-301.6276899082705
1790281708,149230636,10.134683609008789,-285.9889831542969,10.106691917338233,-301.6390747256499
1790281708,249220126,10.064081192016602,-285.98956298828125,10.131524951335635,-301.649548588068
1790281708,349193056,9.999717712402344,-285.9906921386719,10.153778100189022,-301.6588563282357
1790281708,449174855,9.941752433776855,-285.992431640625,10.173817470696536,-301.66716054371886
1790281708,549146485,9.890276908874512,-285.9947509765625,10.192046618604088,-301.6746208240212
1790281708,649274543,9.850586891174316,-285.99725341796875,10.206303463527377,-301.6803614900694
1790281708,749237653,9.811331748962402,-286.0006103515625,10.220101425886082,-301.6857881216998
1790281708,849207683,9.778536796569824,-286.0044250488281,10.23178887481735,-301.6902083026873
1790281708,949224552,9.75210952758789,-286.0086364746094,10.241012461788037,-301.69346745473274
1790281709,49265991,9.731919288635254,-286.0131530761719,10.24819906636112,-301.69569154820186
1790281709,149246981,9.71780014038086,-286.017822265625,10.253678377912417,-301.6969282640351
1790281709,249212181,9.709548950195312,-286.02252197265625,10.257117926185623,-301.69707011038133
1790281709,349165261,9.706927299499512,-286.02716064453125,10.258836077496317,-301.69613118673806
1790281709,449184920,9.7096586227417,-286.03155517578125,10.258920018147121,-301.69408616951773
1790281709,549174730,9.717402458190918,-286.0356140136719,10.257517444298212,-301.69099373007174
1790281709,649155570,9.72973346710205,-286.0391540527344,10.25480586757746,-301.68686043840825
1790281709,749167139,9.746153831481934,-286.04205322265625,10.250991086023953,-301.68175643277766
1790281709,849130629,9.76611042022705,-286.044189453125,10.246319726134567,-301.6758101331837
1790281709,949129319,9.789021492004395,-286.0455017089844,10.240964497076924,-301.66907703907106
1790281710,49236157,9.811018943786621,-286.0458679199219,10.235706685734431,-301.6624190922295
1790281710,149266996,9.837849617004395,-286.0453796386719,10.229454237230486,-301.65435881090997
1790281710,249199976,9.865918159484863,-286.04388427734375,10.222953562089709,-301.6457531585533
1790281710,349207296,9.894655227661133,-286.0413513183594,10.216498549855496,-301.636933592723
1790281710,449181815,9.923523902893066,-286.0378723144531,10.210155334446885,-301.627964200842
1790281710,549205895,9.952018737792969,-286.0336608886719,10.204130667185307,-301.6189538238739
1790281710,649160215,9.979667663574219,-286.03021240234375,10.19887781092512,-301.60963028600037
1790281710,749169364,10.006060600280762,-286.0292053222656,10.19535753438612,-301.6006671438515
1790281710,849820805,10.030861854553223,-286.0320739746094,10.193833197403118,-301.59143484585024
1790281710,949203633,10.053796768188477,-286.04022216796875,10.194863312232291,-301.58251847985855
1790281711,49179603,10.07465648651123,-286.05487060546875,10.198895868806403,-301.5738110519394
1790281711,149270961,10.093283653259277,-286.076904296875,10.205998587092383,-301.5659399822468
1790281711,249495257,10.109565734863281,-286.1070556640625,10.2170164494081,-301.55854580198786
1790281711,349202621,10.123429298400879,-286.145751953125,10.231464682171097,-301.5524000113593
1790281711,449174981,10.1348295211792,-286.1930847167969,10.249543998645315,-301.54757199870954
1790281711,549171660,10.143742561340332,-286.2489929199219,10.270893297756494,-301.5443366143345
1790281711,649198459,10.150165557861328,-286.3131408691406,10.295371246563978,-301.5427675186741
1790281711,749148190,10.154106140136719,-286.385009765625,10.322782568076017,-301.54294535962106
1790281711,849141559,10.155586242675781,-286.4639587402344,10.3527186407603,-301.5448891955315
1790281711,949128089,10.154644012451172,-286.5494079589844,10.384839274086358,-301.54853107830183
1790281712,49143118,10.15134334564209,-286.640625,10.418981884097626,-301.5537745199739
1790281712,149149718,10.145766258239746,-286.7368469238281,10.454527276620707,-301.56041815784016
1790281712,249357724,10.138021469116211,-286.8372497558594,10.487516511600399,-301.56742009904036
1790281712,349199136,10.129568099975586,-286.9279479980469,10.526034285533404,-301.57636120171225
1790281712,449218895,10.118127822875977,-287.0342712402344,10.565350323900477,-301.5861038276131
1790281712,549202045,10.104957580566406,-287.14276123046875,10.604785889176062,-301.5962819414206
1790281712,649904334,10.090252876281738,-287.2529296875,10.644896044745664,-301.6068300165048
1790281712,749230823,10.074231147766113,-287.3642272949219,10.685534110934853,-301.6175033085187
1790281712,849193653,10.057125091552734,-287.4762878417969,10.727646897605267,-301.6283472440838
1790281712,949230812,10.039182662963867,-287.5886535644531,10.769497091873923,-301.63870544534154
1790281713,49331641,10.020663261413574,-287.7010803222656,10.812044363511742,-301.6486132855093
1790281713,149227641,10.001832008361816,-287.8133239746094,10.853839126409074,-301.65756976965815
1790281713,249203491,9.982958793640137,-287.9251403808594,10.89595747378837,-301.66562928316256
1790281713,349202681,9.964311599731445,-288.0364074707031,10.937496810088025,-301.67246418489435
1790281713,449198060,9.946149826049805,-288.1470031738281,10.979635307372822,-301.67815801979293
1790281713,549199850,9.928727149963379,-288.2568664550781,11.020685712257402,-301.68235088687277
1790281713,649171660,9.91228199005127,-288.36590576171875,11.062525450913943,-301.6851188372867
1790281713,749171009,9.897034645080566,-288.4741516113281,11.104244588782374,-301.6863209024532
1790281713,849200428,9.883185386657715,-288.5816955566406,11.144164125295806,-301.6858705773727
1790281713,949210088,9.87091064453125,-288.68853759765625,11.183833082549251,-301.6837569758387
1790281714,49243037,9.860363006591797,-288.79461669921875,11.223606154339505,-301.6799088654046
1790281714,149211667,9.851667404174805,-288.8999938964844,11.263139282691148,-301.674336175564
1790281714,249471253,9.844919204711914,-289.00469970703125,11.302145231316151,-301.667079993393
1790281714,349200946,9.84018611907959,-289.1089782714844,11.341257406483109,-301.658032450827
1790281714,449171066,9.837504386901855,-289.2129211425781,11.378643444522773,-301.6476739302696
1790281714,549205635,9.836880683898926,-289.31658935546875,11.415412491585691,-301.63581023842755
1790281714,649195985,9.838286399841309,-289.4200134277344,11.451600174122198,-301.6225216984824
1790281714,749171454,9.841658592224121,-289.523193359375,11.487450490587953,-301.6078097720193
1790281714,849190324,9.846903800964355,-289.6261901855469,11.522088835891578,-301.5921506223415
1790281714,949198243,9.853902816772461,-289.7288818359375,11.556828133071486,-301.5751168347191
1790281715,49171883,9.862508773803711,-289.8312683105469,11.59132964314086,-301.5569723175513
1790281715,149176712,9.872560501098633,-289.93353271484375,11.624975527109905,-301.53823589237226
1790281715,249144892,9.883877754211426,-290.0357360839844,11.65809381182791,-301.51889844798944
1790281715,349194821,9.896270751953125,-290.13775634765625,11.69188857727181,-301.498412725611
1790281715,449517146,9.907845497131348,-290.2269287109375,11.721041374570545,-301.4802800127272
1790281715,549180080,9.921728134155273,-290.3288269042969,11.75342232281274,-301.4597813296067
1790281715,649170910,9.937945365905762,-290.4434509277344,11.78956059557829,-301.4366593492431
1790281715,749210789,9.952676773071289,-290.5452575683594,11.821394496405427,-301.4162655577764
1790281715,849195289,9.967510223388672,-290.64691162109375,11.853822933536701,-301.39563501506143
1790281715,949323027,9.980429649353027,-290.7357177734375,11.8835419134989,-301.3769754052511
1790281716,49221348,9.99497127532959,-290.837158203125,11.916829106164238,-301.35649155134877
1790281716,149287336,10.00912094116211,-290.93853759765625,11.949917717762895,-301.3367110417168
1790281716,249238796,10.022727012634277,-291.0398254394531,11.982935451201183,-301.3176637182782
1790281716,349237126,10.035651206970215,-291.1410217285156,12.01666931616992,-301.29900429691065
1790281716,449197446,10.047767639160156,-291.24212646484375,12.052139851811704,-301.2803133537538
1790281716,549519101,10.058964729309082,-291.34307861328125,12.086825793975951,-301.2630100391253
1790281716,649131576,10.069145202636719,-291.4440612792969,12.121777552511787,-301.2466035000925
1790281716,749173065,10.078225135803223,-291.54510498046875,12.156848247909773,-301.23122548783346
1790281716,849122685,10.086135864257812,-291.6461486816406,12.192139115301263,-301.2168655695821
1790281716,949169504,10.092823028564453,-291.7471923828125,12.22743241787239,-301.20362655688496
1790281717,49195483,10.098245620727539,-291.8481750488281,12.262583610068846,-301.191548789389
1790281717,149123894,10.102377891540527,-291.94915771484375,12.299151190768624,-301.1801375590943
1790281717,249228582,10.105208396911621,-292.050048828125,12.334670173525318,-301.17013812834153
1790281717,349208821,10.10673999786377,-292.1507568359375,12.371752031068635,-301.16079177419493
1790281717,449174521,10.106988906860352,-292.251220703125,12.409144780088397,-301.1524386970834
1790281717,549244510,10.105989456176758,-292.3514709472656,12.444569690449624,-301.14550955500033
1790281717,649198590,10.103792190551758,-292.4515380859375,12.481515304570676,-301.1392170864425
1790281717,749203559,10.100462913513184,-292.55145263671875,12.519364756224688,-301.1336888362751
1790281717,849200529,10.09607982635498,-292.6512145996094,12.55587948430808,-301.1291536703967
1790281717,949199748,10.090734481811523,-292.75091552734375,12.592941270972478,-301.12529993269027
1790281718,49197198,10.084527015686035,-292.8504943847656,12.630215619639197,-301.1220966556777
1790281718,149221297,10.077563285827637,-292.9500427246094,12.668119983052309,-301.11942539094576
1790281718,249153568,10.06995677947998,-293.0495300292969,12.705633199900907,-301.11727809111073
1790281718,349479523,10.061822891235352,-293.14898681640625,12.743086244390275,-301.11554434178777
1790281718,449174696,10.053279876708984,-293.2484130859375,12.779803794937914,-301.1141583122764
1790281718,549198466,10.04444408416748,-293.34783935546875,12.817256506518477,-301.1129732347857
1790281718,649175726,10.035429954528809,-293.447265625,12.854814969041508,-301.11192631804363
1790281718,749204085,10.026350975036621,-293.5466613769531,12.891896529150824,-301.1109487945212
1790281718,849197174,10.017314910888672,-293.6460876464844,12.929430734748259,-301.1099328827496
1790281718,949195214,10.0084228515625,-293.7454833984375,12.967027071562685,-301.1088095369867
1790281719,49199483,9.999772071838379,-293.84490966796875,13.004281809935312,-301.10751644793487
1790281719,149216662,9.991450309753418,-293.9443664550781,13.04180843300217,-301.1059653799669
1790281719,249198382,9.983539581298828,-294.0437927246094,13.079043910214944,-301.1041120578124
1790281719,349195432,9.976112365722656,-294.14324951171875,13.115417407015153,-301.1019417760798
1790281719,449207271,9.969232559204102,-294.24273681640625,13.152979115553487,-301.09927189668764
1790281719,549178471,9.962957382202148,-294.34222412109375,13.1902545931552,-301.09614955762396
1790281719,649203340,9.957331657409668,-294.4417419433594,13.227424601150373,-301.09253137419773
1790281719,749201969,9.952394485473633,-294.5412902832031,13.264539453969512,-301.08837965685353
1790281719,849181229,9.948175430297852,-294.6408386230469,13.301538039432906,-301.08367010656775
1790281719,949220748,9.94469165802002,-294.74041748046875,13.338131050885826,-301.0784247937547
1790281720,49246907,9.941956520080566,-294.8399963378906,13.375222161464498,-301.07251059449356
1790281720,149226677,9.939971923828125,-294.93963623046875,13.41286090460751,-301.0658835447763
1790281720,249564372,9.93873119354248,-295.0392761230469,13.449595080719044,-301.0588113028122
1790281720,349210886,9.938220977783203,-295.13897705078125,13.485376548654203,-301.05132017322865
1790281720,449568221,9.938419342041016,-295.23870849609375,13.521312238845287,-301.04321893679287
1790281720,549256845,9.939295768737793,-295.3384704589844,13.557778309605728,-301.0344231239817
1790281720,649243414,9.940812110900879,-295.4382629394531,13.59398272459688,-301.0251474811412
1790281720,749242574,9.942924499511719,-295.5380859375,13.629679286232388,-301.0154829796578
1790281720,849228794,9.945584297180176,-295.6379699707031,13.665816420645738,-301.00520817923035
1790281720,949287102,9.948736190795898,-295.7378845214844,13.701171716891295,-300.994717142899
1790281721,49237893,9.952798843383789,-295.850341796875,13.741297440997755,-300.9823261062003
1790281721,149145393,9.956803321838379,-295.9503479003906,13.776635043272929,-300.9710343014937
1790281721,249196352,9.961113929748535,-296.0503845214844,13.810858003174367,-300.95980027924156
1790281721,349202672,9.965667724609375,-296.15032958984375,13.847387353949255,-300.94753575798194
1790281721,449198831,9.970402717590332,-296.2502746582031,13.882715852409818,-300.93546035415756
1790281721,549152371,9.975258827209473,-296.3502502441406,13.918514216050273,-300.9230624123493
1790281721,649122321,9.98017692565918,-296.4503173828125,13.95417318715224,-300.9105985583714
1790281721,749196440,9.985098838806152,-296.5504150390625,13.989860136034917,-300.89806048123023
1790281721,849171440,9.989972114562988,-296.65057373046875,14.025057329114928,-300.88567700093427
1790281721,949147000,9.994745254516602,-296.7507629394531,14.060219138651654,-300.87333383926017
1790281722,49199068,9.999370574951172,-296.8509826660156,14.095721617337885,-300.8609412423916
1790281722,149147299,10.003806114196777,-296.95123291015625,14.131350871094012,-300.84861656114435
1790281722,249146158,10.008012771606445,-297.0514831542969,14.16686056053399,-300.83648174675324
1790281722,349196717,10.011956214904785,-297.1517639160156,14.202804408141454,-300.8243832269605
1790281722,449155667,10.015605926513672,-297.2520446777344,14.238179128489067,-300.81268738618223
1790281722,549175266,10.018937110900879,-297.35223388671875,14.27416501199488,-300.80103206063944
1790281722,649749678,10.021928787231445,-297.45233154296875,14.3100529916615,-300.78967094509846
1790281722,749127986,10.02456283569336,-297.552490234375,14.34609114667273,-300.7785485445886
1790281722,849173015,10.026829719543457,-297.65264892578125,14.382139335579472,-300.7677241943312
1790281722,949183904,10.028719902038574,-297.7528076171875,14.418344099588559,-300.75716865882015
1790281723,49199824,10.030231475830078,-297.8529968261719,14.454118912008543,-300.74705249262485
1790281723,149205833,10.031362533569336,-297.95318603515625,14.490220338775377,-300.7371726813861
1790281723,249142403,10.032119750976562,-298.05328369140625,14.5263868824132,-300.72760088919154
1790281723,349198002,10.032510757446289,-298.1532897949219,14.562668667078649,-300.718322977123
1790281723,449148812,10.03254508972168,-298.2532043457031,14.59914280259504,-300.7093159643772
1790281723,549133032,10.032238960266113,-298.35296630859375,14.635660092505992,-300.7006092951187
1790281723,649171481,10.031609535217285,-298.4527282714844,14.672803508723762,-300.69206057637723
1790281723,749357678,10.030678749084473,-298.55255126953125,14.704803934943213,-300.68493170604535
1790281723,849121091,10.029467582702637,-298.6524353027344,14.746064575043492,-300.67604344468873
1790281723,949176330,10.028003692626953,-298.75238037109375,14.778070988176083,-300.66937242429236
1790281724,49118880,10.026311874389648,-298.85235595703125,14.819547591244119,-300.6609886198678
1790281724,149177659,10.024421691894531,-298.952392578125,14.85602061344121,-300.6538458311577
1790281724,249171558,10.022359848022461,-299.05242919921875,14.892873286737967,-300.6468202186963
1790281724,349171468,10.020155906677246,-299.1524658203125,14.929430490419149,-300.64001805111906
1790281724,449201797,10.017839431762695,-299.2525329589844,14.965861284929224,-300.6333798125134
1790281724,549200707,10.0154390335083,-299.3525085449219,15.002453767355966,-300.6268321708645
1790281724,649197976,10.012983322143555,-299.4522705078125,15.03933471602497,-300.62033010018973
1790281724,749185066,10.010499000549316,-299.5519104003906,15.07588414660084,-300.6139574083191
1790281724,849198725,10.008012771606445,-299.65142822265625,15.112806718163384,-300.6075673850827
1790281724,949197995,10.005550384521484,-299.7508850097656,15.149853302289399,-300.60118020797967
1790281725,49194815,10.003135681152344,-299.8502502441406,15.186208426753101,-300.594913020205
1790281725,149228104,10.0007905960083,-299.9495849609375,15.22244869805072,-300.5886446603636
1790281725,249196274,9.998536109924316,-300.04888916015625,15.259201830614622,-300.58224562855116
1790281725,349200723,9.996391296386719,-300.148193359375,15.296620641096442,-300.5756669550106
1790281725,449203023,9.99437141418457,-300.24749755859375,15.333150547006463,-300.56916569850665
1790281725,549197032,9.992498397827148,-300.3465881347656,15.369852217560398,-300.5625373921594
1790281725,649197852,9.990823745727539,-300.4441223144531,15.405894093298672,-300.55592063264294
1790281725,749197031,9.989411354064941,-300.53887939453125,15.44107628391082,-300.54934702255
1790281725,849211221,9.988327980041504,-300.6298522949219,15.473946815100467,-300.54309215525217
1790281725,949155081,9.987641334533691,-300.7162170410156,15.505361572652497,-300.5370044038918
1790281726,49344188,9.98741340637207,-300.79742431640625,15.53558190993316,-300.5310418254761
1790281726,149169860,9.987696647644043,-300.8730163574219,15.563411299587717,-300.5254523668068
1790281726,249158659,9.988536834716797,-300.942626953125,15.588930637849302,-300.52023453493
1790281726,349454275,9.989962577819824,-301.00604248046875,15.612002910039848,-300.5154301602402
1790281726,449149179,9.99198055267334,-301.0630798339844,15.632761213086866,-300.511021512735
1790281726,549155898,9.99457836151123,-301.1136779785156,15.651088782142283,-300.50703576047243
1790281726,649155838,9.997725486755371,-301.1578063964844,15.667401742543758,-300.50337376076135
1790281726,749198447,10.001376152038574,-301.1954650878906,15.681062621457931,-300.50016598963776
1790281726,849206746,10.005463600158691,-301.2267150878906,15.692243990589859,-300.49735956869637
1790281726,949197896,10.009900093078613,-301.2516784667969,15.701350904358618,-300.4948241058957
1790281727,49303284,10.014582633972168,-301.27044677734375,15.707571632190511,-300.4928019920008
1790281727,149276834,10.018794059753418,-301.2819519042969,15.712488708657588,-300.49074644337355
1790281727,249205934,10.024221420288086,-301.29022216796875,15.715389821407953,-300.4886814186035
1790281727,349223634,10.028913497924805,-301.2916564941406,15.715848340347586,-300.48693020457745
1790281727,449233933,10.03280258178711,-301.2886047363281,15.71466363586267,-300.48538644430596
1790281727,549198263,10.036873817443848,-301.28045654296875,15.711609598900786,-300.4835785527217
1790281727,649198412,10.040411949157715,-301.267822265625,15.707005929955905,-300.4816873742259
1790281727,749223181,10.043290138244629,-301.2511291503906,15.700939896771327,-300.47960321403724
1790281727,849333650,10.045392990112305,-301.2309875488281,15.693483904789947,-300.47723462528916
1790281727,949324479,10.046623229980469,-301.20794677734375,15.685052674152068,-300.4746142795052
1790281728,49173631,10.046904563903809,-301.1826171875,15.675815764369094,-300.47170851201736
1790281728,149214750,10.046189308166504,-301.1556091308594,15.665858771169638,-300.4684777050938
1790281728,249159800,10.044453620910645,-301.1274719238281,15.655849669235971,-300.46508103222993
1790281728,349256918,10.041701316833496,-301.0987854003906,15.645359672398511,-300.46134269436146
1790281728,449236338,10.038484573364258,-301.07366943359375,15.636297075733347,-300.4579732553821
1790281728,549174848,10.033933639526367,-301.04534912109375,15.62592103306505,-300.45394147460576
1790281728,649147708,10.028515815734863,-301.0179138183594,15.615866147235328,-300.4498765703141
1790281728,749224616,10.023141860961914,-300.9950256347656,15.607538352927875,-300.4463902806621
1790281728,849239516,10.016395568847656,-300.9704284667969,15.598517742859258,-300.4425305788665
1790281728,949199276,10.00915813446045,-300.9478759765625,15.589936130034385,-300.43880855173603
1790281729,49154646,10.00161075592041,-300.9276428222656,15.582328808163494,-300.43551764908165
1790281729,149227955,9.994908332824707,-300.9120178222656,15.576259370842473,-300.43294448995573
1790281729,249200304,9.98731517791748,-300.8967590332031,15.57024606285079,-300.43051235808406
1790281729,349172964,9.979986190795898,-300.8843078613281,15.565009448945204,-300.42859082477327
1790281729,449412721,9.973111152648926,-300.8747863769531,15.561298295314131,-300.4274498080369
1790281729,549208033,9.967602729797363,-300.8688659667969,15.557777859935817,-300.4267093578368
1790281729,649198753,9.962024688720703,-300.8647766113281,15.555178347346866,-300.4266385241994
1790281729,749196712,9.957328796386719,-300.8634948730469,15.553541325160268,-300.42720711721176
1790281729,849175562,9.95361042022705,-300.8648681640625,15.55263878158156,-300.4284678705923
1790281729,949216611,9.95120620727539,-300.8681335449219,15.552516069418207,-300.43007885683795
1790281730,49171581,9.949457168579102,-300.8740234375,15.553082579085428,-300.43245072459894
1790281730,149391548,9.948770523071289,-300.8819580078125,15.554360119830585,-300.4353667205047
1790281730,249200840,9.949018478393555,-300.890380859375,15.55611637329157,-300.4384522792336
1790281730,349172049,9.950216293334961,-300.9014587402344,15.558614525813944,-300.4422101973948
1790281730,449215229,9.951997756958008,-300.9122009277344,15.561162563047183,-300.4456261462863
1790281730,549201078,9.954731941223145,-300.92535400390625,15.564490261132493,-300.44972704886453
1790281730,649245337,9.958044052124023,-300.9391174316406,15.568100710324412,-300.4538709059014
1790281730,749194057,9.961763381958008,-300.95318603515625,15.571952194983373,-300.45803204195647
1790281730,849213147,9.965237617492676,-300.9654846191406,15.575474735432925,-300.46164016253294
1790281730,949220866,9.968842506408691,-300.9776306152344,15.579302541915508,-300.4653758725956
1790281731,49223385,9.97251033782959,-300.989501953125,15.583204043984221,-300.46900292421435
1790281731,149164836,9.97669506072998,-301.0025634765625,15.587432934309932,-300.47273131932496
1790281731,249142566,9.9802827835083,-301.013427734375,15.591144569181235,-300.47582859189345
1790281731,349200974,9.983745574951172,-301.0236511230469,15.594683461763822,-300.4786303828812
1790281731,449204384,9.987044334411621,-301.03314208984375,15.598021669307812,-300.48113040533343
1790281731,549217373,9.990151405334473,-301.0418701171875,15.601154343023733,-300.4833380449171
1790281731,649217773,9.993049621582031,-301.0497741699219,15.604101918741675,-300.48528396211975
1790281731,749097204,9.996086120605469,-301.0577697753906,15.607138759940275,-300.4871391915607
1790281731,849198682,9.998478889465332,-301.0638122558594,15.609479411443239,-300.4884463296476
1790281731,949199701,10.00060749053955,-301.0688781738281,15.61153682531229,-300.4894841849577
1790281732,49195411,10.002462387084961,-301.0729675292969,15.613234711027792,-300.49022923012785
1790281732,149256820,10.004042625427246,-301.0760498046875,15.614561601787491,-300.4906968126796
1790281732,249218860,10.005352973937988,-301.0780944824219,15.615518903290114,-300.49090656811865
1790281732,349390237,10.006407737731934,-301.0791015625,15.616098216102968,-300.4908695467597
1790281732,449173199,10.007319450378418,-301.07904052734375,15.616300533200313,-300.4905509337635
1790281732,549197198,10.00788688659668,-301.07794189453125,15.616078914033482,-300.49004055572084
1790281732,649170768,10.008262634277344,-301.0758972167969,15.61551343030461,-300.4893566633601
1790281732,749163658,10.00847339630127,-301.072998046875,15.61459801904618,-300.4884893268454
1790281732,849197077,10.008546829223633,-301.0693054199219,15.613399249181553,-300.4874970497278
1790281732,949186367,10.00849437713623,-301.064208984375,15.6119025799131,-300.48636472585923
1790281733,49198326,10.008358001708984,-301.0590515136719,15.609944727228067,-300.4849813067053
1790281733,149262385,10.008161544799805,-301.0533752441406,15.60801556153959,-300.4836845524258
1790281733,249477801,10.007888793945312,-301.0463562011719,15.605674867318442,-300.48216816186783
1790281733,349193644,10.00759220123291,-301.0389099121094,15.603240626741824,-300.4806370807997
1790281733,449160775,10.007291793823242,-301.0311584472656,15.601015303939628,-300.4792642077396
1790281733,549230823,10.007040977478027,-301.02423095703125,15.598415218062133,-300.47767965605345
1790281733,649200473,10.006779670715332,-301.01629638671875,15.595753809320525,-300.47606807777987
1790281733,749497419,10.006551742553711,-301.0084533691406,15.593151750632007,-300.4744932186852
1790281733,849170693,10.006361961364746,-301.00079345703125,15.590650444440884,-300.4729721801278
1790281733,949249461,10.00622844696045,-300.99432373046875,15.588493862849807,-300.4716495167744
1790281734,49149692,10.006110191345215,-300.9873046875,15.586193504362768,-300.4702218617217
1790281734,149218431,10.006024360656738,-300.98077392578125,15.584101501705957,-300.4689026099643
1790281734,249175121,10.005964279174805,-300.9747619628906,15.582183744866805,-300.46767101955083
1790281734,349206590,10.00592041015625,-300.9693603515625,15.580620015202244,-300.46664868034793
1790281734,449140761,10.005884170532227,-300.964599609375,15.57896849450091,-300.465547383872
1790281734,549089111,10.005846977233887,-300.9605407714844,15.57768896716828,-300.4646780476966
1790281734,649214389,10.005805015563965,-300.95758056640625,15.576745827744052,-300.46402977048905
1790281734,749199508,10.005739212036133,-300.9548645019531,15.575888649743472,-300.46343959781257
1790281734,849198288,10.005646705627441,-300.9528503417969,15.575273590279583,-300.4630250517002
1790281734,949111559,10.005520820617676,-300.95159912109375,15.574891602577203,-300.46278760187784
1790281735,49309345,10.005379676818848,-300.9510803222656,15.574661335181808,-300.4626867811436
1790281735,149247326,10.005250930786133,-300.9511413574219,15.574658544807454,-300.4627397546694
1790281735,249545661,10.005778312683105,-300.9518737792969,15.575024715524869,-300.46274370234113
1790281735,349216185,10.008441925048828,-300.9532165527344,15.576123122178835,-300.4622625665328
1790281735,449185505,10.014721870422363,-300.9551086425781,15.578313189250402,-300.4608886343951
1790281735,549196884,10.025920867919922,-300.95745849609375,15.581466773193023,-300.45862561461394
1790281735,649196304,10.04071044921875,-300.9598693847656,15.58666364861967,-300.45462444636104
1790281735,749200523,10.06420612335205,-300.962890625,15.59390424179132,-300.44882509521784
1790281735,849196113,10.095314979553223,-300.9661560058594,15.603416262767107,-300.441058149154
1790281735,949171223,10.134403228759766,-300.9695739746094,15.615229187647246,-300.4313355704375
1790281736,49193712,10.175333023071289,-300.97259521484375,15.62757474587497,-300.4211541838093
1790281736,149285660,10.229804039001465,-300.97607421875,15.643701098118436,-300.4078798582837
1790281736,249198761,10.29216194152832,-300.9795227050781,15.662544510319194,-300.39243777237607
1790281736,349200860,10.36192798614502,-300.9828796386719,15.683153602362024,-300.3756438838065
1790281736,449206270,10.43850326538086,-300.986083984375,15.705095111384816,-300.3578826124096
1790281736,549182470,10.521209716796875,-300.9891662597656,15.72989856823744,-300.33792394101346
1790281736,649196809,10.609331130981445,-300.9920959472656,15.756022741031373,-300.3170125769007
1790281736,749199699,10.702146530151367,-300.994873046875,15.783633643626285,-300.29500567627196
1790281736,849173888,10.798954963684082,-300.9975280761719,15.812932007123631,-300.27172444960695
1790281736,949239597,10.88650131225586,-300.9997253417969,15.839302444159172,-300.2508005539857
1790281737,49258346,10.989328384399414,-301.00213623046875,15.869998519406485,-300.2264466028312
1790281737,149234426,11.094536781311035,-301.00445556640625,15.902201895226158,-300.20086131846665
1790281737,249201826,11.2015962600708,-301.0066833496094,15.93411964137125,-300.17542748385955
1790281737,349172446,11.310041427612305,-301.0088195800781,15.966638196883787,-300.1493941290137
1790281737,449197785,11.419589042663574,-301.01092529296875,15.998779417564242,-300.1234996384501
1790281737,549179425,11.529953002929688,-301.01300048828125,16.031200533420574,-300.09716743999945
1790281737,649236884,11.626927375793457,-301.0147705078125,16.059746013819097,-300.0737751757003
1790281737,749095025,11.751891136169434,-301.0169982910156,16.091735329333602,-300.04728680359295
1790281737,849232173,11.84908676147461,-301.0187072753906,16.123912282505337,-300.0203075057476
1790281737,949214053,11.960026741027832,-301.0205993652344,16.156025058353,-299.99301117523896
1790281738,49199692,12.070664405822754,-301.0224304199219,16.18841794960166,-299.9650548597096
1790281738,149201662,12.180888175964355,-301.0242004394531,16.22025988622003,-299.93712903919425
1790281738,249149982,12.290613174438477,-301.02587890625,16.25224113122412,-299.9085983404718
1790281738,349213071,12.386250495910645,-301.0272521972656,16.279671495302647,-299.8837133363635
1790281738,449207160,12.495165824890137,-301.0287170410156,16.310407026456133,-299.85533059114175
1790281738,549205029,12.603604316711426,-301.030029296875,16.339984117024724,-299.8274755602118
1790281738,649240599,12.71152400970459,-301.0311584472656,16.36949718783559,-299.79911372629897
1790281738,749198419,12.818900108337402,-301.0321044921875,16.3989930327625,-299.7701870122736
1790281738,849198588,12.92572021484375,-301.0328369140625,16.427542992411695,-299.7416036865942
1790281738,949196348,13.03198528289795,-301.0333557128906,16.455443131935134,-299.713091539106
1790281739,49196677,13.137822151184082,-301.0335998535156,16.48309370326077,-299.68424525582714
1790281739,149300005,13.243302345275879,-301.0335998535156,16.510793997823324,-299.65476272534005
1790281739,249231236,13.335286140441895,-301.03338623046875,16.534676947950118,-299.6288777318517
1790281739,349176136,13.440067291259766,-301.0328674316406,16.56193971627277,-299.5988029912489
1790281739,449312994,13.544474601745605,-301.03204345703125,16.58839200172312,-299.5690981542154
1790281739,549323734,13.648512840270996,-301.0309753417969,16.614316207529466,-299.53949053933763
1790281739,649694269,13.75219440460205,-301.0296325683594,16.639846469114495,-299.50987351523037
1790281739,749189175,13.8555326461792,-301.02801513671875,16.664751731161875,-299.4805621945294
1790281739,849140785,13.958545684814453,-301.026123046875,16.69025574239924,-299.4501614761187
1790281739,949359021,14.061367988586426,-301.0240173339844,16.712365731447015,-299.42352196669896
1790281740,49215563,14.151236534118652,-301.0220031738281,16.737366981072324,-299.3931282815357
1790281740,149269012,14.253833770751953,-301.0195007324219,16.762134704443163,-299.36277618104594
1790281740,249207702,14.356291770935059,-301.0168151855469,16.78752191591432,-299.3314742233897
1790281740,349171992,14.458602905273438,-301.0140075683594,16.81205110622498,-299.3010996638691
1790281740,449123512,14.56087589263916,-301.0110778808594,16.83656314699084,-299.2706740762096
1790281740,549277560,14.663166999816895,-301.008056640625,16.860654126605535,-299.24075590096504
1790281740,649207200,14.752649307250977,-301.00537109375,16.8828141531944,-299.2132655305422
1790281740,749200480,14.854879379272461,-301.00225830078125,16.907285960742218,-299.18298781734296
1790281740,849179210,14.957038879394531,-300.9991760253906,16.9317180336564,-299.1528972347122
1790281740,949195379,15.059106826782227,-300.99615478515625,16.955560665367845,-299.12371254247313
1790281741,49132640,15.161067962646484,-300.9931945800781,16.981350366306813,-299.0923856502034
1790281741,149255178,15.250271797180176,-300.9906921386719,17.003040698522007,-299.0662568537153
1790281741,249198328,15.352277755737305,-300.9879455566406,17.02860540376423,-299.03575177448784
1790281741,349146899,15.454296112060547,-300.9853515625,17.054074391648097,-299.0056983459419
1790281741,449481544,15.556291580200195,-300.98297119140625,17.07910796200303,-298.97652542929967
1790281741,549173797,15.658235549926758,-300.9808044433594,17.104767111128826,-298.9470089312164
1790281741,649207996,15.747458457946777,-300.97906494140625,17.12795570708869,-298.92068048396754
1790281741,749202176,15.849518775939941,-300.97735595703125,17.153905296075962,-298.8916063134374
1790281741,849204375,15.951618194580078,-300.97589111328125,17.180455088211765,-298.8622947867802
1790281741,949152826,16.053712844848633,-300.9747009277344,17.206889213860734,-298.8335394522672
1790281742,49172985,16.155887603759766,-300.97381591796875,17.23353602254603,-298.8049758344728
1790281742,149155864,16.25817108154297,-300.97320556640625,17.260263727811807,-298.77675301489467
1790281742,249218913,16.34770393371582,-300.9729309082031,17.284064649826615,-298.75196393693983
1790281742,349611727,16.450042724609375,-300.972900390625,17.31132028603044,-298.723957715413
1790281742,449146503,16.552349090576172,-300.9731140136719,17.33908186821475,-298.6958233719781
1790281742,549167072,16.654590606689453,-300.9736633300781,17.36682060461048,-298.66807851077374
1790281742,649199561,16.75674057006836,-300.9744567871094,17.39410781492467,-298.6411254517746
1790281742,749199681,16.858781814575195,-300.9754943847656,17.421662708406696,-298.6142232164244
1790281742,849185661,16.9606990814209,-300.976806640625,17.449306149228452,-298.58752316110684
1790281742,949146091,17.062602996826172,-300.9783020019531,17.477473999897644,-298.5605767934297
1790281743,49227239,17.151790618896484,-300.97979736328125,17.502591819662154,-298.5367363209846
1790281743,149230379,17.25372886657715,-300.9816589355469,17.530986947339322,-298.50997173870763
1790281743,249196889,17.355634689331055,-300.9836730957031,17.559393947381313,-298.48336293635924
1790281743,349202458,17.457483291625977,-300.9858093261719,17.587431731968334,-298.45723196058077
1790281743,449156339,17.55925178527832,-300.9880676269531,17.61637454574427,-298.43035891057764
1790281743,549092309,17.661043167114258,-300.9903564453125,17.644888488333454,-298.40394840075163
1790281743,649193847,17.750164031982422,-300.992431640625,17.670086994770045,-298.3806358923638
1790281743,749184037,17.85205078125,-300.99481201171875,17.69821410323414,-298.35461556621783
1790281743,849315544,17.953933715820312,-300.9971618652344,17.726882452599288,-298.3280666708623
1790281743,949195826,18.05577850341797,-300.9994812011719,17.75538751818675,-298.3016111385892
1790281744,49182225,18.157562255859375,-301.0017395019531,17.783868983952928,-298.275091910351
1790281744,149152685,18.259267807006836,-301.0039367675781,17.812539978566072,-298.24828259032836
1790281744,249288673,18.3482666015625,-301.0057678222656,17.837378689021048,-298.22494416579826
1790281744,349193273,18.462797164916992,-301.0079650878906,17.868260152044297,-298.1957505268854
1790281744,449214423,18.55189323425293,-301.0095520019531,17.892759427931857,-298.1724326538881
1790281744,549220292,18.653722763061523,-301.01123046875,17.920777390952583,-298.14558072639215
1790281744,649219581,18.755521774291992,-301.0127258300781,17.948615351134677,-298.11868788514954
1790281744,749483598,18.857269287109375,-301.0140380859375,17.976141074521596,-298.0918724334341
1790281744,849316190,18.95894432067871,-301.01513671875,18.004300190549177,-298.0641978961159
1790281744,949208281,19.060537338256836,-301.01605224609375,18.031354488804798,-298.03736807221753
1790281745,49147451,19.16203498840332,-301.01678466796875,18.059008597239604,-298.00968953019964
1790281745,149300328,19.25084686279297,-301.0172424316406,18.08315834964169,-297.98530970040366
1790281745,249180390,19.352426528930664,-301.017578125,18.11097331676663,-297.9569872210489
1790281745,349196199,19.45404624938965,-301.0177001953125,18.138121839197183,-297.9290929609643
1790281745,449196548,19.555673599243164,-301.01763916015625,18.16481833433025,-297.9014210104422
1790281745,549173778,19.65727996826172,-301.0173645019531,18.1914597405754,-297.8735665485744
1790281745,649172098,19.758848190307617,-301.0169372558594,18.218232811997606,-297.84534703513623
1790281745,749266776,19.847759246826172,-301.0163879394531,18.24154501903983,-297.82059792088614
1790281745,849210267,19.94948387145996,-301.0156555175781,18.267984591532883,-297.79233987246675
1790281745,949186247,20.0512752532959,-301.0147705078125,18.29467546297279,-297.7636229071893
1790281746,49485622,20.153095245361328,-301.01373291015625,18.321187575374857,-297.73492805790255
1790281746,149204945,20.25490951538086,-301.0126037597656,18.34708263842376,-297.7067514147862
1790281746,249130876,20.356693267822266,-301.0113830566406,18.37373306084127,-297.6776167814657
1790281746,349227314,20.44579315185547,-301.0102233886719,18.39685615123481,-297.6522469382713
1790281746,449219304,20.5477352142334,-301.00885009765625,18.422836891606025,-297.6236565604015
1790281746,549210184,20.64974021911621,-301.0074462890625,18.448849442193566,-297.59495955855357
1790281746,649182914,20.751766204833984,-301.0060119628906,18.47515479443195,-297.5658887544856
1790281746,749182803,20.853778839111328,-301.0045471191406,18.50048764417183,-297.53786383374444
1790281746,849196893,20.955747604370117,-301.0030822753906,18.526579396724348,-297.50899009988063
1790281746,949195983,21.057653427124023,-301.0016784667969,18.552399132095644,-297.48042784381914
1790281747,49206212,21.15947914123535,-301.0002746582031,18.578489749262843,-297.45159552896996
1790281747,149195032,21.261207580566406,-300.9989318847656,18.604164060115753,-297.4232710291967
1790281747,249132833,21.36283302307129,-300.9976501464844,18.630391918508973,-297.3943993180613
1790281747,349085523,21.46446418762207,-300.9964294433594,18.656415861895375,-297.36583190068774
1790281747,449243560,21.553434371948242,-300.99542236328125,18.678243514741084,-297.34194274168107
1790281747,549228250,21.655149459838867,-300.994384765625,18.705042868068222,-297.3127151803611
1790281747,649159090,21.756860733032227,-300.9934387207031,18.73185697641561,-297.28359248208017
1790281747,749185480,21.85854148864746,-300.9925842285156,18.758162518608934,-297.2551451586977
1790281747,849205999,21.960172653198242,-300.9918518066406,18.784901229415443,-297.2263648103125
1790281747,949134970,22.061851501464844,-300.9912414550781,18.811295297733462,-297.1980909475323
1790281748,49173268,22.163625717163086,-300.9907531738281,18.837453347652023,-297.1702113711275
1790281748,149254897,22.26544761657715,-300.9903564453125,18.8639585422317,-297.1421069426324
1790281748,249268416,22.354543685913086,-300.9901123046875,18.88730133653352,-297.11747443027946
1790281748,349202187,22.45635986328125,-300.9899597167969,18.91472174994814,-297.0886797139556
1790281748,449202976,22.558134078979492,-300.9898986816406,18.941589800890455,-297.0606057775453
1790281748,549177866,22.65984344482422,-300.9899597167969,18.968342150047818,-297.0327913305048
1790281748,649173015,22.761472702026367,-300.9901428222656,18.995492759311738,-297.00469789155073
1790281748,749216214,22.850406646728516,-300.9903564453125,19.01938242350832,-296.9800866914501
1790281748,849219504,22.95212745666504,-300.9906921386719,19.04629687499564,-296.9524722475399
1790281748,949197314,23.05388641357422,-300.9911193847656,19.07377491941205,-296.92439525893104
1790281749,49196593,23.155649185180664,-300.9916076660156,19.10064626842595,-296.8970431193671
1790281749,149187653,23.25738525390625,-300.9921875,19.127515662807387,-296.86978935889044
1790281749,249156883,23.359071731567383,-300.9927978515625,19.154956457629257,-296.84204336625544
1790281749,349141863,23.460691452026367,-300.9934997558594,19.182843992102832,-296.81392290929614
1790281749,449848763,23.549625396728516,-300.9941101074219,19.20675239276344,-296.78986844974537
1790281749,549200371,23.65135383605957,-300.994873046875,19.234013182038225,-296.7624927377622
1790281749,649154231,23.75312614440918,-300.9956359863281,19.261211568200128,-296.73522434742847
1790281749,749203431,23.85490608215332,-300.9964294433594,19.288618094887443,-296.7077818047815
1790281749,849123541,23.956663131713867,-300.9972229003906,19.317320210257467,-296.6790655341621
1790281749,949145380,24.05849266052246,-300.99798583984375,19.343661403642926,-296.65272262349083
1790281750,49212269,24.16042709350586,-300.998779296875,19.371127616948172,-296.6252566161321
1790281750,149127950,24.262310028076172,-300.9995422363281,19.398297854476503,-296.5980778323603
1790281750,249220578,24.363412857055664,-301.000244140625,19.422368110228845,-296.57398331701916
1790281750,349894019,24.450151443481445,-301.0007629394531,19.448755240787666,-296.547540981431
1790281750,449161508,24.557992935180664,-301.00128173828125,19.47689231760273,-296.51930724149753
1790281750,549220407,24.638227462768555,-301.0014953613281,19.498866308424265,-296.4972325712801
1790281750,649205477,24.725337982177734,-301.00146484375,19.522358202581056,-296.4736142724431
1790281750,749195557,24.807025909423828,-301.0010986328125,19.54460391540932,-296.451239620736
1790281750,849236176,24.882869720458984,-301.0003662109375,19.56528989891511,-296.4304358064174
1790281750,949210396,24.94419288635254,-300.9993591308594,19.581613016125196,-296.41402963845087
1790281751,49232645,25.008323669433594,-300.9977722167969,19.599036583445894,-296.39652894283364
1790281751,149213395,25.065963745117188,-300.9957580566406,19.614704934784477,-296.3808026973829
1790281751,249179785,25.117033004760742,-300.9932861328125,19.628283482685905,-296.3671753497293
1790281751,349087706,25.1615047454834,-300.9903869628906,19.640394350137633,-296.35499438020105
1790281751,449213884,25.195022583007812,-300.9875183105469,19.649569951664116,-296.345708204844
1790281751,549497250,25.22722053527832,-300.98394775390625,19.65830946635326,-296.336743293232
1790281751,649477270,25.25299644470215,-300.9801330566406,19.664942440125287,-296.3297415001293
1790281751,749196883,25.272489547729492,-300.9761962890625,19.669881598485365,-296.3242079407556
1790281751,849115744,25.285873413085938,-300.97216796875,19.673120073936055,-296.3200581742299
1790281751,949199142,25.29273796081543,-300.9687194824219,19.674526572631617,-296.31751967791973
1790281752,49480328,25.29526138305664,-300.9649353027344,19.674494215768274,-296.31580988386986
1790281752,149138522,25.292383193969727,-300.9614562988281,19.672764357902828,-296.31524243945273
1790281752,249211501,25.285701751708984,-300.9587707519531,19.669909218112466,-296.3155650764125
1790281752,349500986,25.273693084716797,-300.9562072753906,19.66520942883338,-296.31671296443494
1790281752,449203309,25.257503509521484,-300.9543151855469,19.65914860573058,-296.31851528716544
1790281752,549144840,25.237688064575195,-300.95318603515625,19.65168490045446,-296.3208630425814
1790281752,649203618,25.217836380004883,-300.9529113769531,19.64400878358852,-296.32328397657847
1790281752,749201258,25.192825317382812,-300.95343017578125,19.634766098711957,-296.3261266823804
1790281752,849542603,25.16592025756836,-300.9549255371094,19.625119079973704,-296.3289452540989
1790281752,949184627,25.13772201538086,-300.9573974609375,19.614945494360033,-296.3317220442437
1790281753,49204736,25.108808517456055,-300.9608154296875,19.604309840643108,-296.33441094221894
1790281753,149294435,25.079734802246094,-300.965087890625,19.593797177890345,-296.33680534627575
1790281753,249199676,25.051013946533203,-300.96954345703125,19.583016239760394,-296.3387348733899
1790281753,349209535,25.02312660217285,-300.9726257324219,19.572628844665612,-296.3395807097176
1790281753,449218354,24.996479034423828,-300.9727478027344,19.56286109733807,-296.3387923488571
1790281753,549121595,24.968402862548828,-300.9675598144531,19.553816723985143,-296.33589952412893
1790281753,649174204,24.9454345703125,-300.9567565917969,19.54531606061475,-296.3298460760278
1790281753,749197663,24.9245548248291,-300.93896484375,19.539602911831047,-296.32186173045335
1790281753,849447359,24.905920028686523,-300.9134826660156,19.535689144533993,-296.31085524397736
1790281753,949246741,24.8896427154541,-300.87982177734375,19.533982156840263,-296.2977049719561
1790281754,49194442,24.875804901123047,-300.8376770019531,19.534745422192426,-296.2803169910551
1790281754,149266620,24.86321258544922,-300.780029296875,19.538750379829295,-296.25870471793974
1790281754,249172141,24.854698181152344,-300.71990966796875,19.545242594031002,-296.23701473211304
1790281754,349220620,24.849323272705078,-300.66082763671875,19.553423966524612,-296.2156445944508
1790281754,449186830,24.845548629760742,-300.5863037109375,19.565394676712618,-296.18940351610115
1790281754,549225099,24.84428596496582,-300.5050354003906,19.57948722470313,-296.1624984291206
1790281754,649206569,24.845495223999023,-300.4176940917969,19.595914174259587,-296.1343562780271
1790281754,749199248,24.849117279052734,-300.3250427246094,19.614593451572606,-296.1049579183171
1790281754,849161058,24.855066299438477,-300.2278747558594,19.63504117933819,-296.0748668832862
1790281754,949191207,24.864398956298828,-300.114013671875,19.6597095602566,-296.04045972793614
1790281755,49125258,24.87488555908203,-300.00958251953125,19.680522100974553,-296.0125163017666
1790281755,149134467,24.887258529663086,-299.9027404785156,19.707838883799916,-295.97675813619014
1790281755,249210796,24.89948272705078,-299.8077392578125,19.73032897132017,-295.94775649663706
1790281755,349171326,24.916873931884766,-299.6840515136719,19.75873272657901,-295.9112692310538
1790281755,449200085,24.933664321899414,-299.5731506347656,19.781514477384697,-295.8818364582637
1790281755,549227574,24.94917869567871,-299.4756774902344,19.80719178070713,-295.8481880685806
1790281755,649222574,24.96761131286621,-299.36407470703125,19.832813118992846,-295.8137756717512
1790281755,749222173,24.986534118652344,-299.2525329589844,19.857763045473927,-295.77912108922783
1790281755,849204263,25.005666732788086,-299.1412658691406,19.88179725682254,-295.74426631115165
1790281755,949204102,25.02473258972168,-299.0304260253906,19.90557093338338,-295.7079454709533
1790281756,49225922,25.043458938598633,-298.920166015625,19.927329365586814,-295.6726127443908
1790281756,149274411,25.06157684326172,-298.810546875,19.947960993880024,-295.636656284257
1790281756,249171502,25.078832626342773,-298.7016906738281,19.96791292076785,-295.5989493686137
1790281756,349181391,25.094993591308594,-298.5935974121094,19.98525562578877,-295.5630144125784
1790281756,449239669,25.109838485717773,-298.4862365722656,20.00082071784648,-295.5271968431042
1790281756,549153490,25.124727249145508,-298.3663330078125,20.01658544762026,-295.48594016423687
1790281756,649182179,25.13616371154785,-298.2605285644531,20.028794824201515,-295.4490108799603
1790281756,749256038,25.14576530456543,-298.1554870605469,20.039167859468726,-295.41223117405497
1790281756,849234338,25.153419494628906,-298.05120849609375,20.047844435407775,-295.3751739034867
1790281756,949152698,25.159605026245117,-297.9346923828125,20.05548261822746,-295.3337433124606
1790281757,49202527,25.162893295288086,-297.8316955566406,20.06056909056629,-295.2964558799482
1790281757,149245276,25.16408348083496,-297.72930908203125,20.06404624722745,-295.2589519813544
1790281757,249226376,25.16319465637207,-297.6274719238281,20.06595108407045,-295.2218184091923
1790281757,349172956,25.159778594970703,-297.5133972167969,20.066361560559663,-295.1807948725171
1790281757,449174005,25.154693603515625,-297.4123840332031,20.065275225476416,-295.14269325098735
1790281757,549159105,25.14780616760254,-297.31170654296875,20.063054907460376,-295.10670986441005
1790281757,649206144,25.139263153076172,-297.2113952636719,20.05963330944336,-295.0687405849555
1790281757,749172694,25.12923240661621,-297.111328125,20.055383392598973,-295.0320436015412
1790281757,849178194,25.117895126342773,-297.0114440917969,20.050372294280404,-294.99556693562573
1790281757,949177643,25.10382080078125,-296.89923095703125,20.04408732128679,-294.95517744443737
1790281758,49173103,25.09035873413086,-296.799560546875,20.037824523300106,-294.918131342983
1790281758,149157142,25.076215744018555,-296.699951171875,20.031329553046653,-294.88150170012796
1790281758,249203271,25.06159210205078,-296.6004333496094,20.024947643228224,-294.8463500699927
1790281758,349240820,25.046688079833984,-296.5011291503906,20.018277173908796,-294.8096481771403
1790281758,449165901,25.031694412231445,-296.40191650390625,20.011695883167764,-294.7726753061585
1790281758,549167910,25.01495361328125,-296.2904357910156,20.004860794243733,-294.73242014167414
1790281758,649173470,25.000375747680664,-296.19140625,19.999024895585034,-294.69545839154307
1790281758,749200279,24.986251831054688,-296.0924072265625,19.993816840543964,-294.65908962583603
1790281758,849198008,24.97273063659668,-295.993408203125,19.989158365961792,-294.6220928683029
1790281758,949197918,24.959951400756836,-295.8945617675781,19.98529613706972,-294.58573888594725
1790281759,49207177,24.94803237915039,-295.7958984375,19.982135482859352,-294.5483608998114
1790281759,149258526,24.93708610534668,-295.6973571777344,19.979960999444046,-294.512536751379
1790281759,249217766,24.927207946777344,-295.5989074707031,19.97866284900578,-294.47591595535886
1790281759,349129507,24.917465209960938,-295.4882507324219,19.97840714539353,-294.4357124260288
1790281759,449125286,24.910097122192383,-295.389892578125,19.979262845908636,-294.39875949162854
1790281759,549175595,24.903995513916016,-295.29156494140625,19.981136996216907,-294.36222493237557
1790281759,649325342,24.89919090270996,-295.1932067871094,19.983935048483314,-294.3276647158079
1790281759,749238713,24.895702362060547,-295.094970703125,19.987809500023754,-294.2925310199031
1790281759,849171534,24.893354415893555,-294.98455810546875,19.993477767973317,-294.25243835308754
1790281759,949170353,24.892656326293945,-294.88653564453125,19.999532792886555,-294.2172870126541
1790281760,49204142,24.89323616027832,-294.78863525390625,20.006755850663804,-294.18122541572376
1790281760,149224201,24.895044326782227,-294.69091796875,20.01458315778618,-294.146777043972
1790281760,249209731,24.89847183227539,-294.58111572265625,20.0237971957584,-294.1105706998244
1790281760,349209690,24.902671813964844,-294.48370361328125,20.033922435679344,-294.0745522312458
1790281760,449209530,24.907861709594727,-294.386474609375,20.044179513849475,-294.04080522552914
1790281760,549189300,24.913942337036133,-294.2893371582031,20.055234892847675,-294.00673068889625
1790281760,649245389,24.920806884765625,-294.1922302246094,20.06682826848433,-293.9728982015279
1790281760,749205499,24.929325103759766,-294.0829772949219,20.080103525288607,-293.93594255262104
1790281760,849208898,24.93747329711914,-293.9859313964844,20.092526425181322,-293.90265155721164
1790281760,949235137,24.946041107177734,-293.88897705078125,20.104991807379946,-293.8701477791232
1790281761,49122718,24.95603370666504,-293.7799072265625,20.11962050092615,-293.83276246076423
1790281761,149205816,24.965099334716797,-293.6829833984375,20.132400554423562,-293.8004844346564
1790281761,249692369,24.97422218322754,-293.5860595703125,20.14583770336743,-293.76669386354064
1790281761,349182146,24.983291625976562,-293.4892578125,20.15881719900204,-293.7339790395366
1790281761,449173755,24.993305206298828,-293.38037109375,20.173258110001825,-293.69722549788946
1790281761,549223405,25.001928329467773,-293.2835388183594,20.18598266944288,-293.66429954074175
1790281761,649201634,25.010202407836914,-293.1867370605469,20.198719943706934,-293.6306276172252
1790281761,749185874,25.018043518066406,-293.0900573730469,20.21094062338435,-293.5974433529802
1790281761,849132814,25.026260375976562,-292.98126220703125,20.224120421760073,-293.5603711720157
1790281761,949197973,25.032955169677734,-292.884521484375,20.235576118657626,-293.52678755865253
1790281762,49203223,25.039026260375977,-292.7878112792969,20.246450905433058,-293.4934805043375
1790281762,149209012,25.04442596435547,-292.691162109375,20.257080157780944,-293.4592725300328
1790281762,249237961,25.04911994934082,-292.59454345703125,20.267106765691448,-293.4251929606561
1790281762,349383109,25.053525924682617,-292.4857482910156,20.27668606542852,-293.3906592495996
1790281762,449171631,25.056650161743164,-292.3889465332031,20.286653405098516,-293.3521589439038
1790281762,549198290,25.059017181396484,-292.2919921875,20.294964584531883,-293.31756884377796
1790281762,649172910,25.06063461303711,-292.19500732421875,20.302828408489823,-293.2822908343321
1790281762,749215099,25.061508178710938,-292.0980529785156,20.309959484560892,-293.2476267079598
1790281762,849209969,25.061660766601562,-292.0010070800781,20.316560377907646,-293.2127180606442
1790281762,949186238,25.060998916625977,-291.8917236328125,20.323305998296956,-293.17353314115803
1790281763,49727010,25.059711456298828,-291.7944641113281,20.32881961457613,-293.13810896744457
1790281763,149151328,25.057811737060547,-291.6970520019531,20.333906757428625,-293.10207217028403
1790281763,249178607,25.055343627929688,-291.5994567871094,20.33845092365715,-293.0665490171314
1790281763,349207206,25.052366256713867,-291.5018005371094,20.342536488979615,-293.0311954251503
1790281763,449210196,25.048931121826172,-291.40411376953125,20.346255226501,-292.99551766509785
1790281763,549278544,25.044597625732422,-291.2941589355469,20.349588732568037,-292.9601346654139
1790281763,649181275,25.040393829345703,-291.1963195800781,20.353007775058188,-292.9198986697938
1790281763,749199314,25.035926818847656,-291.0984802246094,20.355674339372918,-292.88527047326534
1790281763,849178574,25.030662536621094,-290.98846435546875,20.35835298663651,-292.84732883176304
1790281763,949772265,25.025836944580078,-290.8907775878906,20.36072496330689,-292.8111418305557
1790281764,49200253,25.020938873291016,-290.793212890625,20.36295142410118,-292.77528313986767
1790281764,149252652,25.01602554321289,-290.6957092285156,20.365114735389195,-292.7392367491962
1790281764,249188342,25.01114845275879,-290.5982360839844,20.367257218803505,-292.7030618664012
1790281764,349197501,25.006362915039062,-290.5007019042969,20.369396490520867,-292.6671813796231
1790281764,449504137,25.001712799072266,-290.4031066894531,20.371667709512966,-292.63005289820893
1790281764,549456327,24.996702194213867,-290.29315185546875,20.373956875389847,-292.5941553175812
1790281764,649159140,24.99248504638672,-290.1953125,20.376672480553484,-292.5539941603095
1790281764,749186429,24.988529205322266,-290.09735107421875,20.379266407588865,-292.5182499742944
1790281764,849212579,24.98442840576172,-289.9870910644531,20.381937620218313,-292.4840354659506
1790281764,949488694,24.981121063232422,-289.88909912109375,20.385250537857903,-292.4448467282052
1790281765,49199638,24.978151321411133,-289.7912292480469,20.388490266237984,-292.40958679690124
1790281765,149219117,24.975238800048828,-289.6812744140625,20.392434885028695,-292.37005683760856
1790281765,249144937,24.973041534423828,-289.5835876464844,20.396287531032407,-292.3344223551319
1790281765,349155337,24.971220016479492,-289.4859313964844,20.400466854686496,-292.29854949671426
1790281765,449178776,24.969776153564453,-289.38836669921875,20.404796199346254,-292.26390733328
1790281765,549182186,24.96870994567871,-289.2909240722656,20.409579243979557,-292.2281279871673
1790281765,649176825,24.968017578125,-289.19354248046875,20.41478363587953,-292.1915214630056
1790281765,749236764,24.967687606811523,-289.0961608886719,20.42008768585443,-292.15639980529625
1790281765,849162354,24.967737197875977,-288.986572265625,20.42641849770939,-292.116880950266
1790281765,949498519,24.968135833740234,-288.8890686035156,20.432353303697983,-292.0817837788543
1790281766,49203993,24.96885108947754,-288.7916259765625,20.438600420391992,-292.046553990142
1790281766,149221422,24.969858169555664,-288.6942138671875,20.445144954034806,-292.0111833043405
1790281766,249197112,24.971134185791016,-288.5968322753906,20.452006970184538,-291.9755227470936
1790281766,349143282,24.972862243652344,-288.48724365234375,20.4597064987664,-291.93696648770157
1790281766,449172001,24.974626541137695,-288.3897399902344,20.46705763636684,-291.9013547406644
1790281766,549153481,24.976577758789062,-288.29217529296875,20.474424866603158,-291.86661495371857
1790281766,649202310,24.978683471679688,-288.194580078125,20.482018180296162,-291.83165244013855
1790281766,749202649,24.980918884277344,-288.0970764160156,20.489728232408204,-291.7968667178892
1790281766,849133140,24.983551025390625,-287.9873352050781,20.49837917195066,-291.7585328020145
1790281766,949209528,24.985963821411133,-287.8897705078125,20.506432379287002,-291.72335419185464
1790281767,49200258,24.98841667175293,-287.7922668457031,20.51447289074049,-291.68859092377846
1790281767,149256666,24.990882873535156,-287.69482421875,20.52250700433336,-291.65410930369916
1790281767,249162927,24.993640899658203,-287.5852355957031,20.53151981409155,-291.6156012848225
1790281767,349199446,24.996049880981445,-287.4878234863281,20.539692546412745,-291.5807306492301
1790281767,449198766,24.998397827148438,-287.3903503417969,20.547830163289955,-291.54595422815095
1790281767,549228785,25.000661849975586,-287.29290771484375,20.55568023918481,-291.51227005832675
1790281767,649199515,25.002822875976562,-287.1955261230469,20.56381025098411,-291.4771608070976
1790281767,749152435,25.005111694335938,-287.08599853515625,20.57265210414564,-291.4386140017906
1790281767,849177384,25.007001876831055,-286.9887390136719,20.580475114353952,-291.40409949857286
1790281767,949220783,25.00874137878418,-286.8915710449219,20.588153286002107,-291.3697716427076
1790281768,49233372,25.01032257080078,-286.79443359375,20.59586078237892,-291.3347797406024
1790281768,149166203,25.01189422607422,-286.6852722167969,20.604298069247598,-291.29576996180646
1790281768,249196882,25.013080596923828,-286.5889892578125,20.61163137308335,-291.26117059807933
1790281768,349195691,25.014020919799805,-286.4947814941406,20.61880067986082,-291.2266460870823
1790281768,449189541,25.014659881591797,-286.40374755859375,20.625185870555228,-291.19521972760515
1790281768,549241889,25.014934539794922,-286.3167419433594,20.63140332171461,-291.16391439054735
1790281768,649175100,25.014741897583008,-286.224609375,20.63768461698654,-291.13151051461944
1790281768,749177429,25.014070510864258,-286.1483459472656,20.64279398317285,-291.1044991756216
1790281768,849217028,25.012887954711914,-286.07781982421875,20.64747802524369,-291.07914917524573
1790281768,949144399,25.010915756225586,-286.00567626953125,20.6520804003577,-291.0535932392786
1790281769,49175068,25.008581161499023,-285.9481201171875,20.65568122130598,-291.03302806861313
1790281769,149215077,25.005712509155273,-285.89691162109375,20.658765265222392,-291.01485252610723
1790281769,249270595,25.002338409423828,-285.85205078125,20.661430878691448,-290.99846943823866
1790281769,349240196,24.998504638671875,-285.8135681152344,20.663546673541962,-290.98463372217424
1790281769,449252355,24.994274139404297,-285.7814025878906,20.66516358024504,-290.9729370096651
1790281769,549135246,24.9891414642334,-285.752685546875,20.666338762679906,-290.9624747138127
1790281769,649185665,24.98435401916504,-285.733642578125,20.666786996393764,-290.95563104785373
1790281769,749184894,24.979473114013672,-285.72052001953125,20.666671496225597,-290.95057522612683
1790281769,849226723,24.974618911743164,-285.713134765625,20.665935294979704,-290.94744362866595
1790281769,949595337,24.96991729736328,-285.7112121582031,20.664549578526255,-290.94620987629673
1790281770,49221632,24.96550178527832,-285.71453857421875,20.662364101187453,-290.94676689941053
1790281770,149184492,24.961502075195312,-285.7226867675781,20.659595450841692,-290.9489160699633
1790281770,249177992,24.958051681518555,-285.7353210449219,20.656164970214785,-290.9524674389599
1790281770,349215231,24.95526695251465,-285.7518615722656,20.651946798335437,-290.957376104735
1790281770,449208910,24.953256607055664,-285.7718200683594,20.647165891485432,-290.9632115552703
1790281770,549176940,24.952104568481445,-285.79461669921875,20.641652770884804,-290.9700243658143
1790281770,649240989,24.951881408691406,-285.8196716308594,20.636399421337153,-290.97647981452013
1790281770,749311947,24.95248794555664,-285.84295654296875,20.629859636778928,-290.9843792518776
1790281770,849210928,24.95411491394043,-285.8706359863281,20.623013697701886,-290.9924486265361
1790281770,949203448,24.956735610961914,-285.89892578125,20.615785546524343,-291.00072567035085
1790281771,49214617,24.960323333740234,-285.92730712890625,20.608576269402917,-291.00871551935916
1790281771,149184197,24.964752197265625,-285.95526123046875,20.601253645733934,-291.0165184867033
1790281771,249200026,24.969327926635742,-285.982421875,20.593812365007647,-291.02380348347697
1790281771,349091887,24.97237205505371,-286.00830078125,20.58702438554858,-291.0292900594763
1790281771,449192365,24.972217559814453,-286.0325622558594,20.578016820859315,-291.03428739101037
1790281771,549255124,24.968324661254883,-286.05230712890625,20.570524291468608,-291.03622860863584
1790281771,649223624,24.95838165283203,-286.0729064941406,20.561823011088084,-291.0357960141192
1790281771,749201234,24.941530227661133,-286.0913391113281,20.552909181970506,-291.03218484134874
1790281771,849199593,24.91690444946289,-286.107421875,20.54403016272399,-291.02502982225593
1790281771,949176353,24.88391876220703,-286.12115478515625,20.535282945319807,-291.014011587647
1790281772,49197572,24.847858428955078,-286.13116455078125,20.52817298292558,-291.00145471232804
1790281772,149273041,24.798280715942383,-286.14031982421875,20.520692603544944,-290.9835643924719
1790281772,249236141,24.739986419677734,-286.14703369140625,20.514200886600623,-290.96238812485626
1790281772,349160332,24.673397064208984,-286.1513671875,20.508638880251468,-290.93740834827923
1790281772,449180011,24.599088668823242,-286.1533203125,20.50423634417249,-290.9093459142223
1790281772,549176490,24.517763137817383,-286.1529235839844,20.500971536959348,-290.878136195647
1790281772,649172960,24.430187225341797,-286.1502685546875,20.498920336098106,-290.844745908843
1790281772,749196489,24.3371639251709,-286.1454162597656,20.498008905805605,-290.80990842153403
1790281772,849211738,24.239484786987305,-286.1384582519531,20.49811929490724,-290.7747149843545
1790281772,949175699,24.137916564941406,-286.1295166015625,20.499089574013144,-290.73590701544686
1790281773,49198338,24.033174514770508,-286.1187438964844,20.50072311700408,-290.6968396291881
1790281773,149276506,23.92591667175293,-286.10626220703125,20.502820620619413,-290.657647627681
1790281773,249208507,23.816736221313477,-286.09228515625,20.505331502061058,-290.6157161736285
1790281773,349180716,23.706157684326172,-286.0769958496094,20.50790011377155,-290.5739631176036
1790281773,449329944,23.594640731811523,-286.06060791015625,20.510347060465858,-290.53208713676725
1790281773,549161116,23.48257827758789,-286.0433349609375,20.512552707946792,-290.48866196763726
1790281773,649526960,23.370304107666016,-286.02545166015625,20.51424063906004,-290.44532377033113
1790281773,749199034,23.258094787597656,-286.0071716308594,20.515219467511116,-290.40250422789705
1790281773,849175304,23.14617919921875,-285.98876953125,20.515375568942233,-290.3578787715275
1790281773,949155184,23.03461456298828,-285.9704895019531,20.514502951096702,-290.31620321859816
1790281774,49173613,22.923599243164062,-285.95257568359375,20.512489586385026,-290.27515050326264
1790281774,149209672,22.813323974609375,-285.9352722167969,20.509131706713358,-290.2327967814181
1790281774,249145222,22.703842163085938,-285.9188537597656,20.504365139918665,-290.1907407695679
1790281774,349143932,22.595064163208008,-285.90350341796875,20.49815864594135,-290.1494782450872
1790281774,449222480,22.50042152404785,-285.89111328125,20.491435814075032,-290.1136457938113
1790281774,549252419,22.39287567138672,-285.8782958984375,20.48215123131757,-290.0726181407536
1790281774,649174630,22.285993576049805,-285.8670654296875,20.471458622168058,-290.0331734380864
1790281774,749191939,22.179752349853516,-285.8575744628906,20.459226971698502,-289.99459678076596
1790281774,849174389,22.074119567871094,-285.8499450683594,20.445293860312418,-289.9564519003542
1790281774,949157249,21.96904754638672,-285.8442077636719,20.4298638839129,-289.91929539233115
1790281775,49175248,21.864368438720703,-285.8404541015625,20.413395688747823,-289.88403226482006
1790281775,149171258,21.75996971130371,-285.8387145996094,20.395129067587117,-289.84883595937356
1790281775,249157107,21.655834197998047,-285.8389892578125,20.375752022260414,-289.8149414683512
1790281775,349199616,21.56492042541504,-285.8408203125,20.35752538645194,-289.78556151434884
1790281775,449508571,21.461219787597656,-285.8446960449219,20.335145098554896,-289.7520810681593
1790281775,549199505,21.357715606689453,-285.850341796875,20.312309094756657,-289.7202628742766
1790281775,649183345,21.25439453125,-285.8576965332031,20.287962604838146,-289.68842796988355
1790281775,749138895,21.1512393951416,-285.8665466308594,20.262991527463324,-289.65751086918584
1790281775,849170464,21.048118591308594,-285.8768005371094,20.23790493586213,-289.62786079824895
1790281775,949170463,20.944969177246094,-285.8882141113281,20.21248282345944,-289.5989659433716
1790281776,49170653,20.841936111450195,-285.900634765625,20.185970127874807,-289.5697454638802
1790281776,149180602,20.738988876342773,-285.91387939453125,20.15947895940508,-289.54119805573015
1790281776,249231941,20.64893341064453,-285.9259948730469,20.135535349727945,-289.5157576255591
1790281776,349599186,20.546049118041992,-285.94024658203125,20.10853329112385,-289.4872642522696
1790281776,449241220,20.443239212036133,-285.95477294921875,20.081480069967103,-289.4587305403353
1790281776,549182510,20.340530395507812,-285.9693603515625,20.05473224448098,-289.4303298717937
1790281776,649222059,20.237945556640625,-285.98388671875,20.027904135150173,-289.40145996385183
1790281776,749183539,20.1355037689209,-285.9981384277344,20.001409987451588,-289.37237912299884
1790281776,849200479,20.033218383789062,-286.011962890625,19.975373036350426,-289.34304316867536
1790281776,949176029,19.93110466003418,-286.0252380371094,19.950657730301014,-289.31428131704405
1790281777,49177098,19.829172134399414,-286.037841796875,19.925810326061615,-289.28430715566617
1790281777,149187108,19.72742462158203,-286.04962158203125,19.90175011519542,-289.254047555081
1790281777,249173577,19.625865936279297,-286.0604553222656,19.878382712447,-289.22328585991386
1790281777,349159607,19.524497985839844,-286.0703125,19.85557001794369,-289.19170735767847
1790281777,449173146,19.42319679260254,-286.07904052734375,19.833712849208204,-289.15978366789216
1790281777,549244215,19.334569931030273,-286.08575439453125,19.815151163978328,-289.13115630926137
1790281777,649205105,19.233301162719727,-286.09228515625,19.79486225356764,-289.0980653725858
1790281777,749201475,19.132083892822266,-286.0975646972656,19.77556543413496,-289.06455468430096
1790281777,849174995,19.030935287475586,-286.1015625,19.7567198169275,-289.02960187520864
1790281777,949198854,18.929866790771484,-286.10430908203125,19.739253096171364,-288.9950213578047
1790281778,49126274,18.82876968383789,-286.10577392578125,19.723102742410614,-288.9607278064185
1790281778,149272222,18.74024772644043,-286.1059875488281,19.70933908451365,-288.92952091781876
1790281778,249226182,18.639026641845703,-286.1051330566406,19.694870044022615,-288.8944287159128
1790281778,349222292,18.53778839111328,-286.1030578613281,19.681277373147527,-288.8590041671348
1790281778,449225681,18.436559677124023,-286.0998840332031,19.66844012901285,-288.82310326131187
1790281778,549561506,18.335359573364258,-286.0956726074219,19.656290422281035,-288.7866516823431
1790281778,649206110,18.234203338623047,-286.09051513671875,19.64482258832435,-288.74983901286134
1790281778,749176250,18.133106231689453,-286.08447265625,19.634100151002485,-288.71319679715094
1790281778,849196589,18.032073974609375,-286.07769775390625,19.624036962954154,-288.67670431488693
1790281778,949204998,17.93111801147461,-286.07025146484375,19.61424235783721,-288.6392139473945
1790281779,49200218,17.830238342285156,-286.0622863769531,19.604846875116305,-288.60157071211034
1790281779,149167678,17.72944450378418,-286.05389404296875,19.595681577703928,-288.56345818090506
1790281779,249223637,17.641233444213867,-286.0462951660156,19.587946167364006,-288.53039423814704
1790281779,349227306,17.540327072143555,-286.0374450683594,19.57941607144069,-288.49333237044846
1790281779,449221896,17.439361572265625,-286.0284729003906,19.571021282391705,-288.45651170472655
1790281779,549297854,17.338367462158203,-286.01953125,19.562589605092768,-288.41954639543894
1790281779,649225365,17.23737335205078,-286.0107116699219,19.55387104370464,-288.38171195073875
1790281779,749205985,17.136402130126953,-286.0020751953125,19.54516141476206,-288.34461164194823
1790281779,849182194,17.03546714782715,-285.9937438964844,19.536249647345922,-288.3076545569373
1790281779,949239793,16.93458366394043,-285.9858093261719,19.526868959083824,-288.27001198541694
1790281780,49266672,16.83376121520996,-285.9783020019531,19.517304915052136,-288.2331049604966
1790281780,149234252,16.733007431030273,-285.9713439941406,19.507214459250974,-288.1958307061002
1790281780,249157913,16.632326126098633,-285.9649353027344,19.496758362649192,-288.15892739003027
1790281780,349173262,16.531600952148438,-285.95916748046875,19.485798020662706,-288.1220733965707
1790281780,449173242,16.430776596069336,-285.9540710449219,19.474498038034405,-288.0859489620994
1790281780,549242060,16.342504501342773,-285.9501647949219,19.46390266101375,-288.05365494999205
1790281780,649227640,16.241575241088867,-285.9464111328125,19.45146231897502,-288.01746220312106
1790281780,749201569,16.140625,-285.943359375,19.438311902045932,-287.9810484644957
1790281780,849204959,16.0396728515625,-285.9410705566406,19.424792416769932,-287.94537221382205
1790281780,949196809,15.938735961914062,-285.93951416015625,19.41079054132578,-287.910135361861
1790281781,49246577,15.837821006774902,-285.9386901855469,19.39620581765118,-287.87505091143686
1790281781,149221937,15.73693561553955,-285.9385681152344,19.381115974989065,-287.84027133366857
1790281781,249165357,15.636085510253906,-285.93914794921875,19.365490752138058,-287.80569055774964
1790281781,349200336,15.535274505615234,-285.94036865234375,19.349078024782887,-287.77071665749105
1790281781,449185846,15.434504508972168,-285.94219970703125,19.33262635743021,-287.7368668339268
1790281781,549649939,15.33377456665039,-285.944580078125,19.315447906288764,-287.7026559836133
1790281781,649300264,15.233084678649902,-285.947509765625,19.29780371949873,-287.66852269364153
1790281781,749213314,15.144928932189941,-285.950439453125,19.282084008604496,-287.63883610361927
1790281781,849209414,15.044035911560059,-285.95416259765625,19.263242888739445,-287.60403153638424
1790281781,949203254,14.943032264709473,-285.9582214355469,19.244974721682702,-287.5709658804921
1790281782,49207583,14.841949462890625,-285.96258544921875,19.22605565883868,-287.5373084536916
1790281782,149219263,14.740813255310059,-285.9671936035156,19.20707878480773,-287.5040290077918
1790281782,249205732,14.639647483825684,-285.971923828125,19.188266047877576,-287.47140937071913
1790281782,349207541,14.538469314575195,-285.9767761230469,19.16899773246737,-287.43828716873963
1790281782,449198511,14.437294960021973,-285.981689453125,19.150034658425447,-287.40587276565844
1790281782,549223020,14.336136817932129,-285.986572265625,19.131630734938813,-287.3745094301234
1790281782,649725113,14.235004425048828,-285.99139404296875,19.111831010509096,-287.3407775076672
1790281782,749176250,14.133910179138184,-285.9961242675781,19.092729634468522,-287.3081625169782
1790281782,849194789,14.032859802246094,-286.0007019042969,19.073551244383353,-287.2752565906729
1790281782,949241858,13.93186092376709,-286.0050354003906,19.05418835833653,-287.2418025349828
1790281783,49207078,13.83091926574707,-286.0091857910156,19.035114742557596,-287.2085472729292
1790281783,149188248,13.730036735534668,-286.0130310058594,19.016455311603156,-287.17564879410315
1790281783,249130618,13.629216194152832,-286.0165710449219,18.997312101458697,-287.14145705428007
1790281783,349197107,13.528342247009277,-286.0198059082031,18.979179314600394,-287.1085919029581
1790281783,449201956,13.427355766296387,-286.022705078125,18.960802162486516,-287.0747379222914
1790281783,549225305,13.338937759399414,-286.0249328613281,18.94480810368623,-287.0448029278124
1790281783,649203385,13.237835884094238,-286.0271301269531,18.926844828862848,-287.0105815885106
1790281783,749216834,13.136711120605469,-286.02899169921875,18.909656666262382,-286.97719589683095
1790281783,849226584,13.035588264465332,-286.0304260253906,18.892687191115357,-286.94355843523573
1790281783,949197784,12.93448543548584,-286.031494140625,18.875168176016263,-286.90810237564176
1790281784,49204163,12.833416938781738,-286.0322265625,18.858720484889975,-286.8741123759844
1790281784,149221303,12.732397079467773,-286.0325622558594,18.842472818669513,-286.83980297200026
1790281784,249196902,12.63143253326416,-286.03253173828125,18.826090823412567,-286.8044700232789
1790281784,349203212,12.530531883239746,-286.0321960449219,18.81047862469933,-286.77008636460937
1790281784,449147162,12.42970085144043,-286.0315246582031,18.79526685838315,-286.7358897982556
1790281784,549144982,12.328939437866211,-286.0305480957031,18.780162330835243,-286.7012300740214
1790281784,649203470,12.228250503540039,-286.029296875,18.765252252634003,-286.66636302330704
1790281784,749202310,12.127634048461914,-286.0278015136719,18.750454990363078,-286.63112791348715
1790281784,849199049,12.027088165283203,-286.02606201171875,18.735952839547817,-286.59599798210087
1790281784,949168589,11.926494598388672,-286.024169921875,18.721653426781955,-286.5608243729596
1790281785,49079860,11.825790405273438,-286.0220642089844,18.709169233137416,-286.52969985920106
1790281785,149131829,11.72500991821289,-286.01983642578125,18.693485184131017,-286.4901362956626
1790281785,249173478,11.624177932739258,-286.01751708984375,18.67963403528951,-286.4547868374834
1790281785,349201157,11.523317337036133,-286.0151062011719,18.665987456360373,-286.4196501850514
1790281785,449200807,11.422454833984375,-286.01263427734375,18.652675389294263,-286.38511493433975
1790281785,549166587,11.321722030639648,-286.0101318359375,18.639305266585865,-286.35026251127033
1790281785,649806358,11.221189498901367,-286.00762939453125,18.62569662520652,-286.31466562214365
1790281785,749200755,11.120831489562988,-286.00518798828125,18.612565465327794,-286.28025279330757
1790281785,849529500,11.020622253417969,-286.0027770996094,18.5993934598783,-286.2457504029836
1790281785,949203694,10.920541763305664,-286.00042724609375,18.586461761411332,-286.2119421699196
1790281786,49210264,10.820569038391113,-285.9981689453125,18.573176834436786,-286.17733452208967
1790281786,149170644,10.708307266235352,-285.99578857421875,18.55823523330756,-286.13861053960056
1790281786,249224213,10.621678352355957,-285.9940490722656,18.54631524172195,-286.1079377666035
1790281786,349222202,10.524636268615723,-285.9922790527344,18.533028224543752,-286.07397188048884
1790281786,449208082,10.430790901184082,-285.99078369140625,18.5200574475552,-286.04107952229543
1790281786,549235811,10.341057777404785,-285.9896240234375,18.507565898529105,-286.0096638310279
1790281786,649196001,10.25615119934082,-285.9888610839844,18.49547215498985,-285.9795107615111
1790281786,749201201,10.176617622375488,-285.98858642578125,18.48425602630411,-285.9517852209748
1790281786,849202910,10.102865219116211,-285.98883056640625,18.473464243350755,-285.92533893312043
1790281786,949199030,10.035191535949707,-285.9896240234375,18.463907881688407,-285.90212930560506
1790281787,49173060,9.973803520202637,-285.99102783203125,18.455025108793805,-285.8807540187249
1790281787,149140350,9.918830871582031,-285.9930114746094,18.44699691755053,-285.8616471561356
1790281787,249202418,9.870340347290039,-285.99560546875,18.43985482986617,-285.844890255005
1790281787,349199458,9.833240509033203,-285.9983215332031,18.43425321840761,-285.83197232795504
1790281787,449212537,9.796904563903809,-286.00189208984375,18.428669327410727,-285.81944845102333
1790281787,549249226,9.766968727111816,-286.0058898925781,18.42386946160527,-285.8091483074023
1790281787,649158447,9.743326187133789,-286.0102233886719,18.419862256623663,-285.8011532508638
1790281787,749160456,9.725831031799316,-286.0148010253906,18.41650411653921,-285.7952496481159
1790281787,849172226,9.714302062988281,-286.01953125,18.413836354152295,-285.79157091242723
1790281787,949174945,9.70852279663086,-286.02423095703125,18.411732717793363,-285.7899355301067
1790281788,49182575,9.70824146270752,-286.02880859375,18.410033419348206,-285.7902245046594
1790281788,149256963,9.713157653808594,-286.0330810546875,18.408688829011012,-285.79238912723474
1790281788,249194273,9.72289752960205,-286.0369567871094,18.40759247827812,-285.7963048901258
1790281788,349202273,9.7370023727417,-286.0402526855469,18.406652046186032,-285.8017894743232
1790281788,449160213,9.754949569702148,-286.0428771972656,18.40576857463277,-285.8086941659969
1790281788,549173352,9.776175498962402,-286.0447082519531,18.404858845304442,-285.8167998459582
1790281788,649315470,9.800090789794922,-286.0456848144531,18.403970527245697,-285.82482628681623
1790281788,749201631,9.82275104522705,-286.0457458496094,18.402815159101518,-285.8348433052959
1790281788,849209170,9.850098609924316,-286.0448913574219,18.40149416128641,-285.84536296246534
1790281788,949173540,9.878437042236328,-286.0429992675781,18.39999594008711,-285.8561078113005
1790281789,49152070,9.90721321105957,-286.0401306152344,18.398326058927317,-285.8668527398964
1790281789,149180379,9.935906410217285,-286.036376953125,18.396436216900877,-285.87760402598025
1790281789,249254438,9.96402645111084,-286.03253173828125,18.39405417767943,-285.8882357995482
1790281789,349506264,9.991132736206055,-286.03021240234375,18.391249616479513,-285.8968221741065
1790281789,449132979,10.016847610473633,-286.0309753417969,18.38628531977036,-285.9062711709336
1790281789,549147208,10.040862083435059,-286.0362548828125,18.38017013898789,-285.91300208538286
1790281789,649202086,10.062932968139648,-286.04736328125,18.372209794128473,-285.9176672920511
1790281789,749148967,10.082871437072754,-286.0653991699219,18.36208982391705,-285.919931103909
1790281789,849178776,10.098458290100098,-286.08746337890625,18.35167875898118,-285.9195136690674
1790281789,949215785,10.114059448242188,-286.1204833984375,18.338205384838243,-285.91605184791496
1790281790,49156645,10.127238273620605,-286.16204833984375,18.322806995941853,-285.90920174626564
1790281790,149216614,10.137954711914062,-286.21221923828125,18.306146484923,-285.8989511194052
1790281790,249198584,10.146190643310547,-286.2708740234375,18.28843701972565,-285.88535852110635
1790281790,349200483,10.151944160461426,-286.3375549316406,18.27002290194018,-285.8686829297335
1790281790,449161273,10.155226707458496,-286.4117736816406,18.250512747026395,-285.84847509081186
1790281790,549164253,10.156061172485352,-286.4928283691406,18.23075274179368,-285.8256003780135
1790281790,649205961,10.15449333190918,-286.5799865722656,18.210132057369975,-285.7994297933217
1790281790,749404818,10.150588035583496,-286.6725158691406,18.189269963727078,-285.77078199213867
1790281790,849152121,10.14443588256836,-286.7696228027344,18.168099659481573,-285.73974794585683
1790281790,949157001,10.136148452758789,-286.8705749511719,18.14737322699432,-285.70771119945204
1790281791,49180150,10.125864028930664,-286.9747009277344,18.12680069125951,-285.6745615302582
1790281791,149146280,10.11374282836914,-287.081298828125,18.10545019149447,-285.63912715187575
1790281791,249287837,10.10177230834961,-287.17626953125,18.086799943120337,-285.607634885623
1790281791,349286907,10.086715698242188,-287.286376953125,18.064723801494708,-285.5700960632019
1790281791,449207188,10.070402145385742,-287.3976135253906,18.042643044076293,-285.53265892977254
1790281791,549158188,10.053067207336426,-287.50958251953125,18.020716772505125,-285.4959821591923
1790281791,649206076,10.03496265411377,-287.6219177246094,17.998425034701523,-285.45958424778416
1790281791,749177556,10.018692970275879,-287.7202453613281,17.97591528022343,-285.42395685798226
1790281791,849220165,10.002209663391113,-287.8185119628906,17.9539648291948,-285.39029209444834
1790281791,949201075,9.983338356018066,-287.93072509765625,17.9285118889004,-285.35294609942684
1790281792,49200975,9.966995239257812,-288.0287780761719,17.903916567905103,-285.318567479965
1790281792,149271963,9.9509916305542,-288.1265869140625,17.879852891850724,-285.2866323109446
1790281792,249214023,9.933331489562988,-288.2380676269531,17.851906032520933,-285.251716145264
1790281792,349277712,9.918610572814941,-288.3352966308594,17.82611783697525,-285.22147891590544
1790281792,449155373,9.90282154083252,-288.4461364746094,17.79697026188234,-285.18957141990643
1790281792,549179132,9.888333320617676,-288.556640625,17.76576926899437,-285.15795713817795
1790281792,649181312,9.876869201660156,-288.653076171875,17.737443575303406,-285.1313171552159
1790281792,749174092,9.865297317504883,-288.762939453125,17.703468797841158,-285.10177568977105
1790281792,849192471,9.856616973876953,-288.85882568359375,17.673987106699826,-285.0780735170392
1790281792,949200030,9.848447799682617,-288.9681396484375,17.639758395291814,-285.0527478553035
1790281793,49172900,9.842230796813965,-289.07708740234375,17.604723960185183,-285.0290610428806
1790281793,149258088,9.838441848754883,-289.17218017578125,17.572706617526602,-285.00919867118256
1790281793,249178409,9.83602523803711,-289.2806091308594,17.534101156658696,-284.98729150927323
1790281793,349197518,9.835591316223145,-289.3753356933594,17.50050799063504,-284.9698097406588
1790281793,449133749,9.836990356445312,-289.48345947265625,17.46194821267914,-284.95149633267295
1790281793,549176087,9.839827537536621,-289.5779724121094,17.427559559433735,-284.93652928123703
1790281793,649203116,9.844834327697754,-289.6859436035156,17.388029799244787,-284.92078584780785
1790281793,749221326,9.850672721862793,-289.7802734375,17.352505643621303,-284.9077974738164
1790281793,849195965,9.858888626098633,-289.88800048828125,17.31079967577547,-284.8937435152748
1790281793,949202385,9.8673095703125,-289.9822998046875,17.27393271826541,-284.8822234272619
1790281794,49210274,9.876760482788086,-290.0766296386719,17.236594810142574,-284.87129426320627
1790281794,149213454,9.888665199279785,-290.1844482421875,17.19452846595125,-284.85970286422673
1790281794,249216403,9.89990520477295,-290.27886962890625,17.15754422365372,-284.8500156950637
1790281794,349156384,9.9135160446167,-290.38677978515625,17.11497567174163,-284.8392870829881
1790281794,449197743,9.925947189331055,-290.4812927246094,17.075812345699955,-284.8296644650094
1790281794,549187142,9.938727378845215,-290.575927734375,17.037725196498034,-284.82040932084885
1790281794,649267421,9.951727867126465,-290.6705627441406,16.999925806589193,-284.81121978328264
1790281794,749202651,9.966694831848145,-290.77886962890625,16.95767217625199,-284.80080551821885
1790281794,849173711,9.98160457611084,-290.8872985839844,16.916279454564197,-284.7903025101517
1790281794,949211910,9.994468688964844,-290.9822082519531,16.879756091315908,-284.7806880230258
1790281795,49195590,10.00881576538086,-291.0906677246094,16.838668585653572,-284.7693569304785
1790281795,149165739,10.022639274597168,-291.1990051269531,16.797566517353925,-284.7573645797321
1790281795,249246868,10.034194946289062,-291.2936706542969,16.76216432412995,-284.7464171690358
1790281795,349172288,10.046667098999023,-291.4017639160156,16.72156468011534,-284.73305713732685
1790281795,449146819,10.058245658874512,-291.50958251953125,16.681445311562598,-284.71889537852513
1790281795,549244107,10.067559242248535,-291.6037292480469,16.64509993096286,-284.7052074707764
1790281795,649073018,10.077190399169922,-291.7111511230469,16.609913615427526,-284.6911078213383
1790281795,749228006,10.084671020507812,-291.8049621582031,16.570186674887204,-284.6741107386488
1790281795,849212076,10.092082977294922,-291.9120178222656,16.532556083996383,-284.6568198271997
1790281795,949204165,10.097533226013184,-292.0054626464844,16.49743169540085,-284.6396005152368
1790281796,49205615,10.1019926071167,-292.0987548828125,16.460792301188285,-284.62061414741834
1790281796,149247824,10.105443954467773,-292.1920471191406,16.428329780095538,-284.6028098462124
1790281796,249196264,10.108147621154785,-292.29876708984375,16.391212104994437,-284.5812139105919
1790281796,349203553,10.109430313110352,-292.3922424316406,16.358540378745417,-284.5611157755399
1790281796,449177293,10.109676361083984,-292.4991149902344,16.323027177096293,-284.53808489817544
1790281796,549206982,10.108848571777344,-292.5926513671875,16.292177081488163,-284.51702446946746
1790281796,649130083,10.106757164001465,-292.6996154785156,16.257215049360756,-284.49200860873196
1790281796,749201031,10.103971481323242,-292.793212890625,16.22687720476025,-284.4693278471845
1790281796,849196331,10.099766731262207,-292.90020751953125,16.193723862098985,-284.4435171801114
1790281796,949202870,10.095259666442871,-292.9938049316406,16.164095143416365,-284.419578379879
1790281797,49166590,10.089250564575195,-293.1007995605469,16.131952726715127,-284.3927273032021
1790281797,149272038,10.083319664001465,-293.19439697265625,16.10402722512197,-284.368701631145
1790281797,249185249,10.075873374938965,-293.30133056640625,16.07190800124182,-284.3403470859155
1790281797,349130439,10.067824363708496,-293.4081726074219,16.041156319490664,-284.31257171599157
1790281797,449192738,10.060379981994629,-293.50152587890625,16.014561141606066,-284.2881216975906
1790281797,549195107,10.051518440246582,-293.608154296875,15.985126711786316,-284.2606947035122
1790281797,649202107,10.042394638061523,-293.714599609375,15.954899962357313,-284.23223743040853
1790281797,749176897,10.033123016357422,-293.82080078125,15.925394353609422,-284.20429819993245
1790281797,849204126,10.02381706237793,-293.9266662597656,15.896272049366733,-284.1766785026871
1790281797,949175416,10.014585494995117,-294.03216552734375,15.866209218219527,-284.1482374024191
1790281798,49211955,10.006649017333984,-294.124267578125,15.84019679121029,-284.12378058366147
1790281798,149211744,9.997828483581543,-294.2293395996094,15.810678134907906,-284.09629307092143
1790281798,249177274,9.989358901977539,-294.3341369628906,15.781467185684114,-284.06946652508026
1790281798,349176184,9.981324195861816,-294.43865966796875,15.751651031860431,-284.0425480427202
1790281798,449149133,9.973796844482422,-294.5428466796875,15.721641370920974,-284.01599176872145
1790281798,549171293,9.96684455871582,-294.646728515625,15.691244625852558,-283.9896993642844
1790281798,649219421,9.961276054382324,-294.7374267578125,15.663873387892394,-283.96657982238673
1790281798,749178222,9.955545425415039,-294.8409423828125,15.632966012633492,-283.9411345118653
1790281798,849130942,9.950526237487793,-294.94427490234375,15.601321498764621,-283.9158297964732
1790281798,949235000,9.946742057800293,-295.0346374511719,15.573757431930407,-283.894418077001
1790281799,49190350,9.943129539489746,-295.1378479003906,15.541574391845154,-283.870159047222
1790281799,149179460,9.940289497375488,-295.2409973144531,15.50895804230839,-283.8463531152143
1790281799,249170929,9.938225746154785,-295.3440246582031,15.476875332183573,-283.82371676235596
1790281799,349157149,9.937051773071289,-295.4341735839844,15.44808448845906,-283.80403849066806
1790281799,449154918,9.936420440673828,-295.5372009277344,15.414996991746648,-283.78213478675434
1790281799,549209797,9.936527252197266,-295.64019775390625,15.380975701788408,-283.76035179530226
1790281799,649132138,9.93734073638916,-295.7431335449219,15.347061883497974,-283.7393399456933
1790281799,749156467,9.938604354858398,-295.8332214355469,15.31659033871101,-283.7210182135479
1790281799,849244066,9.94063663482666,-295.93621826171875,15.281928605674706,-283.70075889273846
1790281799,949206505,9.94325065612793,-296.03924560546875,15.24718106386623,-283.68102872561724
1790281800,49164516,9.94597053527832,-296.12945556640625,15.216059920517246,-283.66380331368896
1790281800,149211354,9.9495210647583,-296.232666015625,15.181457166528437,-283.64508967279687
1790281800,249208244,9.953484535217285,-296.3359069824219,15.146157326933398,-283.626438722859
1790281800,349152894,9.957796096801758,-296.43914794921875,15.110771391673792,-283.6081153444206
1790281800,449179413,9.962392807006836,-296.54248046875,15.080053130481375,-283.592465025391
1790281800,549186223,9.966596603393555,-296.6329345703125,15.043738772342714,-283.5742195794335
1790281800,649174793,9.971551895141602,-296.7363586425781,15.007229712060163,-283.55608721736115
1790281800,749217922,9.975972175598145,-296.8269348144531,14.975420962769316,-283.5404162850124
1790281800,849175092,9.98106575012207,-296.9305419921875,14.93911845095749,-283.5226270858198
1790281800,949173401,9.986148834228516,-297.0342102050781,14.902686487317377,-283.5048248470483
1790281801,49223330,9.990544319152832,-297.1249694824219,14.870665830284386,-283.48917895656376
1790281801,149241549,9.99545955657959,-297.22882080078125,14.834662850321518,-283.4715421295079
1790281801,249206709,10.000215530395508,-297.33270263671875,14.798888603066684,-283.45392699126324
1790281801,349179659,10.004767417907715,-297.4365234375,14.762653117016379,-283.4359490909561
1790281801,449258558,10.008551597595215,-297.5273132324219,14.730535589045855,-283.41986932090816
1790281801,549203668,10.012617111206055,-297.6310729980469,14.694658303425935,-283.4017106807021
1790281801,649204697,10.016377449035645,-297.73486328125,14.658510067320854,-283.3831675210853
1790281801,749171597,10.019804954528809,-297.8385925292969,14.623106473821629,-283.3647307849663
1790281801,849216056,10.022515296936035,-297.9293518066406,14.59139894568021,-283.34796505324493
1790281801,949167386,10.02526569366455,-298.0331726074219,14.555390281037683,-283.32861597499794
1790281802,49111467,10.027634620666504,-298.136962890625,14.524442363975908,-283.3117051743949
1790281802,149229885,10.029388427734375,-298.227783203125,14.489116207766612,-283.29206053749056
1790281802,249174245,10.031023025512695,-298.3316650390625,14.453913144057646,-283.2721102474864
1790281802,349171205,10.032264709472656,-298.4355163574219,14.418496629248777,-283.2516502585022
1790281802,449205814,10.03303050994873,-298.52642822265625,14.387603380060662,-283.2334836483947
1790281802,549172784,10.033547401428223,-298.63037109375,14.352728394692447,-283.2126119119459
1790281802,649205223,10.033690452575684,-298.7343444824219,14.319153259088916,-283.19213755597764
1790281802,749231292,10.033522605895996,-298.8252258300781,14.28915809650649,-283.17353497170296
1790281802,849149413,10.033008575439453,-298.9290771484375,14.25451057253288,-283.15169701425015
1790281802,949200521,10.032173156738281,-299.032958984375,14.220098019154927,-283.1296437850352
1790281803,49410048,10.031037330627441,-299.1369323730469,14.190657134148404,-283.1104976749699
1790281803,149205350,10.029817581176758,-299.2279357910156,14.156727760061631,-283.0881271876768
1790281803,249169150,10.028190612792969,-299.33197021484375,14.12317449053145,-283.06570133171306
1790281803,349148620,10.02634048461914,-299.4359436035156,14.089481718278286,-283.04290183056514
1790281803,449157590,10.024561882019043,-299.52691650390625,14.060076295459469,-283.0227918448025
1790281803,549211139,10.022374153137207,-299.6308898925781,14.026517623786674,-282.99962959487436
1790281803,649208608,10.020345687866211,-299.7218322753906,13.996833877394428,-282.97897191078897
1790281803,749760570,10.017926216125488,-299.8257751464844,13.963440761258765,-282.9555722536832
1790281803,849210817,10.015425682067871,-299.9297790527344,13.930284420282115,-282.932196935032
1790281803,949136548,10.012873649597168,-300.0337219238281,13.897656945516236,-282.9090803960791
1790281804,49217176,10.010621070861816,-300.12469482421875,13.869346134091321,-282.8889560098514
1790281804,149235576,10.008049964904785,-300.2286376953125,13.836542165847643,-282.86558884294277
1790281804,249208326,10.005524635314941,-300.3319091796875,13.804059283724381,-282.8424226119204
1790281804,349205425,10.003113746643066,-300.43310546875,13.772737210941264,-282.82007652916025
1790281804,449165275,10.000893592834473,-300.5310363769531,13.742082588559027,-282.79821126283025
1790281804,549503860,9.99894905090332,-300.624755859375,13.716611850342707,-282.78005320857955
1790281804,649204194,9.997536659240723,-300.70269775390625,13.689080723191742,-282.7604391310539
1790281804,749200993,9.996320724487305,-300.7866516113281,13.662990287194143,-282.7418641378298
1790281804,849179453,9.99559211730957,-300.8647155761719,13.638660123550613,-282.7245549548609
1790281804,949203692,9.995403289794922,-300.93658447265625,13.616205429646339,-282.7085909177728
1790281805,49209262,9.995709419250488,-300.9941711425781,13.597859226005864,-282.69555857138107
1790281805,149215591,9.996620178222656,-301.0538330078125,13.579001415382656,-282.6821835155282
1790281805,249208911,9.998132705688477,-301.1068420410156,13.562162333768155,-282.67027842014187
1790281805,349255930,9.9999361038208,-301.14776611328125,13.549146535921992,-282.66112664192417
1790281805,449184580,10.00251579284668,-301.1882629394531,13.536554375572747,-282.65235715623305
1790281805,549180860,10.005596160888672,-301.2221984863281,13.525924908576616,-282.64508961879903
1790281805,649210009,10.009100914001465,-301.2496032714844,13.517213582543999,-282.6393361249926
1790281805,749159779,10.012937545776367,-301.2706298828125,13.510142615912677,-282.63497457248394
1790281805,849210058,10.016481399536133,-301.283935546875,13.505537471852715,-282.63249152975084
1790281805,949201188,10.02064037322998,-301.29351806640625,13.501773061942249,-282.63106154189904
1790281806,49176758,10.024786949157715,-301.2973327636719,13.499716937040237,-282.63117366357005
1790281806,149146958,10.02878189086914,-301.2956237792969,13.49906667259049,-282.63275899504214
1790281806,249187287,10.03204345703125,-301.28985595703125,13.499576444541471,-282.6353971744393
1790281806,349168516,10.035379409790039,-301.27880859375,13.501247736653733,-282.6397600707517
1790281806,449175496,10.038167953491211,-301.2633972167969,13.5037988301987,-282.64523044093903
1790281806,549155256,10.040287017822266,-301.24420166015625,13.507150439000881,-282.65195430073607
1790281806,649255664,10.041508674621582,-301.22479248046875,13.51063169614232,-282.6588211139527
1790281806,749147085,10.04210090637207,-301.2001037597656,13.515064379925649,-282.66763233348684
1790281806,849235853,10.04186725616455,-301.17681884765625,13.519152806660962,-282.6759249254931
1790281806,949207113,10.040701866149902,-301.1488037109375,13.523918274096822,-282.68590457460203
1790281807,49248792,10.0388822555542,-301.1235046386719,13.528252939787011,-282.695319797634
1790281807,149174242,10.035895347595215,-301.0942077636719,13.532992441376104,-282.7060264528269
1790281807,249273180,10.03250789642334,-301.0686340332031,13.53698387584869,-282.71540178777406
1790281807,349156412,10.027795791625977,-301.03997802734375,13.541335497048944,-282.72607411574177
1790281807,449240640,10.02299690246582,-301.0157775878906,13.544913353045038,-282.73519003060323
1790281807,549213220,10.016846656799316,-300.98944091796875,13.548744832132865,-282.74528262937724
1790281807,649279188,10.010993003845215,-300.9679260253906,13.55182067825159,-282.7535968048727
1790281807,749204529,10.00391674041748,-300.9453430175781,13.555061708987752,-282.76247258010227
1790281807,849230478,9.997529983520508,-300.9275817871094,13.557649073191874,-282.76955054893375
1790281807,949189488,9.990187644958496,-300.90972900390625,13.560261080296554,-282.7765660135293
1790281808,49187038,9.98387622833252,-300.8963928222656,13.562403335984794,-282.78208422802345
1790281808,149163218,9.976968765258789,-300.8838806152344,13.564602597949873,-282.7872935946061
1790281808,249205037,9.971331596374512,-300.8753356933594,13.566330006076178,-282.7908725527984
1790281808,349172217,9.965500831604004,-300.86834716796875,13.5681804567971,-282.79399476842104
1790281808,449187756,9.961041450500488,-300.8646240234375,13.569579695732946,-282.79567566103344
1790281808,549202266,9.956782341003418,-300.863037109375,13.571089054304434,-282.79657194111564
1790281808,649213725,9.953851699829102,-300.8638610839844,13.572283774595116,-282.7964379949066
1790281808,749175605,9.951460838317871,-300.8671875,13.573530846327243,-282.79530135756994
1790281808,849763786,9.950223922729492,-300.8720397949219,13.574517352427769,-282.7934836533365
1790281808,949161254,9.94978141784668,-300.87957763671875,13.575481836199115,-282.7906303643197
1790281809,49216983,9.950216293334961,-300.8876953125,13.576223997086725,-282.7874003570694
1790281809,149254652,9.951591491699219,-300.8985900878906,13.57693290545088,-282.78303246557863
1790281809,249173972,9.953779220581055,-300.9108581542969,13.577497430978648,-282.7780386698875
1790281809,349176002,9.956229209899902,-300.9222717285156,13.577861156113416,-282.7733070914365
1790281809,449122392,9.959487915039062,-300.93560791015625,13.578107947086398,-282.7677212845367
1790281809,549221161,9.962631225585938,-300.9471740722656,13.578160822394793,-282.7628979652056
1790281809,649187230,9.965977668762207,-300.958251953125,13.57803215039033,-282.7578968508884
1790281809,749434127,9.96947193145752,-300.96881103515625,13.577728939667407,-282.753206889794
1790281809,849328958,9.973057746887207,-300.9789123535156,13.57727075210914,-282.74858106503916
1790281809,949336048,9.976676940917969,-300.9885559082031,13.57667434864466,-282.7440753829198
1790281810,49205119,9.980277061462402,-300.99774169921875,13.57597944337536,-282.7398531516787
1790281810,149196609,9.983805656433105,-301.00640869140625,13.575194141837258,-282.7358369011381
1790281810,249210338,9.987217903137207,-301.0146179199219,13.57433982717441,-282.73204144555007
1790281810,349173938,9.990473747253418,-301.0223388671875,13.573455510550989,-282.7285288777879
1790281810,449172748,9.993536949157715,-301.0296325683594,13.572565224908745,-282.72523366937975
1790281810,549173107,9.996365547180176,-301.03643798828125,13.571689616835783,-282.72225275476836
1790281810,649246516,9.998584747314453,-301.0417785644531,13.570934566286885,-282.7198607048503
1790281810,749221566,10.000913619995117,-301.0473937988281,13.570112573156058,-282.71740956967886
1790281810,849218125,10.002948760986328,-301.0522155761719,13.569332764517275,-282.7152979897923
1790281810,949200565,10.004685401916504,-301.0563049316406,13.56862367139557,-282.71352037574303
1790281811,49208434,10.006126403808594,-301.0595397949219,13.568013380056975,-282.71215123084187
1790281811,149247883,10.007280349731445,-301.0619201660156,13.567501802012668,-282.7111509546434
1790281811,249205153,10.008164405822754,-301.0634460449219,13.567094418520295,-282.7105275788931
1790281811,349198463,10.008798599243164,-301.0641174316406,13.566813497709827,-282.7102835072809
1790281811,449207692,10.009207725524902,-301.06396484375,13.566653533567143,-282.7104038769168
1790281811,549200562,10.009419441223145,-301.0629577636719,13.566611767540511,-282.7108516090641
1790281811,649201951,10.009461402893066,-301.0611877441406,13.566689464647336,-282.71165147980923
1790281811,749217881,10.00936222076416,-301.0586853027344,13.566871808148152,-282.7126982449463
1790281811,849179871,10.00915241241455,-301.0555419921875,13.567161200881719,-282.71403253522084
1790281811,949201460,10.008857727050781,-301.0517578125,13.567539866148252,-282.71558781686986
1790281812,49178690,10.00844955444336,-301.04681396484375,13.56806371124936,-282.7175882299692
1790281812,149211669,10.008056640625,-301.0419921875,13.568585191024239,-282.7194924476332
1790281812,249220748,10.00759220123291,-301.0360107421875,13.569238546453997,-282.7218142490221
1790281812,349208478,10.007190704345703,-301.030517578125,13.56984096627167,-282.7239255536047
1790281812,449213798,10.006754875183105,-301.02398681640625,13.570550338585736,-282.7264074005395
1790281812,549293106,10.0064058303833,-301.01812744140625,13.571179843357648,-282.72862428858787
1790281812,649151158,10.006052017211914,-301.01141357421875,13.57193327084867,-282.7313154218931
1790281812,749204596,10.005786895751953,-301.005615234375,13.572541754790308,-282.73353571307183
1790281812,849209736,10.005535125732422,-300.99908447265625,13.573196068633818,-282.73599277485056
1790281812,949176996,10.00535774230957,-300.99359130859375,13.573750953662964,-282.7381508645091
1790281813,49175336,10.005202293395996,-300.98760986328125,13.574305644155473,-282.7403966030409
1790281813,149136836,10.005088806152344,-300.98199462890625,13.57481942594545,-282.7425811045237
1790281813,249180444,10.00501823425293,-300.97747802734375,13.575198619799593,-282.74427705035873
1790281813,349177154,10.004959106445312,-300.9727783203125,13.575576652161532,-282.7460609133923
1790281813,449203504,10.004914283752441,-300.9686279296875,13.575894462809893,-282.7476516414467
1790281813,549404220,10.00487232208252,-300.96502685546875,13.576122271437383,-282.74885225399964
1790281813,649176943,10.004830360412598,-300.96240234375,13.576334502235166,-282.7500162433087
1790281813,749180562,10.004766464233398,-300.9599914550781,13.57650055877485,-282.7509385211459
1790281813,849188052,10.004837036132812,-300.9584045410156,13.576547980113256,-282.7515569548908
1790281813,949206761,10.00605297088623,-300.9571838378906,13.576081353676086,-282.7521032970853
1790281814,49228240,10.009236335754395,-300.9566345214844,13.57478487907243,-282.75247490258647
1790281814,149208480,10.016695022583008,-300.9565124511719,13.571772594506065,-282.7528099122272
1790281814,249162880,10.029518127441406,-300.95697021484375,13.566532090079688,-282.7530741954714
1790281814,349202140,10.046034812927246,-300.957763671875,13.559828668142078,-282.75323217588686
1790281814,449170340,10.071782112121582,-300.95904541015625,13.549263627162999,-282.75331676063564
1790281814,549225689,10.10080337524414,-300.96044921875,13.53751428762671,-282.75327596565336
1790281814,649173059,10.141748428344727,-300.9623107910156,13.521000271941185,-282.75303203709814
1790281814,749205788,10.184483528137207,-300.9641418457031,13.503962763040832,-282.7526129225141
1790281814,849209908,10.241147994995117,-300.96636962890625,13.482010064725783,-282.7518744412408
1790281814,949195707,10.305765151977539,-300.9687194824219,13.456671942696714,-282.7507848440769
1790281815,49178417,10.368487358093262,-300.9708251953125,13.431985581342188,-282.74952116953705
1790281815,149228816,10.446733474731445,-300.9732360839844,13.401217074579549,-282.7476955645496
1790281815,249173116,10.531249046325684,-300.9756774902344,13.36770534300793,-282.7454480962721
1790281815,349203155,10.60981559753418,-300.9778137207031,13.336360199574417,-282.74313283788507
1790281815,449177615,10.704262733459473,-300.980224609375,13.298893558544039,-282.7401445755301
1790281815,549219794,10.790462493896484,-300.9823303222656,13.264535299881526,-282.7372265535954
1790281815,649172524,10.892459869384766,-300.9847412109375,13.223825983424266,-282.73357854489865
1790281815,749221343,10.984289169311523,-300.9868469238281,13.18770308600599,-282.73019779914057
1790281815,849177263,11.091684341430664,-300.9892883300781,13.144872446916386,-282.72606606281823
1790281815,949239972,11.187314987182617,-300.9914245605469,13.10752087012544,-282.7223810882325
1790281816,49206212,11.298129081726074,-300.993896484375,13.063005036936259,-282.71792175794735
1790281816,149137962,11.41019058227539,-300.9964294433594,13.019567873956056,-282.71354470476825
1790281816,249349029,11.523179054260254,-300.9990234375,12.982191424102801,-282.70978599756455
1790281816,349181181,11.62255573272705,-301.0013427734375,12.93796462828423,-282.7053955597899
1790281816,449196940,11.73642635345459,-301.0039978027344,12.893466565647854,-282.70107492754556
1790281816,549240589,11.836091041564941,-301.00640869140625,12.854519141748519,-282.69741017428356
1790281816,649269998,11.949929237365723,-301.0091552734375,12.810201171763278,-282.6934012946626
1790281816,749128830,12.063589096069336,-301.0119323730469,12.764842202359622,-282.68952025225514
1790281816,849204709,12.162834167480469,-301.01434326171875,12.725749602982521,-282.6863780946139
1790281816,949202698,12.275967597961426,-301.0171203613281,12.681532094216305,-282.6830983648079
1790281817,49240637,12.374576568603516,-301.01947021484375,12.642867851812316,-282.68049425220784
1790281817,149221097,12.486845016479492,-301.0221252441406,12.599018036857546,-282.6778610902978
1790281817,249157127,12.598644256591797,-301.024658203125,12.554922964751313,-282.67558961625144
1790281817,349209396,12.696091651916504,-301.0267639160156,12.516414375692987,-282.6739301418588
1790281817,449176676,12.807044982910156,-301.02899169921875,12.475881504466901,-282.67252422269013
1790281817,549177215,12.903775215148926,-301.03082275390625,12.432362684750736,-282.6714137470211
1790281817,649157115,13.013943672180176,-301.03265380859375,12.389065830483114,-282.67075459981805
1790281817,749243824,13.11002254486084,-301.0340881347656,12.350248967100251,-282.6705354843529
1790281817,849213604,13.219490051269531,-301.0354309082031,12.30755066903984,-282.67072771336035
1790281817,949525769,13.328516960144043,-301.0364990234375,12.269750009099894,-282.6712828179176
1790281818,49174294,13.423592567443848,-301.03717041015625,12.227266071657816,-282.6723276031151
1790281818,149215003,13.531929969787598,-301.03759765625,12.184878051044647,-282.67382077014605
1790281818,249190362,13.626383781433105,-301.0377197265625,12.147505855207259,-282.6754979578054
1790281818,349176202,13.73401165008545,-301.0374755859375,12.103745821767292,-282.67787223246415
1790281818,449254131,13.828027725219727,-301.0370178222656,12.067171574048034,-282.68019076122044
1790281818,549214191,13.93532657623291,-301.0361328125,12.023752578910221,-282.68330677090694
1790281818,649234850,14.029006958007812,-301.0350646972656,11.986742240313612,-282.6862629437238
1790281818,749201770,14.135892868041992,-301.0335388183594,11.943630355133191,-282.6900296031131
1790281818,849203810,14.229280471801758,-301.03192138671875,11.90663270628031,-282.6935184710664
1790281818,949201309,14.335898399353027,-301.02978515625,11.864673119029074,-282.6977260361977
1790281819,49121100,14.44241714477539,-301.0273742675781,11.8279293056103,-282.70160451342207
1790281819,149224798,14.535560607910156,-301.0250549316406,11.785945108878014,-282.7062334381809
1790281819,249204408,14.6419677734375,-301.0221862792969,11.744859107460396,-282.71092750071205
1790281819,349208817,14.734951972961426,-301.01953125,11.708323538207228,-282.7152131714421
1790281819,449190717,14.841134071350098,-301.0163269042969,11.667144187987358,-282.7201219940562
1790281819,549129187,14.947239875793457,-301.0129699707031,11.625010688477758,-282.72519746623885
1790281819,649202497,15.040040969848633,-301.0099792480469,11.588921255228481,-282.7295513661436
1790281819,749165886,15.146076202392578,-301.0065002441406,11.54800571156199,-282.7344691974017
1790281819,849128847,15.251993179321289,-301.00299072265625,11.507169812504252,-282.7393178721574
1790281819,949208256,15.34460163116455,-300.99993896484375,11.470077144767435,-282.7436469669093
1790281820,49147266,15.450392723083496,-300.99652099609375,11.427858720519945,-282.7484471135303
1790281820,149201245,15.542933464050293,-300.99359130859375,11.392159812827035,-282.7523754616754
1790281820,249232374,15.648685455322266,-300.9903564453125,11.35066192852919,-282.75677102170675
1790281820,349173584,15.754335403442383,-300.9872741699219,11.30977029718118,-282.76089409191735
1790281820,449155984,15.846720695495605,-300.9847412109375,11.27315377586711,-282.76439325216296
1790281820,549175153,15.952269554138184,-300.9820556640625,11.231839748626316,-282.76809676385443
1790281820,649227423,16.044517517089844,-300.9798889160156,11.19535134301815,-282.77113832275575
1790281820,749203503,16.149873733520508,-300.9776916503906,11.153417848217652,-282.77436734475623
1790281820,849180133,16.255176544189453,-300.9757385253906,11.11267583327271,-282.7772079844966
1790281820,949208502,16.34729766845703,-300.9742736816406,11.075796890995257,-282.7795260215673
1790281821,49171512,16.45258331298828,-300.9729309082031,11.033846229916856,-282.78186315862115
1790281821,149242760,16.544721603393555,-300.97198486328125,10.998316489815045,-282.783582659612
1790281821,249205080,16.65005874633789,-300.9712219238281,10.95588112479957,-282.78534147067535
1790281821,349469436,16.755334854125977,-300.9707946777344,10.919820448012782,-282.786584562825
1790281821,449210059,16.847427368164062,-300.970703125,10.878871942378293,-282.78771524113864
1790281821,549202359,16.952674865722656,-300.9708557128906,10.838147250279341,-282.7885372660986
1790281821,649178049,17.057832717895508,-300.97137451171875,10.796673089862733,-282.78908829480304
1790281821,749180128,17.14980125427246,-300.9720458984375,10.760320524788012,-282.7893450967629
1790281821,849266817,17.254892349243164,-300.97308349609375,10.718700272007103,-282.789412828289
1790281821,949208847,17.34684944152832,-300.9742126464844,10.682293329856993,-282.78928773104457
1790281822,49204796,17.451967239379883,-300.9757385253906,10.640155149511063,-282.78893129812724
1790281822,149247335,17.54397964477539,-300.9772644042969,10.602840239814793,-282.7884493958321
1790281822,249153546,17.64919090270996,-300.97918701171875,10.561231758731386,-282.7877613255746
1790281822,349174896,17.75436019897461,-300.98126220703125,10.521280412329546,-282.78696060727424
1790281822,449221094,17.846370697021484,-300.9832458496094,10.485501388808814,-282.78615014467226
1790281822,549179424,17.951539993286133,-300.985595703125,10.444609607870392,-282.7851317958237
1790281822,649203394,18.05663299560547,-300.988037109375,10.403388363541945,-282.7840353087707
1790281822,749249792,18.14846420288086,-300.9902038574219,10.367296349804858,-282.783034750706
1790281822,849205053,18.253334045410156,-300.99273681640625,10.32512469349811,-282.78185194799534
1790281822,949156483,18.34504508972168,-300.9949645996094,10.288189974924821,-282.78082415635214
1790281823,49294320,18.44985008239746,-300.9974670410156,10.248071603931086,-282.77972876712465
1790281823,149207511,18.554664611816406,-300.99993896484375,10.206978994698611,-282.7786576027592
1790281823,249207950,18.646406173706055,-301.0020446777344,10.168714839620888,-282.77771748391
1790281823,349189400,18.738187789916992,-301.0040588378906,10.131984178336705,-282.7768933132394
1790281823,449211230,18.843156814575195,-301.0062561035156,10.090203938012678,-282.7760556882791
1790281823,549180050,18.948205947875977,-301.0083312988281,10.04964172312103,-282.77536257313005
1790281823,649201719,19.040103912353516,-301.010009765625,10.01328120250955,-282.77485477541114
1790281823,749133079,19.145151138305664,-301.0117492675781,9.969966393792093,-282.7744030511491
1790281823,849171968,19.237180709838867,-301.01312255859375,9.9331050893323,-282.77416042422453
1790281823,949220617,19.32931137084961,-301.0143737792969,9.895249855742284,-282.7740387741925
1790281824,49133168,19.434738159179688,-301.0155944824219,9.85119436998567,-282.77407704433494
1790281824,149210506,19.527175903320312,-301.0164794921875,9.814639533639841,-282.7742667735217
1790281824,249231975,19.633014678955078,-301.0173034667969,9.771782520030653,-282.77466448607555
1790281824,349178746,19.725772857666016,-301.0178527832031,9.735194491223917,-282.77515769467243
1790281824,449222265,19.818653106689453,-301.0182189941406,9.697036156686123,-282.7758349358859
1790281824,549151665,19.911638259887695,-301.0184326171875,9.656132612027859,-282.7767113331725
1790281824,649207654,20.004796981811523,-301.01849365234375,9.615359729694937,-282.77774156158887
1790281824,749207513,20.098186492919922,-301.0184020996094,9.57513201349146,-282.7788916308214
1790281824,849282202,20.19184684753418,-301.01812744140625,9.536617357427396,-282.7801417017476
1790281824,949126983,20.29926872253418,-301.0176696777344,9.492081375193044,-282.781742238778
1790281825,49155012,20.39360809326172,-301.0171203613281,9.453482495347336,-282.78326103298485
1790281825,149147502,20.50173568725586,-301.016357421875,9.41148622313886,-282.7850548265024
1790281825,249209011,20.596553802490234,-301.0155334472656,9.372721413913027,-282.78683253380365
1790281825,349182531,20.69150733947754,-301.0146484375,9.333815539230855,-282.7887070761331
1790281825,449153680,20.800153732299805,-301.01348876953125,9.290811987013326,-282.7908899512656
1790281825,549219059,20.895273208618164,-301.01239013671875,9.252713882600617,-282.7929130421475
1790281825,649245318,21.0040225982666,-301.0110778808594,9.209415935524166,-282.7952892804794
1790281825,749255837,21.09916877746582,-301.0098571777344,9.171332741809454,-282.79743512028864
1790281825,849179368,21.207887649536133,-301.0083923339844,9.12887581776856,-282.79988721767177
1790281825,949136418,21.31654930114746,-301.0069274902344,9.09107254383363,-282.80211165078424
1790281826,49206747,21.411563873291016,-301.005615234375,9.0464175180401,-282.80476432093775
1790281826,149226346,21.506601333618164,-301.0043029785156,9.006860991695673,-282.80712162178907
1790281826,249241665,21.601627349853516,-301.00299072265625,8.968704344012302,-282.809406775055
1790281826,349179486,21.710201263427734,-301.00152587890625,8.925679594953513,-282.81196800540016
1790281826,449175215,21.81871223449707,-301.0000915527344,8.882827355494072,-282.81449772131333
1790281826,549179085,21.913597106933594,-300.9988708496094,8.845656049329632,-282.81665773283714
1790281826,649202824,22.021957397460938,-300.99755859375,8.803795966519065,-282.8190521644622
1790281826,749171474,22.130115509033203,-300.9963073730469,8.760857814524844,-282.8214519657527
1790281826,849314592,22.224599838256836,-300.9952697753906,8.7232109070827,-282.82350501665553
1790281826,949179412,22.332422256469727,-300.99420166015625,8.680146079880418,-282.8257768918337
1790281827,49202661,22.426637649536133,-300.99334716796875,8.642625919747706,-282.8276839635998
1790281827,149203571,22.534177780151367,-300.9924621582031,8.600935890751634,-282.8297266597129
1790281827,249209330,22.628076553344727,-300.9917907714844,8.56320233120157,-282.8314990677574
1790281827,349204500,22.735206604003906,-300.9911193847656,8.521494848725755,-282.8333635402365
1790281827,449171190,22.842161178588867,-300.9905700683594,8.479149331520539,-282.8351533602014
1790281827,549182679,22.935625076293945,-300.99017333984375,8.4423244538086,-282.83661937668734
1790281827,649200879,23.042327880859375,-300.9898681640625,8.399890885119486,-282.8382156336406
1790281827,749212368,23.135608673095703,-300.98968505859375,8.36346793176802,-282.8395028965881
1790281827,849204898,23.242137908935547,-300.9895935058594,8.321921221404972,-282.8408688556469
1790281827,949174457,23.348495483398438,-300.9895935058594,8.27944215070472,-282.8421604765674
1790281828,49177187,23.44144630432129,-300.98968505859375,8.242792405949718,-282.8431881872696
1790281828,149183316,23.547578811645508,-300.9898986816406,8.200971340966003,-282.8442764382315
1790281828,249208996,23.64028549194336,-300.99017333984375,8.164242949665418,-282.845159261404
1790281828,349201695,23.746112823486328,-300.9905700683594,8.122234470865681,-282.846082964654
1790281828,449148245,23.85183334350586,-300.99102783203125,8.080957673557558,-282.84691008826
1790281828,549183834,23.944278717041016,-300.99151611328125,8.044927814592572,-282.847565527383
1790281828,649201414,24.04989242553711,-300.99212646484375,8.00334726816137,-282.8482632300587
1790281828,749235113,24.142194747924805,-300.9927062988281,7.966684999998494,-282.84883009451227
1790281828,849184013,24.247467041015625,-300.993408203125,7.925108827962894,-282.8494174966521
1790281828,949097614,24.351577758789062,-300.9941101074219,7.888774391275189,-282.8498900006359
1790281829,49213262,24.440656661987305,-300.99468994140625,7.848211011905398,-282.85039097001186
1790281829,149252711,24.52703857421875,-300.9952087402344,7.812783243590506,-282.8508063088517
1790281829,249187161,24.621675491333008,-300.99560546875,7.774968350217013,-282.8512145208404
1790281829,349210160,24.700361251831055,-300.9957580566406,7.74272893156604,-282.8515247566754
1790281829,449177780,24.785070419311523,-300.99566650390625,7.708713865557218,-282.85181587669547
1790281829,549205459,24.85430335998535,-300.9952697753906,7.681364743464432,-282.85201318908315
1790281829,649272768,24.91874885559082,-300.99456787109375,7.655277180728005,-282.8521484334456
1790281829,749202938,24.986339569091797,-300.99334716796875,7.628228083551019,-282.8522433110159
1790281829,849162368,25.047313690185547,-300.99169921875,7.604327202691219,-282.8522693958166
1790281829,949187358,25.095165252685547,-300.9898681640625,7.585508383755131,-282.8522521670918
1790281830,49208137,25.143531799316406,-300.98736572265625,7.566256417347492,-282.85220006866825
1790281830,149311975,25.180326461791992,-300.9848327636719,7.551842480592585,-282.8521511950675
1790281830,249200856,25.216106414794922,-300.98162841796875,7.537682214390259,-282.85213618862673
1790281830,349221525,25.241992950439453,-300.97857666015625,7.527453308377749,-282.8521918574393
1790281830,449178705,25.265487670898438,-300.97491455078125,7.5180410140389675,-282.85237818388134
1790281830,549191404,25.280839920043945,-300.9716491699219,7.511905044674481,-282.852691275846
1790281830,649171894,25.292604446411133,-300.9678955078125,7.507259147403607,-282.8532782432772
1790281830,749224073,25.298419952392578,-300.9642639160156,7.504976622875635,-282.85407181473647
1790281830,849200692,25.298839569091797,-300.9613037109375,7.504448002039441,-282.8552997573636
1790281830,949172633,25.294254302978516,-300.9582824707031,7.505955789256951,-282.8570019573215
1790281831,49200232,25.28609848022461,-300.9560241699219,7.508867329298058,-282.85893592619504
1790281831,149221751,25.2724609375,-300.9540710449219,7.513641329093315,-282.86159041945916
1790281831,249216120,25.257150650024414,-300.95294189453125,7.519323091839662,-282.8645444814895
1790281831,349301929,25.23631477355957,-300.95245361328125,7.526769570442134,-282.8683402314825
1790281831,449209120,25.215621948242188,-300.9527282714844,7.53419221544063,-282.8721583364076
1790281831,549206619,25.18972396850586,-300.9539794921875,7.543091631617071,-282.87686975920525
1790281831,649205069,25.16202735900879,-300.9562072753906,7.552706488951976,-282.88216151415565
1790281831,749305407,25.133146286010742,-300.9594421386719,7.561314693226733,-282.887102554311
1790281831,849208747,25.107372283935547,-300.9629211425781,7.570964202384491,-282.89296406628415
1790281831,949207517,25.077850341796875,-300.96661376953125,7.580637275466322,-282.89968792219366
1790281832,49209266,25.048757553100586,-300.968505859375,7.589173280882071,-282.9071921612254
1790281832,149438903,25.020549774169922,-300.96697998046875,7.595156801562208,-282.91444297616437
1790281832,249160346,24.996896743774414,-300.9616394042969,7.599873452292691,-282.9236428798808
1790281832,349173915,24.971332550048828,-300.9498596191406,7.602003019560311,-282.93428192373966
1790281832,449406392,24.947589874267578,-300.9309997558594,7.601005147462992,-282.9458950468052
1790281832,549284483,24.92588233947754,-300.904296875,7.5964786815381995,-282.95848385159536
1790281832,649185214,24.908695220947266,-300.8740539550781,7.589171536965504,-282.97040992685646
1790281832,749169623,24.8912410736084,-300.831298828125,7.577647702979961,-282.98372679503126
1790281832,849191353,24.876216888427734,-300.7796936035156,7.561583579242495,-282.9978066349653
1790281832,949172463,24.86370277404785,-300.7195129394531,7.541678181699379,-283.0116732609178
1790281833,49166522,24.8548641204834,-300.6600341796875,7.5216172043412355,-283.0232667736002
1790281833,149208071,24.847209930419922,-300.5847473144531,7.494785500218646,-283.0363654232972
1790281833,249194931,24.842193603515625,-300.5023498535156,7.4655310233225505,-283.04843637542336
1790281833,349159361,24.839826583862305,-300.41363525390625,7.432595062237976,-283.06005297197737
1790281833,449203770,24.839923858642578,-300.3314208984375,7.401288133774797,-283.0696505259318
1790281833,549195939,24.84248161315918,-300.2328186035156,7.364016812478507,-283.07968814614725
1790281833,649182419,24.847583770751953,-300.13006591796875,7.3248581598122415,-283.08894842608225
1790281833,749203228,24.854061126708984,-300.0373229980469,7.28946127287227,-283.0964465566074
1790281833,849308626,24.86363983154297,-299.9286193847656,7.247925272225112,-283.10446241576005
1790281833,949159378,24.87538719177246,-299.81768798828125,7.205269503714675,-283.1120767597736
1790281834,49209297,24.887290954589844,-299.7192077636719,7.167010435407587,-283.11857666237086
1790281834,149188126,24.902551651000977,-299.60540771484375,7.1227610096205405,-283.1259210065276
1790281834,249186386,24.919342041015625,-299.49078369140625,7.077928421958435,-283.13339087864307
1790281834,349202825,24.935077667236328,-299.39007568359375,7.038063026935315,-283.1402349034975
1790281834,449251214,24.954002380371094,-299.2747497558594,6.993880012952353,-283.14824654406607
1790281834,549211494,24.973644256591797,-299.15948486328125,6.949219590507646,-283.1569943614017
1790281834,649203154,24.99370002746582,-299.04461669921875,6.905613284509761,-283.1663784921325
1790281834,749206433,25.01134490966797,-298.9444885253906,6.867075948164605,-283.1755259076616
1790281834,849201943,25.031352996826172,-298.8305358886719,6.823828134983774,-283.18691320578523
1790281834,949202342,25.050907135009766,-298.7173156738281,6.781540691668003,-283.1993903564044
1790281835,49202522,25.069721221923828,-298.60491943359375,6.740052774443497,-283.2131062937548
1790281835,149236861,25.085365295410156,-298.50726318359375,6.703520861848976,-283.22655041614485
1790281835,249201311,25.10208511352539,-298.3964538574219,6.663213875068756,-283.2430587133395
1790281835,349193250,25.117353439331055,-298.286376953125,6.623925444627282,-283.26096723222844
1790281835,449203340,25.13096809387207,-298.17706298828125,6.5869607271438015,-283.27977046852703
1790281835,549149570,25.142759323120117,-298.0685119628906,6.551038679750443,-283.30006030942064
1790281835,649178319,25.1525821685791,-297.960693359375,6.515951917401997,-283.32199226853743
1790281835,749143989,25.160329818725586,-297.85345458984375,6.4868010894350565,-283.3419647162191
1790281835,849311196,25.165342330932617,-297.760009765625,6.454103131309698,-283.36641658773766
1790281835,949316676,25.16901397705078,-297.65362548828125,6.422557034975656,-283.39224198812485
1790281836,49168097,25.170469284057617,-297.54766845703125,6.392279596435479,-283.41927607259214
1790281836,149206876,25.169729232788086,-297.4421081542969,6.363029097288236,-283.44760318629227
1790281836,249154866,25.16684913635254,-297.3369445800781,6.335198635255513,-283.4767210273778
1790281836,349774947,25.16192054748535,-297.23199462890625,6.3091755169940535,-283.5059750816327
1790281836,449156205,25.155065536499023,-297.1272888183594,6.284249659605969,-283.53590423242457
1790281836,549159035,25.146434783935547,-297.0229187011719,6.259603627611346,-283.5673044130658
1790281836,649212284,25.136201858520508,-296.918701171875,6.2367314004120615,-283.59801005283157
1790281836,749309542,25.124555587768555,-296.8147277832031,6.213926147226044,-283.63002975542906
1790281836,849202473,25.11170196533203,-296.7110595703125,6.191691929325366,-283.6624221799224
1790281836,949205912,25.097848892211914,-296.607666015625,6.169706808223121,-283.69534470939107
1790281837,49319900,25.083213806152344,-296.50439453125,6.1484311741621385,-283.72781244805446
1790281837,149169962,25.068010330200195,-296.4013366699219,6.126738666289414,-283.7612573634981
1790281837,249171961,25.052452087402344,-296.2984619140625,6.105407948039637,-283.7941868219273
1790281837,349157661,25.036746978759766,-296.1956481933594,6.08441468914219,-283.82635602967656
1790281837,449109061,25.021089553833008,-296.0931091308594,6.0624410276874094,-283.8595388195627
1790281837,549163440,25.00567054748535,-295.9907531738281,6.0434311092057795,-283.88766425276515
1790281837,649261348,24.99251365661621,-295.9012756347656,6.021107400438782,-283.91982528592195
1790281837,749162209,24.978008270263672,-295.7991638183594,5.998263438024981,-283.9516269786297
1790281837,849208628,24.96421241760254,-295.6972351074219,5.9749149357556135,-283.98287348604714
1790281837,949209777,24.951265335083008,-295.595458984375,5.950812160421635,-284.0137507191987
1790281838,49428584,24.93929100036621,-295.49383544921875,5.9258435152524465,-284.0442588954248
1790281838,149149687,24.928394317626953,-295.3924255371094,5.900323866142194,-284.07391289132414
1790281838,249209326,24.918670654296875,-295.2911682128906,5.874929491127878,-284.1018863780327
1790281838,349201405,24.91019630432129,-295.19012451171875,5.848560616732849,-284.12936353531694
1790281838,449203395,24.903030395507812,-295.0892028808594,5.821409500185892,-284.15607206138714
1790281838,549323103,24.897216796875,-294.9883728027344,5.79354279402564,-284.1819329150513
1790281838,649272003,24.89278793334961,-294.8874816894531,5.764464763342098,-284.20737020051155
1790281838,749173164,24.890052795410156,-294.7992248535156,5.738784030191556,-284.2286264562899
1790281838,849250862,24.888103485107422,-294.68572998046875,5.708857925890112,-284.252060570436
1790281838,949183913,24.887786865234375,-294.5975341796875,5.678467025433092,-284.2745097423651
1790281839,49313550,24.8886775970459,-294.4967346191406,5.646827536761245,-284.2965836823146
1790281839,149220061,24.89085578918457,-294.3959655761719,5.614526967516179,-284.3179061150501
1790281839,249168141,24.89424705505371,-294.2952880859375,5.5817388514703055,-284.3384226538143
1790281839,349312849,24.898767471313477,-294.19464111328125,5.549011393173854,-284.357907569659
1790281839,449175820,24.90432357788086,-294.0940856933594,5.51617077806479,-284.376560313365
1790281839,549176980,24.910804748535156,-293.9935607910156,5.482605648282685,-284.3948161425994
1790281839,649189089,24.91809844970703,-293.8930969238281,5.44930996662593,-284.41223968504386
1790281839,749157479,24.926084518432617,-293.7926940917969,5.415621630442906,-284.42928555831173
1790281839,849302526,24.93463706970215,-293.6923522949219,5.381719068380834,-284.44596543892595
1790281839,949165818,24.94363021850586,-293.5920715332031,5.348052638065684,-284.4621641043587
1790281840,49153038,24.952939987182617,-293.4918518066406,5.313765384941685,-284.4783976190908
1790281840,149222876,24.962440490722656,-293.3916931152344,5.27954578093228,-284.49443750885143
1790281840,249194606,24.972013473510742,-293.29156494140625,5.244266808973577,-284.510911417837
1790281840,349137266,24.981544494628906,-293.1913757324219,5.210460916402063,-284.5267357627834
1790281840,449179745,24.990922927856445,-293.091064453125,5.175894821542272,-284.5430489681205
1790281840,549171335,25.000045776367188,-292.99066162109375,5.141790733092894,-284.5593593363472
1790281840,649109055,25.008819580078125,-292.8901672363281,5.111708837169907,-284.5739900057053
1790281840,749204853,25.016141891479492,-292.80224609375,5.0776521730058475,-284.5908976042352
1790281840,849117104,25.024982452392578,-292.68914794921875,5.044122685097002,-284.60796979365875
1790281840,949203892,25.031352996826172,-292.6011962890625,5.010181492628375,-284.62575065671996
1790281841,49173852,25.03803825378418,-292.50067138671875,4.976109845031171,-284.64416900620506
1790281841,149203701,25.04404067993164,-292.400146484375,4.942620911595096,-284.66287018872447
1790281841,249169971,25.04931640625,-292.2996826171875,4.909567978153416,-284.68197758638473
1790281841,349204980,25.053834915161133,-292.1992492675781,4.876514231445159,-284.7017756546074
1790281841,449203070,25.057575225830078,-292.0988464355469,4.844516440645255,-284.7216524395774
1790281841,549201689,25.06052589416504,-291.99847412109375,4.813025997844807,-284.7419275537023
1790281841,649205659,25.062681198120117,-291.89813232421875,4.782112457083984,-284.76257292280064
1790281841,749201119,25.06404685974121,-291.7978210449219,4.750482730576757,-284.7844713368229
1790281841,849214538,25.064605712890625,-291.7100830078125,4.722771153700448,-284.80428882118696
1790281841,949219257,25.064538955688477,-291.6097106933594,4.692084602062703,-284.826932416133
1790281842,49237396,25.06374740600586,-291.50921630859375,4.662302146607922,-284.84963442411305
1790281842,149225116,25.062271118164062,-291.4085693359375,4.632631666007839,-284.8729552955645
1790281842,249212086,25.060157775878906,-291.307861328125,4.603014893638875,-284.8969144716308
1790281842,349194795,25.05708122253418,-291.1944274902344,4.574317864554473,-284.92075895338485
1790281842,449104796,25.053789138793945,-291.09356689453125,4.542075761845281,-284.948250981401
1790281842,549147805,25.05003547668457,-290.99267578125,4.513535755867208,-284.97316287923263
1790281842,649188404,25.046424865722656,-290.90435791015625,4.488487238618811,-284.99542692706376
1790281842,749262232,25.041980743408203,-290.8034362792969,4.460333180405069,-285.02084752229354
1790281842,849152233,25.036657333374023,-290.6899108886719,4.432682466184823,-285.0461803643442
1790281842,949264281,25.031709671020508,-290.5889892578125,4.404668174323259,-285.0721496288232
1790281843,49209852,25.027267456054688,-290.500732421875,4.377129135734124,-285.09791457710264
1790281843,149223221,25.022119522094727,-290.39984130859375,4.349387793408626,-285.12403987032627
1790281843,249267130,25.016305923461914,-290.2864074707031,4.322017185341427,-285.14991894926317
1790281843,349206490,25.011821746826172,-290.19818115234375,4.293993627675948,-285.17645685277785
1790281843,449202260,25.006784439086914,-290.097412109375,4.26590527299003,-285.2030329407618
1790281843,549204939,25.00189208984375,-289.9966735839844,4.238861226174991,-285.2285413338918
1790281843,649224878,24.997190475463867,-289.89599609375,4.210786281480216,-285.2548820965968
1790281843,749208068,24.992721557617188,-289.79534912109375,4.1832015516246335,-285.2805750232831
1790281843,849205868,24.988521575927734,-289.6947326660156,4.155442603849619,-285.30619558026984
1790281843,949155128,24.9846248626709,-289.5941467285156,4.127417913011157,-285.3317846424394
1790281844,49153578,24.98105812072754,-289.4936218261719,4.099390381474176,-285.3570600289391
1790281844,149246026,24.977846145629883,-289.3931579589844,4.070813947066039,-285.38248768120485
1790281844,249177616,24.975006103515625,-289.2926940917969,4.041720667952101,-285.4079956553433
1790281844,349132276,24.972549438476562,-289.19232177734375,4.0123990715658575,-285.4333007076627
1790281844,449231905,24.970487594604492,-289.0918273925781,3.9835997749187086,-285.4577516733055
1790281844,549160215,24.96882438659668,-288.9912414550781,3.9553472930299067,-285.48132864925736
1790281844,649160245,24.967559814453125,-288.8905334472656,3.926557800220161,-285.50493355384293
1790281844,749180324,24.966690063476562,-288.78985595703125,3.8970840183737363,-285.52867367473465
1790281844,849205583,24.966205596923828,-288.6893310546875,3.867129930569282,-285.55237593707
1790281844,949202013,24.966096878051758,-288.58892822265625,3.837478451212974,-285.5754245394906
1790281845,49204612,24.966346740722656,-288.488525390625,3.80767499783408,-285.5981980807642
1790281845,149163262,24.96693992614746,-288.3880310058594,3.777508243614607,-285.62086580581433
1790281845,249149102,24.967851638793945,-288.2874755859375,3.746431465381372,-285.64383986399304
1790281845,349205680,24.968894958496094,-288.199462890625,3.719275143453087,-285.66362997489927
1790281845,449318498,24.970340728759766,-288.0988464355469,3.688626117671004,-285.68566198370786
1790281845,549156050,24.972030639648438,-287.99822998046875,3.65763485772505,-285.7076358215646
1790281845,649147760,24.973939895629883,-287.8976135253906,3.6266512343372357,-285.7293305772211
1790281845,749218588,24.97603416442871,-287.7970275878906,3.5947885929963967,-285.75138948877947
1790281845,849155539,24.97828483581543,-287.69647216796875,3.5634678919137,-285.7728552882561
1790281845,949155718,24.980663299560547,-287.595947265625,3.532479235241446,-285.7939083939739
1790281846,49156347,24.983137130737305,-287.4954528808594,3.50120991231414,-285.81499761017346
1790281846,149309905,24.985675811767578,-287.3949890136719,3.4703097423154308,-285.8357108427714
1790281846,249222896,24.988252639770508,-287.2945861816406,3.438530078838631,-285.8569167178597
1790281846,349179456,24.99083709716797,-287.1942138671875,3.4074677103583446,-285.8775779742473
1790281846,449196375,24.993404388427734,-287.0939025878906,3.3769867165020124,-285.8978157195467
1790281846,549207524,24.995927810668945,-286.9936218261719,3.345878913126022,-285.91845985342263
1790281846,649244863,24.998685836791992,-286.8808288574219,3.31445219889633,-285.93933301853815
1790281846,749196134,25.00075340270996,-286.79315185546875,3.2831894913795048,-285.9601407442593
1790281846,849128284,25.003009796142578,-286.6931457519531,3.2520611992747597,-285.98092608782514
1790281846,949204922,25.005107879638672,-286.5942687988281,3.2201849726815084,-286.00230046240034
1790281847,49213472,25.006982803344727,-286.497802734375,3.190019618097937,-286.02262563343027
1790281847,149250131,25.00856590270996,-286.4048767089844,3.1613337969773982,-286.04205680956824
1790281847,249150462,25.009782791137695,-286.3163146972656,3.1341478363789324,-286.0605746820566
1790281847,349215770,25.010568618774414,-286.2327575683594,3.108230050643944,-286.07832851641564
1790281847,449206490,25.010862350463867,-286.15472412109375,3.084366379127359,-286.0947694578831
1790281847,549206189,25.010610580444336,-286.0826110839844,3.0620568659905576,-286.1102282417555
1790281847,649204399,25.009782791137695,-286.0166320800781,3.041693208575435,-286.1244264697733
1790281847,749187109,25.00835609436035,-285.95703125,3.023788076300479,-286.136995072333
1790281847,849154749,25.006330490112305,-285.90386962890625,3.0073018626650425,-286.14866402399184
1790281847,949249987,25.003725051879883,-285.8572082519531,2.9929041969577526,-286.15897148441286
1790281848,49175748,25.000577926635742,-285.8170471191406,2.9807210014108203,-286.1678371722218
1790281848,149203787,24.996950149536133,-285.78338623046875,2.9706082397443514,-286.175385292626
1790281848,249346364,24.9929141998291,-285.75604248046875,2.963116962765483,-286.18119532622086
1790281848,349208936,24.98912239074707,-285.7372741699219,2.95679081353863,-286.18643242465987
1790281848,449208015,24.984582901000977,-285.7215270996094,2.9523357690534477,-286.1906285617513
1790281848,549295114,24.979942321777344,-285.7117004394531,2.949848521322073,-286.1937326871627
1790281848,649202254,24.97532844543457,-285.7075500488281,2.9492092398939542,-286.19593561561743
1790281848,749162445,24.97087860107422,-285.7088317871094,2.95041464287069,-286.1973026756082
1790281848,849131634,24.966733932495117,-285.7151794433594,2.9534148931206654,-286.1979495757426
1790281848,949205473,24.963464736938477,-285.7246398925781,2.957359691197705,-286.1980103913766
1790281849,49206402,24.96025848388672,-285.73944091796875,2.963266628681083,-286.1976298215444
1790281849,149182932,24.957733154296875,-285.75799560546875,2.970693414664206,-286.196883147919
1790281849,249172962,24.955995559692383,-285.77972412109375,2.9790498895091386,-286.1959367995174
1790281849,349243040,24.955190658569336,-285.8009033203125,2.987128463984576,-286.19502170504376
1790281849,449203780,24.955154418945312,-285.8270263671875,2.9972097733842173,-286.1939483407295
1790281849,549174740,24.956100463867188,-285.8546142578125,3.008230722045938,-286.1928896802008
1790281849,649249879,24.957748413085938,-285.8795166015625,3.0179908675839,-286.1920790637959
1790281849,749207979,24.960561752319336,-285.9083557128906,3.0295346833677828,-286.1912786286688
1790281849,849187949,24.963733673095703,-285.93353271484375,3.0394466510340603,-286.1907786013872
1790281849,949207278,24.967124938964844,-285.9617614746094,3.050665613916299,-286.1908325131855
1790281850,49326666,24.96868324279785,-285.9890441894531,3.060404470485774,-286.1918877609645
1790281850,149230076,24.967256546020508,-286.0118103027344,3.0701566172191406,-286.1946701654218
1790281850,249201416,24.961057662963867,-286.03631591796875,3.0786075997772344,-286.1995584246659
1790281850,349181866,24.948808670043945,-286.0589294433594,3.085407687434842,-286.2068642021324
1790281850,449197045,24.932226181030273,-286.0770263671875,3.0897090444771114,-286.2156131863433
1790281850,549158566,24.90576171875,-286.09564208984375,3.0923550611493713,-286.22827838654024
1790281850,649193184,24.875654220581055,-286.1100158691406,3.0924001451924905,-286.24151163191317
1790281850,749195494,24.832956314086914,-286.1242370605469,3.0896172903688464,-286.2593004896189
1790281850,849193113,24.781333923339844,-286.1360168457031,3.083648560479433,-286.2795072762547
1790281850,949201023,24.72895622253418,-286.1443176269531,3.0755931103811207,-286.2994413597826
1790281851,49210242,24.661174774169922,-286.1514587402344,3.063570662247736,-286.32354271724864
1790281851,149281851,24.5953369140625,-286.15570068359375,3.0504018786278175,-286.3461501011851
1790281851,249288760,24.513206481933594,-286.158203125,3.032403175246024,-286.37347562797424
1790281851,349204331,24.435964584350586,-286.15838623046875,3.014015180717773,-286.3987992037577
1790281851,449206320,24.342208862304688,-286.15631103515625,2.9908742966106447,-286.42820470089123
1790281851,549223920,24.24335289001465,-286.1518859863281,2.968979448838135,-286.45424022744504
1790281851,649186479,24.15326499938965,-286.14617919921875,2.9426921478975707,-286.48384411590996
1790281851,749175849,24.046852111816406,-286.1376037597656,2.9141175836943662,-286.5145626899322
1790281851,849157419,23.937503814697266,-286.1269836425781,2.8841583328605562,-286.5456513576103
1790281851,949211488,23.83989143371582,-286.11614990234375,2.857067954759443,-286.57311505221105
1790281852,49202947,23.726600646972656,-286.1022033691406,2.8249411819463757,-286.605231397967
1790281852,149268156,23.626415252685547,-286.0887451171875,2.7965131354522192,-286.6334737427117
1790281852,249154357,23.511056900024414,-286.0721435546875,2.7639132568442277,-286.6659402961619
1790281852,349201216,23.39512825012207,-286.05450439453125,2.7316042715126168,-286.6984875955865
1790281852,449227325,23.293455123901367,-286.0383605957031,2.703170455991279,-286.7276679224779
1790281852,549176885,23.17721176147461,-286.0194091796875,2.671051439854398,-286.76152230273783
1790281852,649177755,23.07571029663086,-286.0025939941406,2.64345104824247,-286.79160404081176
1790281852,749205414,22.960067749023438,-285.9832763671875,2.6129512501532646,-286.8262309596836
1790281852,849205373,22.859294891357422,-285.9665832519531,2.5863583204941594,-286.85784540498446
1790281852,949216953,22.744653701782227,-285.9479064941406,2.5574957501018925,-286.8940470230208
1790281853,49285181,22.644861221313477,-285.93212890625,2.532940777974045,-286.9267636471652
1790281853,149225712,22.531414031982422,-285.91497802734375,2.5065314221457395,-286.96437680146624
1790281853,249207282,22.432695388793945,-285.9009094238281,2.484776276733338,-286.9976836511073
1790281853,349201961,22.32046890258789,-285.8861083984375,2.4616139949233826,-287.0360854895458
1790281853,449172841,22.208864212036133,-285.872802734375,2.4404939317566674,-287.07451704097383
1790281853,549194510,22.1116886138916,-285.8625793457031,2.4232183356707835,-287.1091238950705
1790281853,649176780,22.00112533569336,-285.85260009765625,2.405233062610684,-287.1489776031358
1790281853,749198639,21.891145706176758,-285.8445129394531,2.391231983377426,-287.1836511205931
1790281853,849165309,21.79532814025879,-285.839111328125,2.3766022148977477,-287.2245732588369
1790281853,949162178,21.686216354370117,-285.83489990234375,2.363736025375906,-287.2659818017485
1790281854,49196178,21.591035842895508,-285.8329162597656,2.3541135581542654,-287.3018213212981
1790281854,149266256,21.496076583862305,-285.8325500488281,2.3451665938406725,-287.34044562791655
1790281854,249211766,21.387758255004883,-285.8340759277344,2.336871411597313,-287.383139379922
1790281854,349181366,21.279611587524414,-285.83758544921875,2.330257873902581,-287.4252313915926
1790281854,449222205,21.185087203979492,-285.8422546386719,2.3255653982762983,-287.4627609594116
1790281854,549181975,21.077136993408203,-285.8492736816406,2.3214452312970377,-287.50577441525826
1790281854,649172735,20.98272705078125,-285.8567810058594,2.3188112864926445,-287.5430286612456
1790281854,749172824,20.874855041503906,-285.8667907714844,2.3167838017588953,-287.58522282846167
1790281854,849199733,20.78057289123535,-285.8766174316406,2.3156792967179047,-287.62362047893123
1790281854,949202243,20.672897338867188,-285.88897705078125,2.3151336639733464,-287.6655638774021
1790281855,49209982,20.565292358398438,-285.9023132324219,2.3151298329499563,-287.7080732525135
1790281855,149261831,20.47127342224121,-285.91461181640625,2.315451307570617,-287.7453624801921
1790281855,249196131,20.363933563232422,-285.9292297363281,2.316041294477381,-287.7876229474247
1790281855,349217251,20.256698608398438,-285.9442443847656,2.3167168736708477,-287.83006199572804
1790281855,449127971,20.162939071655273,-285.9575500488281,2.317254504892724,-287.8669229837522
1790281855,549210030,20.05585479736328,-285.9728088378906,2.3176757051339054,-287.9095168603134
1790281855,649217009,19.948945999145508,-285.9878845214844,2.3177520477743445,-287.95148239678673
1790281855,749199309,19.85552215576172,-286.0008239746094,2.317431044875447,-287.98907133797223
1790281855,849208428,19.74886703491211,-286.01519775390625,2.316520596004402,-288.0320669898244
1790281855,949225937,19.642431259155273,-286.0289306640625,2.3151890180393346,-288.06898454054823
1790281856,49230817,19.549448013305664,-286.04034423828125,2.31291296846662,-288.111413008928
1790281856,149237416,19.443317413330078,-286.0526123046875,2.310191431319058,-288.14880106969974
1790281856,249205156,19.35055923461914,-286.0625305175781,2.3062494178976913,-288.1908994341873
1790281856,349173046,19.24464225769043,-286.0728454589844,2.3013336929234893,-288.2327204736339
1790281856,449203165,19.15203285217285,-286.0809631347656,2.296294580305708,-288.2682909843781
1790281856,549226575,19.046249389648438,-286.089111328125,2.289482367071545,-288.3090950220928
1790281856,649204944,18.94062042236328,-286.09600830078125,2.281625766164152,-288.34943433819666
1790281856,749213004,18.8483829498291,-286.1009521484375,2.2736262590319094,-288.38552511857125
1790281856,849173694,18.743120193481445,-286.1053466796875,2.2636746384630677,-288.4255470591191
1790281856,949198173,18.637985229492188,-286.1084289550781,2.2526633081171434,-288.4651321237607
1790281857,49216232,18.54606056213379,-286.1100158691406,2.241995241069096,-288.500041701267
1790281857,149240771,18.4410457611084,-286.1105651855469,2.2290960023096034,-288.53876038322727
1790281857,249207371,18.349267959594727,-286.1100158691406,2.216164551073671,-288.5746471311245
1790281857,349213851,18.24444580078125,-286.1081848144531,2.2016931833676088,-288.6121134596125
1790281857,449202650,18.139663696289062,-286.1051330566406,2.186308760020905,-288.64930470934127
1790281857,549194110,18.03499412536621,-286.10101318359375,2.1699364751151133,-288.6865537454439
1790281857,649221619,17.94346046447754,-286.0965270996094,2.1546945387467553,-288.7195428813436
1790281857,749210429,17.8388671875,-286.0905456542969,2.1370314029323447,-288.75613072156546
1790281857,849202648,17.7343692779541,-286.0837097167969,2.1209248781887347,-288.78822481425925
1790281857,949180288,17.642974853515625,-286.0771484375,2.1017745183605863,-288.8251693294223
1790281858,49155298,17.538528442382812,-286.0690612792969,2.082016480805817,-288.8622085328657
1790281858,149314155,17.447120666503906,-286.06158447265625,2.064574134668621,-288.89422860390204
1790281858,249206766,17.342607498168945,-286.05267333984375,2.0450583855363385,-288.929460849338
1790281858,349195636,17.251197814941406,-286.0446472167969,2.027077101306121,-288.961536476786
1790281858,449166786,17.146724700927734,-286.0353088378906,2.0070855855579777,-288.9969714202454
1790281858,549189725,17.04222869873047,-286.02593994140625,1.9872496576403345,-289.03204162744686
1790281858,649185135,16.950849533081055,-286.01776123046875,1.9688023535161807,-289.06474210308403
1790281858,749214094,16.846424102783203,-286.0085754394531,1.9489389160244959,-289.1001721849387
1790281858,849159854,16.741989135742188,-285.9996337890625,1.9286008128287973,-289.1368727010337
1790281858,949201403,16.650575637817383,-285.9920959472656,1.9116932573630674,-289.16782173645544
1790281859,49202172,16.54604721069336,-285.9838562011719,1.891948655381698,-289.2046358770203
1790281859,149446228,16.44154930114746,-285.97613525390625,1.8751506570950585,-289.2366494807862
1790281859,249247141,16.350112915039062,-285.9698181152344,1.856406259994934,-289.2732752642238
1790281859,349204861,16.245582580566406,-285.9631652832031,1.8383841399883771,-289.30955548905604
1790281859,449299779,16.141103744506836,-285.9571838378906,1.8228654494734524,-289.3417848398708
1790281859,549191930,16.049694061279297,-285.9525146484375,1.805556427993336,-289.3789798815831
1790281859,649202959,15.945202827453613,-285.9478454589844,1.7888862114380106,-289.4162266499798
1790281859,749181079,15.853826522827148,-285.9444274902344,1.7744350215675246,-289.4497843208834
1790281859,849223678,15.749401092529297,-285.9411926269531,1.7587699881031942,-289.4876571482476
1790281859,949238247,15.644954681396484,-285.9387512207031,1.7438639511784833,-289.5253407243318
1790281860,49208467,15.553522109985352,-285.937255859375,1.7310796961411152,-289.5591287172094
1790281860,149260676,15.448951721191406,-285.9362487792969,1.7170895074441683,-289.597810776786
1790281860,249158387,15.34438705444336,-285.9360046386719,1.7038599672116777,-289.6362474187299
1790281860,349232615,15.252869606018066,-285.9363708496094,1.692542547199691,-289.6706967883851
1790281860,449192035,15.148219108581543,-285.93743896484375,1.6802507256275432,-289.7098925133917
1790281860,549158905,15.043591499328613,-285.9391784667969,1.6686207647081779,-289.7488184085315
1790281860,649193134,14.952028274536133,-285.9411926269531,1.6588096987679901,-289.7831767533086
1790281860,749221823,14.847332954406738,-285.9440002441406,1.6480426396909387,-289.82259057930514
1790281860,849178574,14.742668151855469,-285.94732666015625,1.6375004335676653,-289.86295163077267
1790281860,949232762,14.65107536315918,-285.95062255859375,1.628838415263885,-289.89742762600326
1790281861,49272411,14.54635238647461,-285.9547119140625,1.6191865055840429,-289.93725109348554
1790281861,149123793,14.441661834716797,-285.95916748046875,1.6098139610726114,-289.97726709990945
1790281861,249223971,14.350051879882812,-285.9632568359375,1.602034697336695,-290.01144386478325
1790281861,349281270,14.245311737060547,-285.9681091308594,1.593079559975828,-290.0517244055491
1790281861,449214650,14.140608787536621,-285.97314453125,1.5844076221558354,-290.09155217488126
1790281861,549220170,14.049080848693848,-285.9775695800781,1.576756497467321,-290.1271933830769
1790281861,649207519,13.944510459899902,-285.9826965332031,1.5682782374273085,-290.16703455566244
1790281861,749168659,13.839944839477539,-285.9877624511719,1.559792984288506,-290.2070325918544
1790281861,849243778,13.74842357635498,-285.9921569824219,1.552295223674238,-290.24233278377267
1790281861,949193218,13.643768310546875,-285.9970397949219,1.5439509323101297,-290.2813619406815
1790281862,49251297,13.539135932922363,-286.00177001953125,1.5353271865990759,-290.3212438407342
1790281862,149122768,13.434593200683594,-286.0062561035156,1.52653629528736,-290.3612671077517
1790281862,249205316,13.343151092529297,-286.0099792480469,1.5186199145890023,-290.39666870483984
1790281862,349224986,13.238639831542969,-286.0139465332031,1.509638854276569,-290.43593919473966
1790281862,449261334,13.147256851196289,-286.0171813964844,1.5014045898843407,-290.47108474693914
1790281862,549202985,13.04283332824707,-286.02056884765625,1.491677657737482,-290.51156330127634
1790281862,649172395,12.938396453857422,-286.0235595703125,1.4818990906299483,-290.5510534245088
1790281862,749188134,12.833903312683105,-286.0262145996094,1.4730792072390018,-290.5856880695787
1790281862,849226493,12.742430686950684,-286.0281982421875,1.4629792307481195,-290.6241615395268
1790281862,949205923,12.637900352478027,-286.0301208496094,1.4521084143020244,-290.6642789551398
1790281863,49232152,12.546514511108398,-286.0314636230469,1.4423466807826986,-290.69923907792446
1790281863,149287831,12.442100524902344,-286.03265380859375,1.4311847491985021,-290.73805947406026
1790281863,249181572,12.337688446044922,-286.0334167480469,1.419698270272201,-290.7767913991624
1790281863,349091613,12.23334789276123,-286.0338134765625,1.4076067089536914,-290.8163367908252
1790281863,449191651,12.142069816589355,-286.03387451171875,1.397092340752547,-290.84983852120075
1790281863,549170830,12.037736892700195,-286.0335693359375,1.3846169219423337,-290.88853946793586
1790281863,649210949,11.933465003967285,-286.032958984375,1.3718762531530253,-290.9270453230554
1790281863,749212999,11.842239379882812,-286.03216552734375,1.360345921779242,-290.96109779912587
1790281863,849204808,11.737957954406738,-286.0309753417969,1.3469305743837947,-290.99986314598294
1790281863,949179228,11.633729934692383,-286.0295104980469,1.3334753107917798,-291.037945382834
1790281864,49211887,11.542539596557617,-286.02801513671875,1.3213271608524129,-291.07172456428253
1790281864,149269856,11.438292503356934,-286.026123046875,1.3073973539830215,-291.10979085993165
1790281864,249205446,11.334094047546387,-286.0240173339844,1.2932966517946822,-291.1477406816114
1790281864,349219346,11.243016242980957,-286.0220642089844,1.2807393905646989,-291.1810945701867
1790281864,449196276,11.138967514038086,-286.01971435546875,1.2661613755978591,-291.21938723149987
1790281864,549206225,11.034927368164062,-286.0172424316406,1.2515347555268117,-291.25743121955884
1790281864,649254964,10.943957328796387,-286.0150146484375,1.238667868699003,-291.29062275611716
1790281864,749180924,10.84000301361084,-286.012451171875,1.2236195099989555,-291.3292447611034
1790281864,849233743,10.749113082885742,-286.01019287109375,1.2103468003879276,-291.3631596616276
1790281864,949225773,10.64621639251709,-286.00762939453125,1.1955794234423076,-291.40078847179785
1790281865,49221322,10.545650482177734,-286.00518798828125,1.181352243004433,-291.43696033277286
1790281865,149274201,10.460480690002441,-286.0032043457031,1.1691726300548988,-291.467890190034
1790281865,249255621,10.367196083068848,-286.0011901855469,1.1557733662739769,-291.5018948157861
1790281865,349149282,10.278918266296387,-285.99951171875,1.1433393509770244,-291.53341850520667
1790281865,449125892,10.196198463439941,-285.998291015625,1.1315015600289466,-291.5634065297875
1790281865,549282169,10.128702163696289,-285.9975891113281,1.1220854886845257,-291.58722971330366
1790281865,649276149,10.057419776916504,-285.997314453125,1.1119289832007877,-291.6128998921733
1790281865,749262198,9.992586135864258,-285.99761962890625,1.1027947863451517,-291.6359636092204
1790281865,849226228,9.94125747680664,-285.9983825683594,1.0952395512293722,-291.65505022707384
1790281865,949186888,9.888836860656738,-285.99981689453125,1.0876358239690591,-291.6743058258995
1790281866,49363025,9.843094825744629,-286.0018310546875,1.081785759513834,-291.6891982659291
1790281866,149271166,9.808531761169434,-286.0040283203125,1.0762825984945112,-291.70337473050404
1790281866,249212396,9.775215148925781,-286.00701904296875,1.0716915933187179,-291.7154796042765
1790281866,349235536,9.748398780822754,-286.0104064941406,1.0681187604006397,-291.7253880972581
1790281866,449182226,9.730157852172852,-286.0136413574219,1.0659344427827022,-291.7320287118368
1790281866,549190015,9.715128898620605,-286.017578125,1.06440904051719,-291.73773341470854
1790281866,649190115,9.706107139587402,-286.0216064453125,1.0639794154162185,-291.7414282737784
1790281866,749224944,9.702951431274414,-286.02508544921875,1.064513118833637,-291.74313511628
1790281866,849187254,9.704510688781738,-286.0289611816406,1.0661545266090282,-291.7433989468422
1790281866,949193183,9.711263656616211,-286.03253173828125,1.0689339570514471,-291.7420472546212
1790281867,49206622,9.721109390258789,-286.0353088378906,1.0723352086663949,-291.73962735485406
1790281867,149244522,9.736417770385742,-286.0379943847656,1.0771358389530614,-291.7357327591495
1790281867,249169922,9.755529403686523,-286.03997802734375,1.082840805284215,-291.7308521807626
1790281867,349176202,9.777854919433594,-286.04119873046875,1.0893519800542721,-291.72523170110213
1790281867,449168031,9.799549102783203,-286.04156494140625,1.096046904552042,-291.7194962764553
1790281867,549198160,9.826253890991211,-286.0411071777344,1.104070657512846,-291.7127575233887
1790281867,649159590,9.854416847229004,-286.0397033691406,1.1123279501691328,-291.7060279252989
1790281867,749082791,9.883448600769043,-286.0373229980469,1.1210930881804433,-291.6991398147634
1790281867,849179149,9.909117698669434,-286.03460693359375,1.128987897746833,-291.69322991895797
1790281867,949235918,9.938276290893555,-286.0317687988281,1.1384293714972757,-291.68699600046824
1790281868,49159928,9.966776847839355,-286.03076171875,1.1484591964131778,-291.68189789495653
1790281868,149275906,9.990839958190918,-286.0326232910156,1.1575971832809562,-291.67900838954426
1790281868,249178107,10.017019271850586,-286.03924560546875,1.1679017477220424,-291.6780728209255
1790281868,349173897,10.041507720947266,-286.0518493652344,1.1784784185212158,-291.68010257609984
1790281868,449188816,10.061355590820312,-286.0686950683594,1.18770645622187,-291.68468068411033
1790281868,549268544,10.082066535949707,-286.09539794921875,1.1976658547008474,-291.69319879616614
1790281868,649200705,10.100529670715332,-286.1305236816406,1.2071881456278124,-291.705792442243
1790281868,749151955,10.116633415222168,-286.17431640625,1.2156125090392644,-291.72192961694134
1790281868,849178974,10.128719329833984,-286.2198181152344,1.2219499982753963,-291.73902449692594
1790281868,949209593,10.14018726348877,-286.2799377441406,1.228159905794391,-291.76279904845035
1790281869,49207173,10.148136138916016,-286.3392333984375,1.2322404601422978,-291.7860695446682
1790281869,149259882,10.15481185913086,-286.414306640625,1.2352818749220214,-291.81483988515225
1790281869,249222722,10.158904075622559,-286.4965515136719,1.2366532937625316,-291.8468304771662
1790281869,349154462,10.160414695739746,-286.5851135253906,1.236374183666246,-291.88230974584405
1790281869,449194361,10.159634590148926,-286.6672668457031,1.2348154757905612,-291.91449010757464
1790281869,549213230,10.156384468078613,-286.76580810546875,1.2317504435773132,-291.95141694087806
1790281869,649205060,10.150693893432617,-286.8684997558594,1.2272094065443844,-291.9912924145386
1790281869,749197049,10.142668724060059,-286.97454833984375,1.2215878102897955,-292.0318967687279
1790281869,849137270,10.132450103759766,-287.0832824707031,1.2149470535875,-292.0740025246109
1790281869,949224148,10.12183952331543,-287.18017578125,1.2086590304050664,-292.11084614036474
1790281870,49224797,10.107982635498047,-287.2925109863281,1.2011524556258042,-292.1528383559488
1790281870,149245707,10.092490196228027,-287.406005859375,1.1932914674157733,-292.1959303342013
1790281870,249183007,10.075605392456055,-287.5201721191406,1.1852809515939497,-292.2401323051082
1790281870,349172597,10.05759048461914,-287.6346740722656,1.1775872365626694,-292.2840394531754
1790281870,449181236,10.041116714477539,-287.73492431640625,1.171061876384337,-292.32347467771046
1790281870,549190475,10.021735191345215,-287.8493957519531,1.164290733738669,-292.3681665974424
1790281870,649233554,10.002041816711426,-287.9635314941406,1.1584178084704775,-292.4124235153202
1790281870,749161645,9.98232650756836,-288.0772399902344,1.1535524963956685,-292.45679661583927
1790281870,849320972,9.965285301208496,-288.17626953125,1.1502862810266166,-292.49545756829104
1790281870,949272172,9.946300506591797,-288.2888488769531,1.1477672391972675,-292.5397293294368
1790281871,49147214,9.928095817565918,-288.4006652832031,1.14667367221061,-292.5840419851266
1790281871,149205922,9.910924911499023,-288.5116271972656,1.1471257205631202,-292.6261909565345
1790281871,249128743,9.89502239227295,-288.6218566894531,1.148870566079832,-292.6638331549028
1790281871,349282810,9.882312774658203,-288.71771240234375,1.1524571908281298,-292.7062811315216
1790281871,449169711,9.869330406188965,-288.82659912109375,1.1577122296178528,-292.7481101118394
1790281871,549135971,9.858148574829102,-288.9347839355469,1.1639132053114267,-292.78540050875273
1790281871,649227670,9.849944114685059,-289.0289611816406,1.1725939723300873,-292.8271088619766
1790281871,749215479,9.842464447021484,-289.1361083984375,1.1829709699254107,-292.8679452765561
1790281871,849151270,9.837079048156738,-289.2427978515625,1.1945998869371435,-292.9065377326209
1790281871,949188718,9.834117889404297,-289.3358459472656,1.2066583294915907,-292.9414574545562
1790281872,49296386,9.832748413085938,-289.4419860839844,1.2215678393407727,-292.9797085577631
1790281872,149155578,9.833507537841797,-289.5478210449219,1.2381810520718646,-293.01783047301245
1790281872,249213207,9.835877418518066,-289.64019775390625,1.2538595810637945,-293.0505691205327
1790281872,349176477,9.840456008911133,-289.7456359863281,1.27261424485929,-293.08661539923474
1790281872,449159336,9.846918106079102,-289.8509826660156,1.2923316074822397,-293.1217186484431
1790281872,549208115,9.855119705200195,-289.9562072753906,1.313289472556279,-293.15662951990896
1790281872,649172815,9.864898681640625,-290.0613098144531,1.335091246501088,-293.1909623756227
1790281872,749240864,9.874605178833008,-290.1532287597656,1.3552086403740544,-293.2212803150648
1790281872,849220694,9.886839866638184,-290.25823974609375,1.3783918323617486,-293.25500634254763
1790281872,949202433,9.90009880065918,-290.36322021484375,1.4015110396201385,-293.2876609020473
1790281873,49227692,9.91417407989502,-290.4681091308594,1.4252215252662652,-293.3204648207054
1790281873,149196202,9.926998138427734,-290.5597229003906,1.4463857232406627,-293.3493952222448
1790281873,249201972,9.942048072814941,-290.66436767578125,1.4704367269648257,-293.38212875147946
1790281873,349166512,9.957327842712402,-290.76898193359375,1.4949442595890963,-293.41558330945475
1790281873,449213701,9.972640991210938,-290.87347412109375,1.5181491685455708,-293.4475923088169
1790281873,549209020,9.987802505493164,-290.9778137207031,1.5418554674299558,-293.4808709501687
1790281873,649142241,10.00263786315918,-291.08197021484375,1.5648413717900769,-293.5139363154416
1790281873,749205829,10.015220642089844,-291.1730041503906,1.5849696345146853,-293.5437305762609
1790281873,849199979,10.029010772705078,-291.2769775390625,1.6077608130237053,-293.57862207952974
1790281873,949172469,10.042037963867188,-291.3808288574219,1.6289764810100744,-293.61250452679155
1790281874,49136929,10.054178237915039,-291.4845886230469,1.6468244640355332,-293.6423264798442
1790281874,149213427,10.063984870910645,-291.5753479003906,1.6664925767328878,-293.6768661340825
1790281874,249195457,10.074172973632812,-291.67901611328125,1.685523097005647,-293.7123002936717
1790281874,349218446,10.083194732666016,-291.78253173828125,1.7032339368500855,-293.7474429938229
1790281874,449203286,10.090981483459473,-291.8858642578125,1.7200299100256822,-293.78313703394264
1790281874,549199155,10.097480773925781,-291.9889831542969,1.7360255429907367,-293.819703317806
1790281874,649144956,10.102653503417969,-292.0918884277344,1.7508751355860008,-293.8564290423473
1790281874,749198355,10.106073379516602,-292.18182373046875,1.762765007599806,-293.88820796755283
1790281874,849174524,10.108711242675781,-292.2845458984375,1.7756293163685812,-293.9255780370023
1790281874,949210713,10.109999656677246,-292.3871765136719,1.7874378284794235,-293.9631922608264
1790281875,49217003,10.109962463378906,-292.48968505859375,1.7983148956808048,-294.0014125193296
1790281875,149279992,10.108872413635254,-292.5792236328125,1.8072462144872945,-294.03593866533305
1790281875,249209122,10.10646915435791,-292.6815490722656,1.8165128096404553,-294.0753977349884
1790281875,349182572,10.102900505065918,-292.78387451171875,1.8248143315151417,-294.1148377302258
1790281875,449190131,10.098888397216797,-292.87347412109375,1.831264437724041,-294.148769304901
1790281875,549195620,10.093372344970703,-292.9759826660156,1.837940906402295,-294.18777520118323
1790281875,649201260,10.086962699890137,-293.07855224609375,1.8438897165355865,-294.2265298508549
1790281875,749177060,10.079773902893066,-293.18115234375,1.8492766871627493,-294.2655928546263
1790281875,849217829,10.072935104370117,-293.27093505859375,1.85372169891565,-294.30099698774507
1790281875,949195559,10.064600944519043,-293.3736877441406,1.8582429090277743,-294.34017726551184
1790281876,49267277,10.055830001831055,-293.4764709472656,1.8623843721724416,-294.3789605203953
1790281876,149204698,10.046745300292969,-293.5792236328125,1.8664408627390499,-294.41928168855554
1790281876,249125688,10.037466049194336,-293.6820373535156,1.8702811026349186,-294.45896863588166
1790281876,349342464,10.028107643127441,-293.7849426269531,1.8735385445910937,-294.4931675303752
1790281876,449209076,10.019942283630371,-293.8749694824219,1.877330935396028,-294.53281637652896
1790281876,549197066,10.010734558105469,-293.97784423828125,1.881255480546263,-294.5728239767016
1790281876,649173486,10.001752853393555,-294.08062744140625,1.8853433362773382,-294.61270116837795
1790281876,749198975,9.994154930114746,-294.1705627441406,1.889179862452435,-294.64810660425906
1790281876,849198814,9.985845565795898,-294.27337646484375,1.8936743720054425,-294.6868793411177
1790281876,949201324,9.978011131286621,-294.3761901855469,1.8985655088733429,-294.7258845908529
1790281877,49184114,9.970720291137695,-294.4789123535156,1.9040216526152518,-294.76587920179816
1790281877,149147234,9.964035034179688,-294.5816650390625,1.9097844025037651,-294.80461091248964
1790281877,249172063,9.958722114562988,-294.671630859375,1.91535805898578,-294.83913765504883
1790281877,349205322,9.953301429748535,-294.7744140625,1.9222072057826012,-294.87826906957577
1790281877,449176642,9.9486083984375,-294.8771667480469,1.9295281087476455,-294.9167753227872
1790281877,549186782,9.944666862487793,-294.9798278808594,1.9374710784281168,-294.95533795409705
1790281877,649184001,9.941494941711426,-295.0823669433594,1.946015090636648,-294.9937507827283
1790281877,749201231,9.939353942871094,-295.1720886230469,1.9541221736847412,-295.02779116820494
1790281877,849177840,9.937633514404297,-295.274658203125,1.9639361301053055,-295.0664416103653
1790281877,949174740,9.936676025390625,-295.377197265625,1.9744006059457198,-295.1050826568921
1790281878,49155759,9.936464309692383,-295.479736328125,1.9852033535295275,-295.14262610497445
1790281878,149220268,9.936870574951172,-295.5694580078125,1.99533520584506,-295.1760733221366
1790281878,249198428,9.937980651855469,-295.6720886230469,2.007193655538796,-295.2133382970122
1790281878,349188758,9.939737319946289,-295.7747497558594,2.0196679684720213,-295.25074675000457
1790281878,449143938,9.942095756530762,-295.87738037109375,2.0314546692659685,-295.28470653080336
1790281878,549198347,9.944609642028809,-295.9672546386719,2.0451637445594315,-295.3228026454223
1790281878,649180916,9.94794750213623,-296.0700988769531,2.058933052638029,-295.3597852819854
1790281878,749211656,9.951722145080566,-296.1729736328125,2.0716118630192932,-295.39286752236234
1790281878,849305114,9.955334663391113,-296.2630615234375,2.0862025383131497,-295.43000749829497
1790281878,949286844,9.959759712219238,-296.3661804199219,2.1010061584710362,-295.4668433922392
1790281879,49284383,9.964439392089844,-296.4693603515625,2.116228362899772,-295.5040225039429
1790281879,149144445,9.969308853149414,-296.57257080078125,2.1314883448087247,-295.540736570378
1790281879,249212603,9.973675727844238,-296.6629333496094,2.1451531969761257,-295.57325601390676
1790281879,349190233,9.97873306274414,-296.76629638671875,2.1607943462682977,-295.61019739407436
1790281879,449187173,9.983805656433105,-296.8697204589844,2.1767396694286685,-295.6476773120612
1790281879,549200992,9.988210678100586,-296.9602966308594,2.1905091131901053,-295.6799937151514
1790281879,649197552,9.993160247802734,-297.0639343261719,2.206170717328545,-295.71679917381346
1790281879,749195732,9.99797248840332,-297.1676025390625,2.2221030662302326,-295.7543984279751
1790281879,849157922,10.00260066986084,-297.271240234375,2.237607895253452,-295.79124469340184
1790281879,949179271,10.006467819213867,-297.3619689941406,2.251301163179376,-295.8240856406067
1790281880,49197830,10.010644912719727,-297.4657287597656,2.266545548927314,-295.86106372636493
1790281880,149175500,10.014532089233398,-297.5694885253906,2.281530583625109,-295.89793866680486
1790281880,249197999,10.018101692199707,-297.6731872558594,2.296281781340576,-295.93484693639937
1790281880,349159019,10.021329879760742,-297.7768859863281,2.3108955008405387,-295.97210122151733
1790281880,449201218,10.023858070373535,-297.8676452636719,2.32347884648221,-296.004807798453
1790281880,549161638,10.026398658752441,-297.97137451171875,2.3376719635286634,-296.0424662461999
1790281880,649200817,10.028555870056152,-298.07501220703125,2.351530134769105,-296.0801108278747
1790281880,749160698,10.03032398223877,-298.17852783203125,2.36485879437974,-296.1172293109634
1790281880,849211676,10.031549453735352,-298.26904296875,2.3765914577005747,-296.15070899687976
1790281880,949189616,10.032586097717285,-298.3725280761719,2.3897422468856324,-296.189190583046
1790281881,49208375,10.033238410949707,-298.4759216308594,2.401965533272766,-296.22595619167373
1790281881,149159715,10.033516883850098,-298.5792541503906,2.4142986331446474,-296.26411181786375
1790281881,249206434,10.033464431762695,-298.66961669921875,2.424818761647676,-296.2975244442051
1790281881,349249663,10.03307819366455,-298.7729187011719,2.436515696490953,-296.33567072957936
1790281881,449147074,10.032364845275879,-298.8761901855469,2.447966038603189,-296.37404654428843
1790281881,549205443,10.03134536743164,-298.9793701171875,2.4590281384419863,-296.4121436817858
1790281881,649263002,10.030044555664062,-299.0824279785156,2.469834637948816,-296.45034651976874
1790281881,749206692,10.028695106506348,-299.1725769042969,2.479116631192202,-296.483932446428
1790281881,849145802,10.026936531066895,-299.2756042480469,2.489704346291873,-296.5230869347761
1790281881,949172902,10.024974822998047,-299.37860107421875,2.4999818727726884,-296.56191899417
1790281882,49161811,10.023114204406738,-299.46875,2.5085956264837015,-296.59508216105854
1790281882,149202410,10.020852088928223,-299.5718078613281,2.518585774663734,-296.6341995629544
1790281882,249213370,10.018471717834473,-299.6748962402344,2.528283738700858,-296.67276278397236
1790281882,349228609,10.016317367553711,-299.7650451660156,2.5368525024202917,-296.7072614597322
1790281882,449203749,10.013797760009766,-299.86810302734375,2.5464301439787165,-296.7462058536486
1790281882,549196709,10.011244773864746,-299.9712219238281,2.5560686126323096,-296.7857210624662
1790281882,649173898,10.008686065673828,-300.0743408203125,2.5653565860953607,-296.82400708035664
1790281882,749361085,10.006148338317871,-300.1775207519531,2.5735165461968044,-296.8577367933469
1790281882,849197027,10.00396728515625,-300.2677001953125,2.5830408122618183,-296.89712184381483
1790281882,949287746,10.001568794250488,-300.3697204589844,2.592189879320962,-296.9348987300694
1790281883,49174477,9.999338150024414,-300.4693298339844,2.6013124794457005,-296.9724538444694
1790281883,149251255,9.99758529663086,-300.5535888671875,2.609011011503041,-297.00402738522484
1790281883,249213305,9.995882987976074,-300.64581298828125,2.617398381913666,-297.0382795792935
1790281883,349201935,9.994575500488281,-300.73297119140625,2.625359106074328,-297.07064036795407
1790281883,449173025,9.993730545043945,-300.8146057128906,2.6327309817504063,-297.10047349376595
1790281883,549181874,9.993407249450684,-300.8902587890625,2.6397482476205663,-297.12874687140317
1790281883,649212143,9.993587493896484,-300.9513244628906,2.645607138060774,-297.1522458519907
1790281883,749312532,9.994352340698242,-301.01507568359375,2.6516137073462427,-297.17619944076927
1790281883,849307152,9.995725631713867,-301.072265625,2.657021406816697,-297.1976056868702
1790281883,949149613,9.997424125671387,-301.11688232421875,2.661430227121708,-297.21487303902535
1790281884,49143053,9.999911308288574,-301.1616516113281,2.6654711591841105,-297.23043964364297
1790281884,149204561,10.002532958984375,-301.19537353515625,2.669394925582655,-297.2451575314326
1790281884,249189351,10.005982398986816,-301.227783203125,2.6727198677771775,-297.2570763197666
1790281884,349223500,10.009834289550781,-301.25372314453125,2.6755905494080405,-297.2666182877917
1790281884,449204320,10.013455390930176,-301.271240234375,2.677811599512208,-297.2731483428273
1790281884,549198080,10.017780303955078,-301.2854919433594,2.6800216494660307,-297.2784264113708
1790281884,649201779,10.02218246459961,-301.2937927246094,2.6819756377881845,-297.2814594918394
1790281884,749184779,10.025993347167969,-301.2963562011719,2.6834667244258297,-297.28227303018883
1790281884,849200628,10.03017520904541,-301.2941589355469,2.685132158906194,-297.2812599039375
1790281884,949173828,10.034029960632324,-301.286865234375,2.6865585325829895,-297.27874319613124
1790281885,49207767,10.03702449798584,-301.2765808105469,2.688188608306165,-297.274263881004
1790281885,149204996,10.039891242980957,-301.26080322265625,2.689915030152985,-297.26825786732775
1790281885,249327544,10.042046546936035,-301.2413635253906,2.691637018525321,-297.2616218221952
1790281885,349183596,10.04326343536377,-301.2217102050781,2.693774632415459,-297.2531019101086
1790281885,449200455,10.043810844421387,-301.19683837890625,2.696200373930169,-297.2435320477037
1790281885,549216244,10.04350471496582,-301.1734313964844,2.698581145228081,-297.2344474092574
1790281885,649158065,10.042219161987305,-301.14532470703125,2.7015197399661264,-297.22373614629714
1790281885,749135125,10.039920806884766,-301.1163635253906,2.7043091052442363,-297.2141025318689
1790281885,849200923,10.03708553314209,-301.0906982421875,2.707748581874447,-297.202861517407
1790281885,949185933,10.032933235168457,-301.0615539550781,2.711267045258158,-297.191934445503
1790281886,49222932,10.028546333312988,-301.0366516113281,2.7145336863001672,-297.18226856490395
1790281886,149165862,10.022753715515137,-301.00921630859375,2.7181840775178956,-297.1718786805476
1790281886,249210861,10.01710033416748,-300.9864807128906,2.7213138581780476,-297.163253591616
1790281886,349207691,10.010114669799805,-300.9622497558594,2.7248321842197694,-297.1537761091569
1790281886,449203551,10.003680229187012,-300.9429016113281,2.727678330954389,-297.1461764022531
1790281886,549184580,9.996137619018555,-300.9230651855469,2.73056513477402,-297.13843607875094
1790281886,649182230,9.989529609680176,-300.90789794921875,2.7327694398334743,-297.13235749358074
1790281886,749237789,9.98215389251709,-300.89324951171875,2.7348257913999388,-297.12636157595
1790281886,849106130,9.975157737731934,-300.8815002441406,2.736244463998416,-297.12172165003994
1790281886,949208988,9.969491004943848,-300.8736267089844,2.737270393118419,-297.11754898487277
1790281887,49241287,9.963683128356934,-300.867431640625,2.7376979324684463,-297.11430040451836
1790281887,149231357,9.959287643432617,-300.8643493652344,2.7375769257958544,-297.11222402423857
1790281887,249208827,9.955148696899414,-300.8634948730469,2.736846691333293,-297.110813453477
1790281887,349179057,9.95202350616455,-300.86529541015625,2.7355162357228,-297.1102602624852
1790281887,449198016,9.950156211853027,-300.868896484375,2.7338858333058935,-297.1104975468426
1790281887,549163616,9.949024200439453,-300.8751525878906,2.73151608387928,-297.1115379758123
1790281887,649208555,9.948896408081055,-300.8822937011719,2.7290237829925617,-297.11309579144734
1790281887,749203374,9.949691772460938,-300.89215087890625,2.7259052617742543,-297.1154576338351
1790281887,849117395,9.951416015625,-300.903564453125,2.7228319093795177,-297.11809328975045
1790281887,949163224,9.953582763671875,-300.91448974609375,2.719200060361832,-297.1215123214094
1790281888,49152314,9.95667839050293,-300.9276428222656,2.715427354574321,-297.1253638117385
1790281888,149188832,9.960289001464844,-300.94122314453125,2.711772128781375,-297.12937823144927
1790281888,249205992,9.963768005371094,-300.953125,2.70848418702681,-297.1332414356718
1790281888,349207521,9.967463493347168,-300.9649353027344,2.7051420443550604,-297.1374140737554
1790281888,449203351,9.971302032470703,-300.9764709472656,2.701985750672753,-297.1416107874906
1790281888,549204660,9.975212097167969,-300.98760986328125,2.6990167291869263,-297.14581833907295
1790281888,649272109,9.979126930236816,-300.9981994628906,2.6962955265536106,-297.1499442876098
1790281888,749161230,9.982985496520996,-301.0081787109375,2.693914296909015,-297.1538316187177
1790281888,849213569,9.986737251281738,-301.0172424316406,2.6918407108873796,-297.15756282012757
1790281888,949281897,9.990340232849121,-301.0256042480469,2.6900875526880244,-297.1610046633002
1790281889,49139299,9.99374771118164,-301.0332946777344,2.688519736782957,-297.16433312775183
1790281889,149191318,9.99691390991211,-301.0404968261719,2.687137123875927,-297.16741928018763
1790281889,249308896,9.99979305267334,-301.0469970703125,2.6861093394942133,-297.16983759015034
1790281889,349303265,10.00201416015625,-301.0520324707031,2.685115247895685,-297.17238512427235
1790281889,449181457,10.004302024841309,-301.05712890625,2.6842875724731683,-297.1746504935998
1790281889,549197687,10.006256103515625,-301.0613708496094,2.68366582388673,-297.1765539282286
1790281889,649175087,10.007877349853516,-301.06475830078125,2.6832197912281415,-297.178124229366
1790281889,749315575,10.009174346923828,-301.0672302246094,2.682970184608773,-297.17927249416994
1790281889,849188266,10.010162353515625,-301.0687561035156,2.682897362873262,-297.1800127707734
1790281889,949312724,10.010863304138184,-301.06939697265625,2.6829830754854607,-297.1803810939598
1790281890,49161785,10.011302947998047,-301.0691223144531,2.6832258336537733,-297.18036603308343
1790281890,149326982,10.011509895324707,-301.0679626464844,2.6835991610486527,-297.17999026702034
1790281890,249313672,10.011514663696289,-301.06597900390625,2.6840935042986387,-297.17927375019684
1790281890,349189663,10.011348724365234,-301.0632629394531,2.684694887721786,-297.17824087574354
1790281890,449213953,10.0110445022583,-301.059814453125,2.6853838845576288,-297.17693371372053
1790281890,549203442,10.010632514953613,-301.05572509765625,2.686151028867788,-297.17537768553103
1790281890,649167572,10.010066986083984,-301.0503845214844,2.6871059217222486,-297.1733435828429
1790281890,749203321,10.009517669677734,-301.0451965332031,2.6880031451472477,-297.17136517286224
1790281890,849226050,10.008942604064941,-301.03961181640625,2.6889434473300233,-297.16925010946346
1790281890,949187100,10.008280754089355,-301.03289794921875,2.690021323430499,-297.16679196698726
1790281891,49195059,10.007715225219727,-301.0267639160156,2.6910050034530335,-297.1645375580326
1790281891,149221898,10.007102966308594,-301.0196533203125,2.6921466485075163,-297.16192346551264
1790281891,249216628,10.006608963012695,-301.0133972167969,2.6931575124664806,-297.1596275773296
1790281891,349198447,10.006099700927734,-301.0063171386719,2.694311653175689,-297.15703908279187
1790281891,449210787,10.005707740783691,-301.000244140625,2.695307357093159,-297.15484559241247
1790281891,549198417,10.005322456359863,-300.9935607910156,2.696420466041341,-297.1524465999129
1790281891,649215696,10.00500202178955,-300.9871826171875,2.697484776850419,-297.1502133852754
1790281891,749284654,10.004772186279297,-300.9819641113281,2.698389655604544,-297.14836634757336
1790281891,849166795,10.004559516906738,-300.9764709472656,2.699362579223299,-297.1464370100498
1790281891,949136145,10.004393577575684,-300.97149658203125,2.7002570079261905,-297.1447195487063
1790281892,49214584,10.004277229309082,-300.9676208496094,2.700990529637631,-297.14335242993576
1790281892,149235683,10.004181861877441,-300.9642333984375,2.7016566695038753,-297.1421428819351
1790281892,249189673,10.004088401794434,-300.9609375,2.7023011911665864,-297.14100154099066
1790281892,349139844,10.00400161743164,-300.95831298828125,2.702752710037306,-297.1402164353477
1790281892,449187723,10.003923416137695,-300.9565734863281,2.7031536067401127,-297.139521889035
1790281892,549268651,10.00404167175293,-300.9552307128906,2.703508765497109,-297.1391105046814
1790281892,649198222,10.005531311035156,-300.9545593261719,2.704195594492078,-297.1392662328831
1790281892,749148962,10.010298728942871,-300.95440673828125,2.7055728778986317,-297.14014235788966
1790281892,849204810,10.018253326416016,-300.9547424316406,2.708435894621765,-297.1423622838599
1790281892,949202790,10.032828330993652,-300.95562744140625,2.713048228273413,-297.14620512507383
1790281893,49199380,10.05117130279541,-300.9568176269531,2.7188371849960924,-297.15117757884053
1790281893,149476355,10.079262733459473,-300.95849609375,2.7262337505090914,-297.15766347063123
1790281893,249211199,10.110493659973145,-300.96026611328125,2.736783430435178,-297.1670923338934
1790281893,349179548,10.154067993164062,-300.9624938964844,2.7496527894833376,-297.17881343671195
1790281893,449197138,10.19913101196289,-300.9646301269531,2.76269860216187,-297.190892025561
1790281893,549200707,10.258419036865234,-300.9671325683594,2.779800095067872,-297.2069761898014
1790281893,649205056,10.325559616088867,-300.9697265625,2.798843928461689,-297.2252146772098
1790281893,749216006,10.390365600585938,-300.9720458984375,2.8174974604647627,-297.2433442832812
1790281893,849201356,10.470820426940918,-300.97467041015625,2.8400924443069835,-297.26561724627186
1790281893,949202925,10.557336807250977,-300.9772644042969,2.860974420171971,-297.28649070946545
1790281894,49192725,10.637470245361328,-300.9794921875,2.8867015818085173,-297.3125206058459
1790281894,149202514,10.721254348754883,-300.9817199707031,2.910271958971543,-297.33663250886474
1790281894,249200634,10.820905685424805,-300.9842224121094,2.9381532228792633,-297.3654341787361
1790281894,349198163,10.92408561706543,-300.9866943359375,2.9665717747716283,-297.3950395093106
1790281894,449204003,11.016790390014648,-300.9888610839844,2.991563665737086,-297.4212512992695
1790281894,549205482,11.125018119812012,-300.9913330078125,3.020930952871167,-297.45221565911646
1790281894,649177142,11.221245765686035,-300.9934997558594,3.0473339063337854,-297.4801482101415
1790281894,749196101,11.332609176635742,-300.9959716796875,3.0773676085439465,-297.5119707266582
1790281894,849164531,11.445094108581543,-300.9985046386719,3.107595467039421,-297.5440198660404
1790281894,949208910,11.558398246765137,-301.0010681152344,3.133689730259507,-297.5716358439943
1790281895,49207120,11.657974243164062,-301.0033264160156,3.1642524463283017,-297.6038754033469
1790281895,149181759,11.771998405456543,-301.0059509277344,3.1956157936866214,-297.63678899519584
1790281895,249207899,11.871834754943848,-301.00830078125,3.2230870239531018,-297.66542292329234
1790281895,349205658,11.98588752746582,-301.010986328125,3.253840525708347,-297.6972074856778
1790281895,449172148,12.099679946899414,-301.013671875,3.2851215790535964,-297.7292138371216
1790281895,549308935,12.198981285095215,-301.0160217285156,3.312701692669875,-297.7571105095273
1790281895,649202087,12.312124252319336,-301.0186767578125,3.3445085482543475,-297.7888660521524
1790281895,749345164,12.424875259399414,-301.0212707519531,3.371817781583106,-297.81576326563146
1790281895,849322744,12.52316951751709,-301.0234680175781,3.403367340866354,-297.8463581271523
1790281895,949206775,12.63500690460205,-301.02587890625,3.4354902545684713,-297.87694943510553
1790281896,49208875,12.732441902160645,-301.0278625488281,3.4635614401068215,-297.90323169319225
1790281896,149202984,12.843337059020996,-301.02996826171875,3.495999562530533,-297.93305550216905
1790281896,249213463,12.939895629882812,-301.0316467285156,3.5252891850351,-297.95947195906064
1790281896,349209223,13.049768447875977,-301.0333557128906,3.5580884122706617,-297.9884919640191
1790281896,449178473,13.145604133605957,-301.0346374511719,3.5870946359198954,-298.0136518399417
1790281896,549178542,13.25481128692627,-301.0358581542969,3.620831043566493,-298.0423101705638
1790281896,649197901,13.350107192993164,-301.0366516113281,3.650030514365061,-298.0666327122651
1790281896,749163952,13.458748817443848,-301.03729248046875,3.683743669188165,-298.09415670068233
1790281896,849304539,13.553594589233398,-301.0375671386719,3.712656100800044,-298.11727702775136
1790281896,949263999,13.661770820617676,-301.0375671386719,3.745988341398763,-298.14342260778614
1790281897,49166960,13.769630432128906,-301.0372009277344,3.775747467044267,-298.1663127525211
1790281897,149205639,13.863784790039062,-301.0365905761719,3.809942417674896,-298.1921379396851
1790281897,249198618,13.97117805480957,-301.03558349609375,3.8433096501164843,-298.216876624522
1790281897,349363365,14.064896583557129,-301.034423828125,3.872742107642859,-298.2383412905968
1790281897,449205647,14.171782493591309,-301.03277587890625,3.9068756941349703,-298.2628572266251
1790281897,549198147,14.27846908569336,-301.0307922363281,3.941027596108015,-298.28702068520903
1790281897,649258476,14.371599197387695,-301.0288391113281,3.97171689129659,-298.30846888589855
1790281897,749173666,14.477850914001465,-301.0263366699219,4.00695928549745,-298.33283757350785
1790281897,849192166,14.570777893066406,-301.0239562988281,4.03744547890328,-298.3537336542123
1790281897,949280644,14.67695426940918,-301.0210266113281,4.072325461923341,-298.3774732842286
1790281898,49190035,14.769755363464355,-301.018310546875,4.103163350473701,-298.39833760735496
1790281898,149204314,14.87574291229248,-301.01507568359375,4.137417549707428,-298.42143803873836
1790281898,249284562,14.981672286987305,-301.01171875,4.171728751324054,-298.4445277491286
1790281898,349287132,15.074335098266602,-301.0086975097656,4.202186341225049,-298.46502721171436
1790281898,449173723,15.18022632598877,-301.0052185058594,4.237490586449725,-298.48882609778315
1790281898,549176662,15.272882461547852,-301.0021667480469,4.26776793342507,-298.50930994995105
1790281898,649199771,15.378792762756348,-300.9986877441406,4.302804787029656,-298.53313880641196
1790281898,749212981,15.471390724182129,-300.9956970214844,4.333108738010311,-298.55388336178333
1790281898,849188060,15.577178955078125,-300.9924011230469,4.367600241019091,-298.57767833908287
1790281898,949180360,15.682934761047363,-300.9892272949219,4.401505763356859,-298.60130926566484
1790281899,49209479,15.775460243225098,-300.986572265625,4.431498354386455,-298.62243351675005
1790281899,149223708,15.881209373474121,-300.9837341308594,4.465455895213169,-298.64663145657397
1790281899,249198558,15.973660469055176,-300.9814147949219,4.495867246031274,-298.66857487681835
1790281899,349208758,16.079273223876953,-300.97900390625,4.530255678838426,-298.69370922441465
1790281899,449281316,16.171741485595703,-300.9771423339844,4.560353618559448,-298.71601470458387
1790281899,549361995,16.27748680114746,-300.9752502441406,4.590410400948972,-298.7385826372399
1790281899,649312035,16.37006950378418,-300.9738464355469,4.623980816753068,-298.7641619130226
1790281899,749197506,16.4759464263916,-300.9725341796875,4.657389868868016,-298.79001663410963
1790281899,849202505,16.568639755249023,-300.9716491699219,4.686418185545291,-298.8128139194354
1790281899,949195705,16.674636840820312,-300.970947265625,4.7180658204272685,-298.8380419114803
1790281900,49200724,16.7673397064209,-300.9706115722656,4.746600001436188,-298.86111633123625
1790281900,149222124,16.873268127441406,-300.97052001953125,4.778888325173735,-298.8875905377106
1790281900,249175344,16.97918128967285,-300.97076416015625,4.811143715042402,-298.91443313583244
1790281900,349199663,17.071853637695312,-300.9712219238281,4.839646956464791,-298.93846021105645
1790281900,449196522,17.17777442932129,-300.9720458984375,4.871499684460215,-298.96563163586296
1790281900,549201022,17.270469665527344,-300.97296142578125,4.899479454133452,-298.9897723564768
1790281900,649199512,17.376428604125977,-300.9742736816406,4.930868896208448,-299.0171529660799
1790281900,749205621,17.482309341430664,-300.9758605957031,4.962043408470107,-299.04461324666113
1790281900,849202420,17.574909210205078,-300.9774169921875,4.990161438122174,-299.0696121118893
1790281900,949311548,17.680709838867188,-300.9793701171875,5.020646711884267,-299.0969063168755
1790281901,49207039,17.773176193237305,-300.9812316894531,5.047733180025671,-299.12131883711794
1790281901,149230499,17.8787784576416,-300.9834899902344,5.078183472314562,-299.1489068857025
1790281901,249205569,17.98431968688965,-300.9858703613281,5.108183939115314,-299.1762158510184
1790281901,349282967,18.076549530029297,-300.988037109375,5.13495940468378,-299.2006577521665
1790281901,449200307,18.181873321533203,-300.99053955078125,5.166229381964269,-299.2292565958643
1790281901,549200647,18.27397346496582,-300.9927673339844,5.1933175716657045,-299.2540541988702
1790281901,649262426,18.379213333129883,-300.9953308105469,5.224193089274132,-299.2822981184442
1790281901,749177907,18.48444366455078,-300.99786376953125,5.254876037195956,-299.3103334864389
1790281901,849196576,18.5765323638916,-301.0000305175781,5.282069388466383,-299.3351149364722
1790281901,949241674,18.68181037902832,-301.00244140625,5.313007758837608,-299.3632157865259
1790281902,49196915,18.77396583557129,-301.00445556640625,5.339984013975039,-299.38760383663225
1790281902,149164134,18.879343032836914,-301.00665283203125,5.3716999259008835,-299.41612783666983
1790281902,249205084,18.971599578857422,-301.0084533691406,5.399630203938354,-299.4411108018253
1790281902,349173163,19.077106475830078,-301.0103759765625,5.430901469822646,-299.4689030760777
1790281902,449176113,19.169483184814453,-301.0119323730469,5.458636883598977,-299.49337744173516
1790281902,549209902,19.275135040283203,-301.01348876953125,5.490293167350734,-299.52109246587105
1790281902,649199921,19.367645263671875,-301.01470947265625,5.518662735969614,-299.54573857112416
1790281902,749209271,19.4602108001709,-301.0157775878906,5.547427299494997,-299.57052810642864
1790281902,849199621,19.566082000732422,-301.01678466796875,5.579526350513714,-299.5979682497985
1790281902,949205160,19.65877342224121,-301.01751708984375,5.607679795055806,-299.6218227116513
1790281903,49196300,19.76478385925293,-301.01812744140625,5.640268516900126,-299.6491993316253
1790281903,149197879,19.857595443725586,-301.0184631347656,5.6684095395779694,-299.67261921273774
1790281903,249207639,19.963735580444336,-301.0186462402344,5.7013022308253385,-299.699776394112
1790281903,349216258,20.06993865966797,-301.0186462402344,5.733659510731393,-299.7262435155666
1790281903,449198578,20.16291618347168,-301.0184631347656,5.761900046596049,-299.74914798936595
1790281903,549180608,20.269229888916016,-301.0180969238281,5.795054768312319,-299.7758305381368
1790281903,649208127,20.36229705810547,-301.0176086425781,5.8238788762142635,-299.79884980748494
1790281903,749215796,20.46870994567871,-301.0168762207031,5.857102954420155,-299.8251945231955
1790281903,849204826,20.561763763427734,-301.01611328125,5.8862925689625705,-299.8481941969834
1790281903,949203975,20.668079376220703,-301.01513671875,5.918922753690687,-299.87374611492896
1790281904,49172575,20.774364471435547,-301.01397705078125,5.9524490716542875,-299.8998385116722
1790281904,149263154,20.867351531982422,-301.0129089355469,5.981256170134817,-299.92216056102717
1790281904,249194354,20.973617553710938,-301.0115966796875,6.014998148545522,-299.9481836335382
1790281904,349187274,21.06660270690918,-301.0103454589844,6.044095436556012,-299.97054682848005
1790281904,449216293,21.172882080078125,-301.0089111328125,6.076987382520047,-299.9957481809285
1790281904,549178523,21.279069900512695,-301.0074157714844,6.110098715504776,-300.0210684656941
1790281904,649169522,21.371931076049805,-301.0060729980469,6.139434191065599,-300.04345705490846
1790281904,749204631,21.478017807006836,-301.0045471191406,6.172146865237785,-300.06841154683855
1790281904,849322939,21.58397102355957,-301.0030212402344,6.2016027392378845,-300.090873232912
1790281904,949310339,21.67660140991211,-301.001708984375,6.234973681876016,-300.1163277299965
1790281905,49174790,21.782407760620117,-301.000244140625,6.267690324973368,-300.14130655362294
1790281905,149267258,21.87495231628418,-300.9990234375,6.296594525202247,-300.1634121358342
1790281905,249157849,21.980703353881836,-300.9976806640625,6.329698857047642,-300.18877759900477
1790281905,349131219,22.086347579956055,-300.99639892578125,6.362576216148307,-300.2140480596118
1790281905,449208668,22.178726196289062,-300.9953308105469,6.3914752044861505,-300.23632621467004
1790281905,549178288,22.28426742553711,-300.9942321777344,6.424614404199583,-300.2619696724527
1790281905,649198127,22.376598358154297,-300.99334716796875,6.453388651302167,-300.2843127379416
1790281905,749189956,22.482128143310547,-300.992431640625,6.486179044175768,-300.30987659149986
1790281905,849194986,22.587568283081055,-300.9916687011719,6.51843430296267,-300.3351539166967
1790281905,949200015,22.679786682128906,-300.9910583496094,6.5474931053507275,-300.3580256175914
1790281906,49178815,22.7851619720459,-300.9905090332031,6.5799919740274975,-300.3837329284341
1790281906,149247604,22.877269744873047,-300.9901123046875,6.608505412247453,-300.40639050821306
1790281906,249216114,22.98248291015625,-300.9897766113281,6.641551315749185,-300.43277891030937
1790281906,349200413,23.07451057434082,-300.98956298828125,6.669936546488656,-300.4555640742968
1790281906,449184573,23.179689407348633,-300.9894714355469,6.702291595865701,-300.48166246247774
1790281906,549202032,23.284881591796875,-300.9894714355469,6.734847478830972,-300.508047095927
1790281906,649150903,23.376955032348633,-300.98956298828125,6.762671514276743,-300.5307097385194
1790281906,749309890,23.48223114013672,-300.9897766113281,6.794493673677802,-300.556739094599
1790281906,849278300,23.58746337890625,-300.9900817871094,6.822350648194243,-300.57963758812815
1790281906,949215410,23.679529190063477,-300.99041748046875,6.855246447927757,-300.6067693526444
1790281907,49201190,23.784757614135742,-300.9908752441406,6.887233834117398,-300.63326897263755
1790281907,149258599,23.876853942871094,-300.9913635253906,6.915092668896084,-300.65642194352614
1790281907,249226808,23.982152938842773,-300.9919738769531,6.9467239780038605,-300.6828063547867
1790281907,349248158,24.07423973083496,-300.9925537109375,6.974775380975227,-300.7062622910343
1790281907,449196148,24.179471969604492,-300.9932556152344,7.0070865661424655,-300.7333689448736
1790281907,549164298,24.28449249267578,-300.9940185546875,7.03459937824833,-300.7564879688852
1790281907,649208697,24.375093460083008,-300.9946594238281,7.066729198818966,-300.7835294953931
1790281907,749319285,24.47596549987793,-300.99530029296875,7.096454215487985,-300.808583245672
1790281907,849310515,24.56108856201172,-300.99578857421875,7.122407859592473,-300.83049601127414
1790281907,949199156,24.654022216796875,-300.9961242675781,7.150607471599768,-300.8543426673086
1790281908,49200706,24.731037139892578,-300.9961853027344,7.173556781840467,-300.8737906888548
1790281908,149204725,24.813682556152344,-300.9959716796875,7.19828990853339,-300.8947972834159
1790281908,249173025,24.890228271484375,-300.995361328125,7.221306752162488,-300.91442563504893
1790281908,349207244,24.95198631286621,-300.9944763183594,7.239913329677432,-300.93033980762334
1790281908,449201873,25.01642417907715,-300.9930419921875,7.258670500637009,-300.9464618428001
1790281908,549212763,25.067337036132812,-300.9914245605469,7.273693437759753,-300.9594325909368
1790281908,649188943,25.119216918945312,-300.9891662597656,7.2895421796078015,-300.97316629177635
1790281908,749202282,25.15907859802246,-300.98681640625,7.301646311199551,-300.983664413663
1790281908,849270591,25.19833755493164,-300.9837951660156,7.313282385061563,-300.99375296234916
1790281908,949240000,25.22722816467285,-300.98089599609375,7.322071181403985,-301.0013132093408
1790281909,49181071,25.25409698486328,-300.97735595703125,7.330120497398286,-301.0081000432276
1790281909,149312409,25.27454376220703,-300.9736328125,7.335764289711267,-301.012670571267
1790281909,249202580,25.287302017211914,-300.9703369140625,7.340608355631414,-301.01622507082453
1790281909,349194379,25.295413970947266,-300.96710205078125,7.343537428824223,-301.0179052625005
1790281909,449182359,25.29920768737793,-300.96356201171875,7.345483896218193,-301.01820196652704
1790281909,549227118,25.297426223754883,-300.9602966308594,7.346090438780414,-301.01705579693777
1790281909,649183648,25.29155731201172,-300.9577941894531,7.3456490189744175,-301.01412333260566
1790281909,749227457,25.281953811645508,-300.9557189941406,7.344408977689364,-301.010304771255
1790281909,849168877,25.26683235168457,-300.9539489746094,7.342183368475873,-301.0045291663956
1790281909,949141457,25.247817993164062,-300.95294189453125,7.339312554083942,-300.9975105922887
1790281910,49150957,25.22845458984375,-300.9527587890625,7.3363518862772965,-300.99027859386865
1790281910,149194746,25.203763961791992,-300.95343017578125,7.332687901026697,-300.98113140139503
1790281910,249206015,25.18039321899414,-300.95477294921875,7.3294348782442125,-300.9726913811749
1790281910,349227384,25.152217864990234,-300.957275390625,7.325600459289319,-300.9622569927482
1790281910,449270263,25.123064041137695,-300.96075439453125,7.321957194389851,-300.9516928423371
1790281910,549244403,25.093515396118164,-300.9649658203125,7.318610378285745,-300.9409701251432
1790281910,649182813,25.064128875732422,-300.96844482421875,7.316078551679775,-300.92980350876115
1790281910,749205162,25.038936614990234,-300.96954345703125,7.315123627391382,-300.9200401243234
1790281910,849173792,25.011127471923828,-300.9671325683594,7.316018376190804,-300.909519344221
1790281910,949290790,24.984710693359375,-300.95947265625,7.319429748574144,-300.8996152851942
1790281911,49195571,24.959985733032227,-300.9454040527344,7.325671345428007,-300.89087296929017
1790281911,149271500,24.93719482421875,-300.9239807128906,7.335023436531343,-300.88345613433046
1790281911,249204920,24.91653060913086,-300.89447021484375,7.347871471761153,-300.87769994299697
1790281911,349148890,24.89814567565918,-300.8564147949219,7.363850520795529,-300.8740456039958
1790281911,449205469,24.88401985168457,-300.81591796875,7.380627952782128,-300.87278348021084
1790281911,549214098,24.870195388793945,-300.76141357421875,7.402235661101024,-300.8737346364324
1790281911,649223748,24.858911514282227,-300.6983642578125,7.4266710205666175,-300.8773154748952
1790281911,749286916,24.850215911865234,-300.6273498535156,7.453228096579154,-300.88350334610084
1790281911,849198367,24.84414291381836,-300.5489807128906,7.482360783285118,-300.8924407221977
1790281911,949186307,24.840707778930664,-300.4638977050781,7.5131338373770085,-300.9038363016037
1790281912,49265265,24.83986473083496,-300.3844909667969,7.542041038514319,-300.9160385567334
1790281912,149174336,24.841354370117188,-300.2887878417969,7.575221813917634,-300.93157937091814
1790281912,249173475,24.845407485961914,-300.18865966796875,7.61032756538972,-300.94948442436186
1790281912,349213214,24.850988388061523,-300.0978698730469,7.643469429639814,-300.9674678258656
1790281912,449205034,24.858388900756836,-300.0046081542969,7.676632575201021,-300.9863023798834
1790281912,549205894,24.868946075439453,-299.8955078125,7.713303370925282,-301.00791267706046
1790281912,649283772,24.8798885345459,-299.79827880859375,7.747138032222094,-301.02836125789446
1790281912,749197653,24.894155502319336,-299.685546875,7.785722206994262,-301.05201738589795
1790281912,849193752,24.908010482788086,-299.58587646484375,7.819777259120435,-301.07299452931966
1790281912,949280361,24.9229679107666,-299.4855041503906,7.857342120987783,-301.09604296548
1790281913,49198851,24.941179275512695,-299.3701171875,7.897252171130063,-301.1202075318271
1790281913,149127192,24.960309982299805,-299.2543640136719,7.937218561311076,-301.1437933193225
1790281913,249197620,24.97757339477539,-299.1529541015625,7.974277837241205,-301.16495764418244
1790281913,349586875,24.995113372802734,-299.051513671875,8.012450804119146,-301.18595798637193
1790281913,449173800,25.01272964477539,-298.9501953125,8.051441451584541,-301.2064440949808
1790281913,549195459,25.030221939086914,-298.84912109375,8.09047888481903,-301.22589006026425
1790281913,649132429,25.0498104095459,-298.73388671875,8.132527032276446,-301.2454592753919
1790281913,749160978,25.066387176513672,-298.63330078125,8.169384363715663,-301.26125151109073
1790281913,849174178,25.08444595336914,-298.51873779296875,8.212708349348654,-301.2781513436909
1790281913,949455954,25.1013240814209,-298.4046630859375,8.253552321437473,-301.2923395919953
1790281914,49321615,25.114944458007812,-298.3052673339844,8.291450696605223,-301.3039266061104
1790281914,149207856,25.129011154174805,-298.1922912597656,8.333063804805944,-301.3149098358954
1790281914,249200636,25.14130973815918,-298.08001708984375,8.376100797083314,-301.32431133243443
1790281914,349198725,25.15168571472168,-297.968505859375,8.417347769935827,-301.3314683689899
1790281914,449150275,25.160017013549805,-297.8577575683594,8.459743759865798,-301.3368798073047
1790281914,549174684,25.165559768676758,-297.7613830566406,8.498981890357253,-301.34033759759495
1790281914,649173054,25.169843673706055,-297.6517639160156,8.542297017220616,-301.3423765386671
1790281914,749198243,25.17177391052246,-297.5562438964844,8.580362696797682,-301.342667883648
1790281914,849197753,25.171905517578125,-297.4473876953125,8.623056858521993,-301.341395812042
1790281914,949146393,25.16986083984375,-297.3388671875,8.659577155155356,-301.33898638589176
1790281915,49196512,25.166349411010742,-297.24407958984375,8.702586308225717,-301.334683410434
1790281915,149163952,25.16046142578125,-297.13604736328125,8.743798465094107,-301.3291494066865
1790281915,249172701,25.1527042388916,-297.0282897949219,8.785240550720003,-301.32230732736633
1790281915,349207400,25.144508361816406,-296.9342346191406,8.820474926512402,-301.31556265759133
1790281915,449199420,25.133695602416992,-296.8268737792969,8.860915103197625,-301.30691831100137
1790281915,549257298,25.121524810791016,-296.7197570800781,8.89987319302816,-301.2977937130463
1790281915,649197679,25.108205795288086,-296.6129150390625,8.940743202295426,-301.2875472816003
1790281915,749163599,25.093948364257812,-296.5063781738281,8.98078069719237,-301.27703541129006
1790281915,849139759,25.078969955444336,-296.4001770019531,9.0196865312129,-301.2665141299165
1790281915,949200967,25.063486099243164,-296.2943420410156,9.058692280347417,-301.255826535255
1790281916,49799759,25.04770851135254,-296.18890380859375,9.098069467134813,-301.2450589905696
1790281916,149403504,25.031845092773438,-296.083740234375,9.1323710331928,-301.23582288472306
1790281916,249199776,25.018047332763672,-295.99188232421875,9.171288627986268,-301.2256510922293
1790281916,349881206,25.002540588378906,-295.8871765136719,9.210074604477551,-301.21595561818725
1790281916,449175565,24.987483978271484,-295.7827453613281,9.249015201511716,-301.206799780541
1790281916,549485320,24.973039627075195,-295.67864990234375,9.289012458337169,-301.1980890755507
1790281916,649454710,24.959360122680664,-295.5748596191406,9.328921356377242,-301.19019617599554
1790281916,749898073,24.948122024536133,-295.4842529296875,9.364076275368978,-301.18397984539297
1790281916,849197573,24.93622398376465,-295.3808288574219,9.404285091457568,-301.1777736848764
1790281916,949155603,24.925434112548828,-295.2776184082031,9.442582340180785,-301.17284613463846
1790281917,49195452,24.915847778320312,-295.1745910644531,9.481167173436038,-301.1689394394823
1790281917,149207751,24.907533645629883,-295.07183837890625,9.520038038224806,-301.1660954446052
1790281917,249173041,24.900554656982422,-294.9693298339844,9.558255891541755,-301.16438552519224
1790281917,349204620,24.89495277404785,-294.8670654296875,9.597631360279243,-301.16377280141506
1790281917,449311608,24.89075469970703,-294.7650451660156,9.635599410116026,-301.16428448904156
1790281917,549208539,24.887969970703125,-294.6632385253906,9.672886262018881,-301.1658822783812
1790281917,649201119,24.886592864990234,-294.5616760253906,9.712063923039784,-301.16869526001886
1790281917,749168969,24.8866024017334,-294.4603271484375,9.750560116714865,-301.172537495468
1790281917,849205698,24.887954711914062,-294.35906982421875,9.787944775639344,-301.17727911325767
1790281917,949206888,24.890588760375977,-294.2579040527344,9.82525141067756,-301.1829868234035
1790281918,49203357,24.894432067871094,-294.156982421875,9.86263394625711,-301.1896328155895
1790281918,149137958,24.899389266967773,-294.05609130859375,9.896139743839313,-301.1962859483369
1790281918,249210786,24.90456199645996,-293.96783447265625,9.934109890219064,-301.2045723916542
1790281918,349197786,24.91132926940918,-293.866943359375,9.97137180691149,-301.2133992252256
1790281918,449209885,24.91889190673828,-293.7660827636719,10.00867614800292,-301.222850098182
1790281918,549147895,24.927125930786133,-293.6652526855469,10.046082338323002,-301.2328507063001
1790281918,649193174,24.9359073638916,-293.564453125,10.082803841604566,-301.2430814119107
1790281918,749197474,24.945104598999023,-293.4637145996094,10.118912113554405,-301.25346199321797
1790281918,849206523,24.954593658447266,-293.363037109375,10.155014066243812,-301.2640651760798
1790281918,949197803,24.964244842529297,-293.2624206542969,10.191094653232163,-301.2747904143947
1790281919,49200062,24.973941802978516,-293.1618957519531,10.227902831124178,-301.28576781757454
1790281919,149186002,24.983566284179688,-293.0614013671875,10.26520817361689,-301.29683686723195
1790281919,249588676,24.99300765991211,-292.96099853515625,10.300975399260835,-301.30731483436256
1790281919,349711804,25.002166748046875,-292.8606872558594,10.337405638960684,-301.31776264976304
1790281919,449491127,25.010948181152344,-292.7604064941406,10.374932506885612,-301.3282234864709
1790281919,549660394,25.01926612854004,-292.66009521484375,10.411692707644955,-301.3381023855901
1790281919,649206020,25.02610206604004,-292.5722351074219,10.444639623936672,-301.3466008210557
1790281919,749219629,25.03335189819336,-292.47174072265625,10.481656883422756,-301.35569804879816
1790281919,849307477,25.03994369506836,-292.3711853027344,10.518484906673866,-301.3642368598039
1790281919,949175099,25.04583168029785,-292.2705993652344,10.55595180577656,-301.3723518492395
1790281920,49658261,25.050973892211914,-292.16998291015625,10.59360589657475,-301.3799174254025
1790281920,149182888,25.055341720581055,-292.06939697265625,10.63034523418486,-301.386695850358
1790281920,249259586,25.058917999267578,-291.9687805175781,10.667771972293865,-301.3929655911772
1790281920,349199636,25.061691284179688,-291.86822509765625,10.704362408217097,-301.3984681406835
1790281920,449197386,25.063661575317383,-291.7676696777344,10.741329832230765,-301.4033919479715
1790281920,549173856,25.064834594726562,-291.6671447753906,10.779520474660957,-301.40782958332215
1790281920,649202635,25.065229415893555,-291.5666198730469,10.816497329409799,-301.41151831567703
1790281920,749206334,25.064870834350586,-291.4661560058594,10.853519022234106,-301.4146112589899
1790281920,849258753,25.06379508972168,-291.3656921386719,10.891723413406549,-301.4172128912289
1790281920,949202853,25.062042236328125,-291.2652587890625,10.929891169839228,-301.4192461778088
1790281921,49198243,25.059663772583008,-291.16485595703125,10.968031575579834,-301.42075759677766
1790281921,149238452,25.056713104248047,-291.064453125,11.005700468413796,-301.4217685446367
1790281921,249881473,25.05324935913086,-290.9640808105469,11.043624471794056,-301.4223377855754
1790281921,349304840,25.049335479736328,-290.86370849609375,11.081463262967805,-301.42251305171027
1790281921,449283840,25.045040130615234,-290.76336669921875,11.119209090132953,-301.42233526739517
1790281921,549196141,25.04042625427246,-290.66302490234375,11.156807364571955,-301.4218568197726
1790281921,649850141,25.03556251525879,-290.56268310546875,11.19438352794397,-301.42112498063807
1790281921,749150731,25.030515670776367,-290.46234130859375,11.23185248856077,-301.42019406889557
1790281921,849350157,25.02535057067871,-290.36199951171875,11.269878069047556,-301.41909506727757
1790281921,949625133,25.020132064819336,-290.2616882324219,11.306876712005035,-301.4179234677388
1790281922,49560183,25.014921188354492,-290.161376953125,11.344601612990822,-301.4166727100431
1790281922,149196988,25.0097713470459,-290.06103515625,11.38263618006998,-301.41540258629703
1790281922,249201857,25.004741668701172,-289.9607238769531,11.420336980140743,-301.4141793512034
1790281922,349196347,24.9998779296875,-289.86041259765625,11.457668949317661,-301.41304508259304
1790281922,449197527,24.99522590637207,-289.7601318359375,11.495510063996313,-301.41201389965386
1790281922,549197356,24.990829467773438,-289.6598205566406,11.532633624093732,-301.41115369939206
1790281922,649166736,24.986719131469727,-289.5595397949219,11.571912678848689,-301.41044171836035
1790281922,749198315,24.982929229736328,-289.45928955078125,11.608591983246493,-301.40998481026077
1790281922,849198255,24.97948455810547,-289.3590393066406,11.644753168894981,-301.40977271204963
1790281922,949203394,24.97640609741211,-289.2587890625,11.683301311175175,-301.40981817974995
1790281923,49177464,24.973711013793945,-289.1585388183594,11.722649313684299,-301.4101599846399
1790281923,149148164,24.97140884399414,-289.0582275390625,11.760610226419532,-301.4107928828541
1790281923,249210873,24.969724655151367,-288.9703063964844,11.794619655274749,-301.41162667228946
1790281923,349221792,24.968175888061523,-288.8697204589844,11.83257181317247,-301.4128593375855
1790281923,449198892,24.96702766418457,-288.76904296875,11.870456242634964,-301.4144204111325
1790281923,549176381,24.966276168823242,-288.6683044433594,11.907623757106668,-301.41627391022536
1790281923,649210391,24.965909957885742,-288.5675048828125,11.945941627619165,-301.4185233718895
1790281923,749204530,24.96591567993164,-288.4667053222656,11.98353239371373,-301.4210483838601
1790281923,849212669,24.966279983520508,-288.36590576171875,12.021294475138435,-301.4239007147178
1790281923,949198959,24.96697998046875,-288.26513671875,12.058933323461313,-301.4270506850108
1790281924,49199069,24.967994689941406,-288.16436767578125,12.096611225652811,-301.43049692671394
1790281924,149214458,24.969297409057617,-288.06365966796875,12.134551389198158,-301.4342405140634
1790281924,249194488,24.970863342285156,-287.9629821777344,12.171846941790074,-301.4381795269906
1790281924,349302246,24.97266387939453,-287.8623352050781,12.20909687471356,-301.44234865500306
1790281924,449217627,24.97467041015625,-287.76177978515625,12.247498789728958,-301.44686789013923
1790281924,549202917,24.976848602294922,-287.6612243652344,12.284814941426296,-301.4514513283788
1790281924,649228746,24.97917366027832,-287.5607604980469,12.3215185435504,-301.4561285338604
1790281924,749203286,24.981609344482422,-287.4603576660156,12.358409412760306,-301.46097262419346
1790281924,849206295,24.984128952026367,-287.3599853515625,12.395500421081243,-301.4659644000025
1790281924,949179575,24.9867000579834,-287.2596740722656,12.432531476422835,-301.4710422665505
1790281925,49231564,24.98929786682129,-287.1593933105469,12.470648809884182,-301.4763409652067
1790281925,149221893,24.99188995361328,-287.0591735839844,12.507650492600973,-301.48153017013396
1790281925,249200673,24.99445343017578,-286.9590148925781,12.54472794048945,-301.48675096254004
1790281925,349325441,24.996959686279297,-286.8588562011719,12.581949753663604,-301.491990687948
1790281925,449199802,24.999391555786133,-286.7587585449219,12.619222480924275,-301.49721286625663
1790281925,549198822,25.001718521118164,-286.658935546875,12.65626879304973,-301.50235845223136
1790281925,649214821,25.003881454467773,-286.5606384277344,12.693127549891651,-301.50741743908236
1790281925,749195441,25.005813598632812,-286.4652404785156,12.728317186249312,-301.512179741682
1790281925,849292289,25.0074405670166,-286.3736572265625,12.761834618876847,-301.5166445807909
1790281925,949282679,25.008689880371094,-286.2867126464844,12.794043697837841,-301.520863558372
1790281926,49195390,25.009492874145508,-286.2049865722656,12.825437919704788,-301.5249036769772
1790281926,149196480,25.00979232788086,-286.1289367675781,12.85401577659152,-301.52851405765637
1790281926,249203559,25.009536743164062,-286.05889892578125,12.879733282905642,-301.5317021623047
1790281926,349203788,25.008695602416992,-285.9950866699219,12.903486034812573,-301.5345864711607
1790281926,449197778,25.00725555419922,-285.93768310546875,12.924343840410945,-301.537057563278
1790281926,549155928,25.005216598510742,-285.88677978515625,12.943488987724313,-301.53925241276556
1790281926,649196017,25.002605438232422,-285.8423767089844,12.959984697490153,-301.541050949425
1790281926,749309885,24.99946403503418,-285.8044738769531,12.973981994945856,-301.54245888203485
1790281926,849410974,24.9958553314209,-285.77301025390625,12.985702552539445,-301.54347670498316
1790281926,949177786,24.991859436035156,-285.74786376953125,12.995173071311095,-301.5440746153935
1790281927,49192615,24.987573623657227,-285.72894287109375,13.002205712020768,-301.54421524116617
1790281927,149183475,24.983112335205078,-285.71600341796875,13.007304945866611,-301.5438669996898
1790281927,249150845,24.978595733642578,-285.7088928222656,13.01027070462507,-301.542988602728
1790281927,349172494,24.97415542602539,-285.70733642578125,13.011288480233047,-301.54153598754414
1790281927,449287713,24.970436096191406,-285.7103271484375,13.010621312547736,-301.53974345721673
1790281927,549198103,24.96650505065918,-285.7183837890625,13.0082905683588,-301.5371545026104
1790281927,649200983,24.963041305541992,-285.7309875488281,13.004295055505292,-301.5338160133383
1790281927,749207142,24.96017837524414,-285.74761962890625,12.998981358280973,-301.52986090262505
1790281927,849171392,24.958024978637695,-285.7677307128906,12.992631628547667,-301.5253449427532
1790281927,949197231,24.956804275512695,-285.7877502441406,12.986198974401542,-301.52081855874167
1790281928,49209230,24.95623779296875,-285.8128356933594,12.978049102241998,-301.5150442089047
1790281928,149196410,24.956512451171875,-285.83624267578125,12.970584366474975,-301.50966753443737
1790281928,249203830,24.95773696899414,-285.86419677734375,12.961541903746145,-301.5029972308498
1790281928,349124730,24.95993995666504,-285.8928527832031,12.953547009867282,-301.49693848347414
1790281928,449466015,24.962656021118164,-285.9180603027344,12.944554243566245,-301.48990779514673
1790281928,549296407,24.96640968322754,-285.9466552734375,12.93588411464856,-301.4827799441468
1790281928,649253647,24.969118118286133,-285.9710388183594,12.928895004352142,-301.47616192398044
1790281928,749183017,24.969989776611328,-285.99786376953125,12.922238095470679,-301.46800633100383
1790281928,849198337,24.96696662902832,-286.02325439453125,12.917711794582278,-301.45933053681273
1790281928,949218956,24.95868492126465,-286.046875,12.91573060420698,-301.45000502884284
1790281929,49746478,24.94611167907715,-286.06591796875,12.916490086056733,-301.4409507269795
1790281929,149194145,24.924694061279297,-286.085693359375,12.920626238658787,-301.4301612600097
1790281929,249212225,24.895111083984375,-286.10321044921875,12.928507906669632,-301.4189971328502
1790281929,349202084,24.862106323242188,-286.1166076660156,12.938839077443248,-301.4089434993624
1790281929,449611128,24.81601333618164,-286.1296691894531,12.95444582331066,-301.3975747655876
1790281929,549629077,24.768360137939453,-286.13909912109375,12.971071289227869,-301.38809049483115
1790281929,649173473,24.705730438232422,-286.1475524902344,12.994162960290543,-301.37752897067156
1790281929,749203062,24.644105911254883,-286.1529541015625,13.016906811374247,-301.3690680178297
1790281929,849501988,24.566394805908203,-286.1567687988281,13.047252352882222,-301.35985437577455
1790281929,949295410,24.49263572692871,-286.1581115722656,13.075876483745894,-301.3527194323121
1790281930,49291630,24.402402877807617,-286.1573486328125,13.110826890367916,-301.3455873876443
1790281930,149153361,24.306583404541016,-286.15423583984375,13.147895417866257,-301.3394794095158
1790281930,249206570,24.218765258789062,-286.14959716796875,13.181928244297715,-301.334925736349
1790281930,349196370,24.11452293395996,-286.1422424316406,13.221631887582388,-301.330598343839
1790281930,449205559,24.006935119628906,-286.1327819824219,13.26338091282114,-301.3269264608123
1790281930,549197769,23.896739959716797,-286.1213684082031,13.305709046376734,-301.32385862867596
1790281930,649167509,23.784597396850586,-286.1081848144531,13.344259415284622,-301.3214392760986
1790281930,749189588,23.685245513916016,-286.0953369140625,13.38906764261593,-301.31886410778645
1790281930,849201747,23.570676803588867,-286.0793762207031,13.435577598888356,-301.3162444892009
1790281930,949196797,23.469812393188477,-286.064453125,13.475045428778698,-301.3138936159326
1790281931,49207526,23.354116439819336,-286.0465087890625,13.520365002821842,-301.31086101847285
1790281931,149166196,23.238344192504883,-286.0278625488281,13.56528424621461,-301.3073082186554
1790281931,249198735,23.137229919433594,-286.01123046875,13.605652974864293,-301.3035152631156
1790281931,349156845,23.022001266479492,-285.9920349121094,13.651000601842803,-301.29840880301896
1790281931,449288034,22.907241821289062,-285.97296142578125,13.695589155162748,-301.29232719868804
1790281931,549196204,22.793134689331055,-285.9542236328125,13.740205287189747,-301.2850021386557
1790281931,649197983,22.69385528564453,-285.9383544921875,13.779140765041076,-301.27746816025837
1790281931,749196483,22.581037521362305,-285.9210205078125,13.821645874064101,-301.26787941682215
1790281931,849193873,22.469009399414062,-285.9047546386719,13.865056085578432,-301.2564737597599
1790281931,949198852,22.37159538269043,-285.8915710449219,13.90200345466223,-301.2453324310752
1790281932,49201602,22.260908126831055,-285.8778991699219,13.94291515215859,-301.2313224102949
1790281932,149271310,22.150951385498047,-285.8658447265625,13.978628428254074,-301.2175444619898
1790281932,249204141,22.055265426635742,-285.8567810058594,14.019338039626863,-301.1999623838182
1790281932,349216630,21.960004806518555,-285.8491516113281,14.053833916957558,-301.18343295346847
1790281932,449213380,21.8515682220459,-285.84228515625,14.092071796202323,-301.16317810109757
1790281932,549164920,21.743518829345703,-285.83746337890625,14.128693281371122,-301.1417208874395
1790281932,649205879,21.64922523498535,-285.8349304199219,14.159923677964144,-301.1217544595952
1790281932,749226868,21.54167938232422,-285.833984375,14.194346681825913,-301.0978568397747
1790281932,849196438,21.434404373168945,-285.83514404296875,14.227635608178202,-301.0727649064691
1790281932,949201987,21.3406982421875,-285.8377685546875,14.256493670273825,-301.04939328741193
1790281933,49196217,21.233720779418945,-285.84259033203125,14.288387743541332,-301.02184242202605
1790281933,149211266,21.126920700073242,-285.8492431640625,14.318437200449429,-300.99417872286904
1790281933,249201656,21.03356170654297,-285.8564453125,14.344582338325845,-300.9687950407318
1790281933,349195285,20.926916122436523,-285.8660583496094,14.373449910080225,-300.9394380609866
1790281933,449292914,20.82039451599121,-285.8770751953125,14.402760939666308,-300.90835029068796
1790281933,549260333,20.727340698242188,-285.8876953125,14.427263957997882,-300.8814783508292
1790281933,649197054,20.621091842651367,-285.9007263183594,14.455050652375473,-300.8502264479391
1790281933,749175554,20.51491928100586,-285.9145812988281,14.483257659442293,-300.81785433306686
1790281933,849197463,20.422046661376953,-285.92718505859375,14.507534329214694,-300.7896559565162
1790281933,949203253,20.31591796875,-285.9419860839844,14.534484107880566,-300.75820960416536
1790281934,49098833,20.20989227294922,-285.95703125,14.562124733221564,-300.7260274758125
1790281934,149233921,20.117176055908203,-285.9702453613281,14.586190971589543,-300.69822294397324
1790281934,249197431,20.011255264282227,-285.9852294921875,14.613391051962822,-300.6672680898572
1790281934,349189241,19.90546989440918,-285.9999084472656,14.640526199973449,-300.63701917760966
1790281934,449178431,19.799890518188477,-286.01416015625,14.668627665494304,-300.6065416822858
1790281934,549285759,19.707637786865234,-286.0261535644531,14.693311350673381,-300.58055165488537
1790281934,649207049,19.602312088012695,-286.0391540527344,14.722099555046642,-300.55126604135535
1790281934,749352317,19.497177124023438,-286.0513000488281,14.751253883620972,-300.52280254472214
1790281934,849316727,19.405391693115234,-286.0611572265625,14.778072696385463,-300.49768174921667
1790281934,949317237,19.3006591796875,-286.07147216796875,14.808477811547947,-300.4704355714593
1790281935,49164139,19.19605827331543,-286.08062744140625,14.839948639714576,-300.4436382489051
1790281935,149235097,19.10469627380371,-286.0876770019531,14.86838484634815,-300.4205875707511
1790281935,249302986,19.000394821166992,-286.09454345703125,14.901710774298246,-300.3949347866942
1790281935,349320735,18.909204483032227,-286.0995178222656,14.9303778852773,-300.374006762495
1790281935,449309345,18.805011749267578,-286.10394287109375,14.964349409974986,-300.3505281683763
1790281935,549172187,18.70081901550293,-286.1070556640625,14.999042629005162,-300.327934867208
1790281935,649193206,18.609622955322266,-286.1086730957031,15.029946273855069,-300.30889702503794
1790281935,749175536,18.505340576171875,-286.10931396484375,15.06582277391798,-300.2880156022396
1790281935,849202785,18.414030075073242,-286.10882568359375,15.09690990948448,-300.27090391357103
1790281935,949226354,18.30957794189453,-286.1070861816406,15.132474872941632,-300.2523919695903
1790281936,49204204,18.205121994018555,-286.1041564941406,15.169789572994498,-300.234058883555
1790281936,149222464,18.113693237304688,-286.1007080078125,15.20266040523434,-300.21872650338935
1790281936,249204653,18.009145736694336,-286.0957946777344,15.241252153254322,-300.20158446989467
1790281936,349200603,17.917600631713867,-286.0906982421875,15.273913198298379,-300.187747323199
1790281936,449198743,17.812891006469727,-286.0841369628906,15.311680296140425,-300.1724150624911
1790281936,549187762,17.70818519592285,-286.0768127441406,15.34986970852407,-300.15753728360033
1790281936,649171712,17.603559494018555,-286.0688781738281,15.387559347532937,-300.1433787786602
1790281936,749248761,17.512042999267578,-286.0615234375,15.422227992882403,-300.1307211786554
1790281936,849176291,17.407453536987305,-286.0527648925781,15.461716600300921,-300.1166159553905
1790281936,949214180,17.315921783447266,-286.04486083984375,15.495168519189226,-300.1048520884702
1790281937,49262559,17.211265563964844,-286.0356750488281,15.534609240531172,-300.0911238107772
1790281937,149211759,17.10665512084961,-286.02642822265625,15.572915360242758,-300.07784548028525
1790281937,249199439,17.01512908935547,-286.0183410644531,15.606691049817039,-300.0661077769265
1790281937,349188828,16.910507202148438,-286.00927734375,15.645676977298061,-300.0524422756729
1790281937,449206648,16.805952072143555,-286.00042724609375,15.684003690079491,-300.038804723389
1790281937,549334565,16.714580535888672,-285.9929504394531,15.718428609187638,-300.02633839488766
1790281937,649194986,16.6102237701416,-285.9847717285156,15.756490485589172,-300.0122340798651
1790281937,749200416,16.505905151367188,-285.9770812988281,15.795516870238245,-299.9973402776115
1790281937,849204455,16.41462516784668,-285.9707946777344,15.828401187915265,-299.98442607101225
1790281937,949324003,16.310272216796875,-285.96417236328125,15.866435337995162,-299.96898109615745
1790281938,49174965,16.20596694946289,-285.9582214355469,15.9043464530043,-299.9530206307196
1790281938,149238664,16.11470603942871,-285.95355224609375,15.93742523793567,-299.9385872545042
1790281938,249194444,16.010377883911133,-285.9488830566406,15.974683811110063,-299.9217386200381
1790281938,349316482,15.919137954711914,-285.9454345703125,16.00808503150184,-299.906054700072
1790281938,449287922,15.814858436584473,-285.9421691894531,16.0444114423704,-299.88835572863763
1790281938,549286482,15.710549354553223,-285.9396667480469,16.08080042131355,-299.8699275962292
1790281938,649319811,15.61922836303711,-285.9381408691406,16.11227797362333,-299.85338954833304
1790281938,749183823,15.514775276184082,-285.93707275390625,16.148456054577245,-299.8337196556561
1790281938,849220741,15.410320281982422,-285.9367370605469,16.18324762259559,-299.81410030304704
1790281938,949149392,15.30593204498291,-285.9371337890625,16.218439221416887,-299.7935585126025
1790281939,49215551,15.214604377746582,-285.9380187988281,16.249506076254153,-299.77484985768507
1790281939,149204340,15.110201835632324,-285.9396667480469,16.284225858129723,-299.75334705860115
1790281939,249229480,15.018800735473633,-285.9416198730469,16.31437498483557,-299.7341528993001
1790281939,349222899,14.914257049560547,-285.9443359375,16.348968477493287,-299.71157391605306
1790281939,449186879,14.809710502624512,-285.94757080078125,16.383213751787157,-299.68868876274075
1790281939,549224488,14.718199729919434,-285.9507751464844,16.413193704344124,-299.6682316758724
1790281939,649211188,14.613546371459961,-285.95477294921875,16.447064137948193,-299.64471100783953
1790281939,749275307,14.508905410766602,-285.9591369628906,16.476417806203056,-299.6239996601393
1790281939,849192217,14.417323112487793,-285.9631652832031,16.510553121311748,-299.59958386072833
1790281939,949175727,14.312601089477539,-285.9679260253906,16.543806412635398,-299.5755278739622
1790281940,49202316,14.220903396606445,-285.9722595214844,16.572657788885177,-299.5544664670931
1790281940,149280574,14.116010665893555,-285.9772644042969,16.605765445057383,-299.5301590929337
1790281940,249185905,14.01111125946045,-285.9823303222656,16.637995526647256,-299.5063827709372
1790281940,349212305,13.906281471252441,-285.98736572265625,16.670178083553626,-299.4826032063229
1790281940,449159385,13.814574241638184,-285.99169921875,16.699144055305876,-299.46119143719386
1790281940,549202354,13.709752082824707,-285.9965515136719,16.73217356397459,-299.43685787227116
1790281940,649307702,13.604994773864746,-286.001220703125,16.765526605760403,-299.4123809820257
1790281940,749324471,13.513350486755371,-286.0051574707031,16.794941454099156,-299.3909305216436
1790281940,849211922,13.408597946166992,-286.0093994140625,16.82842367264573,-299.3667126318852
1790281940,949207181,13.303910255432129,-286.01336669921875,16.861678573103294,-299.3429004218056
1790281941,49153211,13.212327003479004,-286.0166015625,16.891077850221933,-299.3220664378125
1790281941,149198590,13.107643127441406,-286.0199890136719,16.925343037281362,-299.2980805294727
1790281941,249240049,13.016012191772461,-286.0226745605469,16.95472415923523,-299.27779116632263
1790281941,349286988,12.911230087280273,-286.0253601074219,16.98826415902542,-299.2549514084683
1790281941,449206299,12.806473731994629,-286.0277099609375,17.022029571168076,-299.23233833910876
1790281941,549202409,12.70181655883789,-286.0296325683594,17.05619288962877,-299.2098344345534
1790281941,649191478,12.610281944274902,-286.0310363769531,17.086589296322135,-299.1901372978108
1790281941,749153209,12.505678176879883,-286.0322265625,17.121295607116025,-299.16802651347854
1790281941,849227917,12.414133071899414,-286.0329895019531,17.152077026748298,-299.1487496583882
1790281941,949226167,12.309464454650879,-286.0334777832031,17.18650658144765,-299.1275597972329
1790281942,49325295,12.204835891723633,-286.0335998535156,17.221001511821612,-299.10670360573704
1790281942,149204166,12.10031509399414,-286.0333557128906,17.255314189972065,-299.08634215350924
1790281942,249207795,12.008906364440918,-286.03289794921875,17.28623749734057,-299.0682845267835
1790281942,349202105,11.904450416564941,-286.03204345703125,17.321593150363384,-299.0479810397977
1790281942,449315983,11.800081253051758,-286.0309143066406,17.357302950267538,-299.0277993100998
1790281942,549225364,11.708789825439453,-286.0296936035156,17.38899137307886,-299.01014764510535
1790281942,649194513,11.604451179504395,-286.0280456542969,17.42387228652188,-298.99098203076204
1790281942,749202853,11.500184059143066,-286.02618408203125,17.45952890579364,-298.97166301821073
1790281942,849174283,11.39604377746582,-286.024169921875,17.495207582842664,-298.95255548773116
1790281942,949187402,11.304977416992188,-286.0222473144531,17.52716098022165,-298.93562417217424
1790281943,49234661,11.20091438293457,-286.0198974609375,17.563228152340574,-298.91669217411913
1790281943,149249210,11.109935760498047,-286.0177917480469,17.595485824444612,-298.8998776195022
1790281943,249284349,11.005979537963867,-286.0152893066406,17.632157131275495,-298.8809011184637
1790281943,349209050,10.902010917663574,-286.01275634765625,17.667915960811467,-298.86248761774084
1790281943,449222609,10.810998916625977,-286.010498046875,17.700395794988477,-298.8458221838033
1790281943,549164979,10.707120895385742,-286.0079345703125,17.73712918634032,-298.82702142502785
1790281943,649287357,10.604801177978516,-286.0054626464844,17.76761911308071,-298.81143635933614
1790281943,749215828,10.517592430114746,-286.00341796875,17.802867121699936,-298.7934384298493
1790281943,849197067,10.421524047851562,-286.00128173828125,17.836486112752947,-298.7762694876837
1790281943,949195987,10.341242790222168,-285.9996643066406,17.864733475554445,-298.761843360755
1790281944,49176367,10.25439739227295,-285.9981994628906,17.89479978597993,-298.74648828916105
1790281944,149211016,10.173261642456055,-285.9971618652344,17.92232068284966,-298.73244776268035
1790281944,249327244,10.107247352600098,-285.9967041015625,17.945417683863752,-298.72065494148575
1790281944,349179336,10.037738800048828,-285.9966735839844,17.96940681333895,-298.7084073957556
1790281944,449220375,9.974740028381348,-285.99725341796875,17.990821018181382,-298.69748206961157
1790281944,549112976,9.918368339538574,-285.9984130859375,18.00839289745191,-298.688505724065
1790281944,649243014,9.874523162841797,-285.99993896484375,18.025707445727672,-298.6796309203158
1790281944,749200684,9.830683708190918,-286.0022277832031,18.04085871683244,-298.67180293750465
1790281944,849310832,9.797781944274902,-286.004638671875,18.052314989255663,-298.6658062511866
1790281944,949315611,9.766347885131836,-286.0078430175781,18.062953430751936,-298.6601108680418
1790281945,49307191,9.741384506225586,-286.0114440917969,18.07141681543554,-298.655363569099
1790281945,149277111,9.724735260009766,-286.01483154296875,18.07709880157515,-298.6518947163495
1790281945,249212031,9.711477279663086,-286.0188903808594,18.081379805641426,-298.64882948437685
1790281945,349219961,9.704167366027832,-286.02301025390625,18.08354007333726,-298.6465227899447
1790281945,449173031,9.70255184173584,-286.02703857421875,18.083629161761845,-298.6448896718611
1790281945,549211740,9.70557975769043,-286.0303955078125,18.08208054853965,-298.6439022110465
1790281945,649176120,9.713796615600586,-286.033935546875,18.078529579187776,-298.64315467247394
1790281945,749252678,9.724815368652344,-286.03662109375,18.073970455640676,-298.64277682085725
1790281945,849304207,9.741324424743652,-286.0391540527344,18.067334883199553,-298.6425572304777
1790281945,949319667,9.761472702026367,-286.04095458984375,18.059513430124294,-298.6424377551611
1790281946,49175658,9.781617164611816,-286.0418701171875,18.051375559369724,-298.64233922655137
1790281946,149226447,9.806962013244629,-286.0421142578125,18.041307370395284,-298.64216010436087
1790281946,249200087,9.834195137023926,-286.0413818359375,18.030656978686945,-298.64185270125313
1790281946,349185637,9.862709999084473,-286.0396728515625,18.019789928312722,-298.64137523345255
1790281946,449184696,9.888253211975098,-286.0373840332031,18.009614076285466,-298.640761117812
1790281946,549170597,9.917623519897461,-286.0340576171875,17.99772156489104,-298.6397541663732
1790281946,649188796,9.943075180053711,-286.03179931640625,17.988036995038584,-298.6382017597204
1790281946,749159686,9.971457481384277,-286.031494140625,17.97715582365953,-298.635014451349
1790281946,849229914,9.998697280883789,-286.0349426269531,17.967674318888356,-298.63012956586425
1790281946,949202754,10.021326065063477,-286.0422668457031,17.9606861246578,-298.6241193480425
1790281947,49176564,10.045554161071777,-286.0566711425781,17.954540836581433,-298.6149602373181
1790281947,149174434,10.067822456359863,-286.0783996582031,17.950780639090667,-298.603163459354
1790281947,249207143,10.085556983947754,-286.1040954589844,17.94978526566433,-298.5907044759217
1790281947,349210713,10.10369873046875,-286.14154052734375,17.951555465375076,-298.5749398059941
1790281947,449210182,10.119468688964844,-286.1877746582031,17.956810978620577,-298.55593779216105
1790281947,549207942,10.131256103515625,-286.2354736328125,17.964446080011506,-298.53720669451724
1790281947,649207721,10.142375946044922,-286.29803466796875,17.976101758540985,-298.5149281295428
1790281947,749185501,10.150014877319336,-286.3595275878906,17.989088491720725,-298.4942719830788
1790281947,849173621,10.156332015991211,-286.43701171875,18.007109599651244,-298.4694029519656
1790281947,949217680,10.159735679626465,-286.5105285644531,18.025861349599847,-298.4463143116914
1790281948,49308478,10.161198616027832,-286.6004943847656,18.049626403527242,-298.4196957463541
1790281948,149212779,10.160370826721191,-286.68377685546875,18.07274375761935,-298.3958098975258
1790281948,249192559,10.15705680847168,-286.7835693359375,18.101545012509323,-298.36797174324283
1790281948,349161079,10.151291847229004,-286.88751220703125,18.1319409434846,-298.34029574993747
1790281948,449208888,10.14432144165039,-286.9813537597656,18.16124316458347,-298.3147959147518
1790281948,549173578,10.134275436401367,-287.0912780761719,18.194425308700392,-298.28692719260886
1790281948,649212056,10.123790740966797,-287.1893615722656,18.22516243733317,-298.26177390888915
1790281948,749235546,10.110044479370117,-287.30316162109375,18.259869735956734,-298.2338492553451
1790281948,849232405,10.094625473022461,-287.4181823730469,18.294604993824368,-298.2061289896927
1790281948,949208495,10.077775001525879,-287.5340576171875,18.329019014071687,-298.1786034715077
1790281949,49176955,10.05975341796875,-287.650390625,18.363521949512712,-298.15066793907346
1790281949,149179874,10.040836334228516,-287.7668151855469,18.39341569357138,-298.12597996655364
1790281949,249205363,10.02377700805664,-287.86846923828125,18.428681757194795,-298.0960710865595
1790281949,349313611,10.003963470458984,-287.9842224121094,18.46364626777148,-298.0653280244256
1790281949,449192513,9.986572265625,-288.0850524902344,18.495064430492235,-298.0365823040818
1790281949,549207642,9.966896057128906,-288.19970703125,18.527639960815904,-298.00534010184333
1790281949,649193112,9.950068473815918,-288.2994689941406,18.55513319946923,-297.9775016213906
1790281949,749218221,9.931526184082031,-288.4128112792969,18.585951751052477,-297.944399050959
1790281949,849214190,9.913966178894043,-288.5253601074219,18.614610751016148,-297.91139566547525
1790281949,949219270,9.899598121643066,-288.62322998046875,18.63910341609442,-297.8810965896795
1790281950,49183510,9.884510040283203,-288.7344055175781,18.66615984161128,-297.84504070171505
1790281950,149128460,9.871030807495117,-288.84478759765625,18.69083154697029,-297.80918180774705
1790281950,249218889,9.860690116882324,-288.94085693359375,18.711171299950664,-297.77699143394875
1790281950,349209048,9.85065746307373,-289.0500793457031,18.732441027425565,-297.74006509185466
1790281950,449148469,9.84263801574707,-289.15869140625,18.75193139374554,-297.70256445548586
1790281950,549202008,9.837336540222168,-289.25335693359375,18.768068215447524,-297.6681657236949
1790281950,649216397,9.83328628540039,-289.3611145019531,18.784288195947862,-297.6296561338398
1790281950,749206616,9.831399917602539,-289.468505859375,18.798348293371685,-297.59196565429687
1790281950,849197306,9.831669807434082,-289.5754699707031,18.81103360904435,-297.5532233334103
1790281950,949201106,9.834049224853516,-289.6820373535156,18.82183893788106,-297.51530979770877
1790281951,49207885,9.838458061218262,-289.7882080078125,18.831368359640244,-297.47664738453614
1790281951,149208965,9.844783782958984,-289.8940124511719,18.839678934846145,-297.43745165380057
1790281951,249186375,9.852884292602539,-289.99945068359375,18.8467683973344,-297.39822749376793
1790281951,349148365,9.862597465515137,-290.10455322265625,18.852711715144753,-297.3596846658222
1790281951,449178654,9.873741149902344,-290.2093505859375,18.85789910018574,-297.3202619075699
1790281951,549184203,9.886119842529297,-290.3138122558594,18.86229416328781,-297.2813677040291
1790281951,649222592,9.899529457092285,-290.41796875,18.86618399969731,-297.2420147049153
1790281951,749211661,9.913758277893066,-290.5218505859375,18.869682778165892,-297.20257081994674
1790281951,849196652,9.928597450256348,-290.62554931640625,18.872957385802557,-297.16305305169277
1790281951,949216331,9.943836212158203,-290.7290344238281,18.876114582620744,-297.123992947319
1790281952,49245721,9.959272384643555,-290.8323059082031,18.879324699335488,-297.0851820654508
1790281952,149196631,9.974708557128906,-290.93536376953125,18.88274121118599,-297.04646627105666
1790281952,249199270,9.989957809448242,-291.0380554199219,18.886521743177934,-297.00747590897845
1790281952,349205150,10.004843711853027,-291.14044189453125,18.89071807403736,-296.9690179997917
1790281952,449179940,10.019201278686523,-291.2425231933594,18.895405185944412,-296.9313633978351
1790281952,549186859,10.032879829406738,-291.3443298339844,18.900672135342667,-296.8944314333566
1790281952,649215698,10.045742988586426,-291.4458312988281,18.906831064916446,-296.85677676807444
1790281952,749184458,10.057666778564453,-291.547119140625,18.913828419260042,-296.8192728921135
1790281952,849313866,10.068543434143066,-291.6481628417969,18.921761631923363,-296.78185124901233
1790281952,949294346,10.07828140258789,-291.74896240234375,18.930542834238224,-296.74507114564443
1790281953,49313555,10.086803436279297,-291.8495788574219,18.940245809027374,-296.7088176051654
1790281953,149277215,10.094048500061035,-291.95001220703125,18.95077284196968,-296.6735100636937
1790281953,249257134,10.100615501403809,-292.06280517578125,18.962635630696287,-296.6374984011974
1790281953,349199935,10.10501480102539,-292.16290283203125,18.97590408355925,-296.6009879556963
1790281953,449151225,10.10804557800293,-292.26275634765625,18.99000497651353,-296.56570528067766
1790281953,549205284,10.109711647033691,-292.3623352050781,19.00458062198559,-296.53207659565214
1790281953,649246862,10.110031127929688,-292.4617004394531,19.02015326239275,-296.4987326995911
1790281953,749245322,10.109040260314941,-292.56085205078125,19.036630717878563,-296.46580128945516
1790281953,849237541,10.106794357299805,-292.6598815917969,19.054207662770455,-296.43278923507995
1790281953,949300390,10.103363037109375,-292.7588195800781,19.072116760023285,-296.4010224341736
1790281954,49244641,10.098832130432129,-292.8576965332031,19.09134128212157,-296.36863896933045
1790281954,149279610,10.093297958374023,-292.95654296875,19.111003085990625,-296.3369942250626
1790281954,249207980,10.086867332458496,-293.05535888671875,19.131157747830038,-296.30581888709867
1790281954,349204660,10.0796537399292,-293.1541748046875,19.151568008608027,-296.27532310762706
1790281954,449201819,10.071776390075684,-293.2530212402344,19.172766923545556,-296.2445366391262
1790281954,549234509,10.062273025512695,-293.3642578125,19.196438585347565,-296.210995625134
1790281954,649256388,10.053393363952637,-293.4631652832031,19.215612454902438,-296.18430974616564
1790281954,749176419,10.044234275817871,-293.5621337890625,19.239280866995266,-296.1517655519847
1790281954,849201918,10.034915924072266,-293.6610107421875,19.260603451730603,-296.1226850975206
1790281954,949197518,10.025554656982422,-293.7597961425781,19.282055992815597,-296.0934998616587
1790281955,49322085,10.01626205444336,-293.85845947265625,19.303883199649498,-296.06373358585046
1790281955,149265076,10.0071439743042,-293.9570617675781,19.325695113382917,-296.0337865380556
1790281955,249190887,9.99721622467041,-294.0679931640625,19.34882407663518,-296.0016396138301
1790281955,349200896,9.988784790039062,-294.1664733886719,19.36992989880812,-295.9718194784583
1790281955,449209716,9.98080825805664,-294.2647705078125,19.39084666869999,-295.9416953203612
1790281955,549288154,9.973361015319824,-294.3629455566406,19.411619124999262,-295.9110901368094
1790281955,649208775,9.96650505065918,-294.4610595703125,19.431890846200613,-295.88043986753513
1790281955,749186875,9.960294723510742,-294.5591735839844,19.4519610982807,-295.8491971692202
1790281955,849209264,9.954774856567383,-294.6572570800781,19.4710182603579,-295.81857898758074
1790281955,949202983,9.949979782104492,-294.75537109375,19.489568317517474,-295.7877474440878
1790281956,49197623,9.94593620300293,-294.8535461425781,19.508149380954094,-295.75572934468823
1790281956,149297862,9.942659378051758,-294.9517822265625,19.525899910156774,-295.7239762316944
1790281956,249150163,9.939898490905762,-295.06243896484375,19.545172257786387,-295.6880337745366
1790281956,349160822,9.938263893127441,-295.160888671875,19.56180442915007,-295.6556630097982
1790281956,449211101,9.937389373779297,-295.2594299316406,19.577991473233297,-295.62285235445097
1790281956,549223321,9.937254905700684,-295.35809326171875,19.593909521683297,-295.5892475053327
1790281956,649197121,9.93783187866211,-295.4568786621094,19.60937634713069,-295.55524123601515
1790281956,749196530,9.93908405303955,-295.5557861328125,19.62426692126758,-295.52116255490876
1790281956,849223510,9.94096851348877,-295.65478515625,19.63830058355188,-295.48776793219196
1790281956,949339838,9.943435668945312,-295.7538146972656,19.65222856464219,-295.4533607672864
1790281957,49286918,9.946431159973145,-295.852783203125,19.665763077898596,-295.4187034896842
1790281957,149271388,9.949898719787598,-295.95172119140625,19.67824878965867,-295.38562215733805
1790281957,249225128,9.953775405883789,-296.0506591796875,19.69074036764251,-295.35150889378775
1790281957,349283326,9.957998275756836,-296.1496276855469,19.70321698865594,-295.31648380603025
1790281957,449195837,9.963085174560547,-296.2610168457031,19.716563669228826,-295.27805347675894
1790281957,549187937,9.967833518981934,-296.3600769042969,19.728229102567663,-295.2437477414632
1790281957,649314724,9.972729682922363,-296.4591064453125,19.73989225653108,-295.2088934842159
1790281957,749223195,9.97771167755127,-296.5580139160156,19.75173977017105,-295.1730658212344
1790281957,849314624,9.982720375061035,-296.6568603515625,19.763113197482387,-295.1384082610757
1790281957,949214274,9.987699508666992,-296.75567626953125,19.774139040877888,-295.10469361078077
1790281958,49113315,9.993199348449707,-296.8668518066406,19.78670162790294,-295.0663074528755
1790281958,149206853,9.997942924499512,-296.9656982421875,19.797938019930072,-295.03214878626324
1790281958,249212352,10.00250244140625,-297.0644836425781,19.80947020252574,-294.99737649742644
1790281958,349213732,10.006837844848633,-297.1631164550781,19.821210676085506,-294.9623797012111
1790281958,449210812,10.010912895202637,-297.2616882324219,19.833109260585786,-294.9274185381738
1790281958,549209781,10.014695167541504,-297.3602294921875,19.844985737666704,-294.8931108210391
1790281958,649203321,10.018157958984375,-297.4587707519531,19.857214049216722,-294.85845814781845
1790281958,749181501,10.021278381347656,-297.55731201171875,19.869649121468047,-294.82395009185484
1790281958,849218000,10.024041175842285,-297.6558837890625,19.88226062236042,-294.78972746649464
1790281958,949203510,10.0264310836792,-297.7545166015625,19.895155227995208,-294.7555518951471
1790281959,49183379,10.028664588928223,-297.8655700683594,19.909656989670232,-294.7180962422653
1790281959,149219188,10.030241012573242,-297.96435546875,19.923279580551995,-294.6837982907747
1790281959,249212368,10.03143310546875,-298.0630798339844,19.937248353487607,-294.64949076127203
1790281959,349189188,10.032245635986328,-298.1617431640625,19.95127946348542,-294.61585088743107
1790281959,449223707,10.032685279846191,-298.26031494140625,19.966036859988137,-294.58129819176963
1790281959,549187707,10.032764434814453,-298.35888671875,19.980759764012863,-294.5476107624846
1790281959,649211186,10.03249740600586,-298.45745849609375,19.995643518976106,-294.51430359914474
1790281959,749330934,10.031903266906738,-298.5560302734375,20.010777349758044,-294.48114922780377
1790281959,849196195,10.03100299835205,-298.6546630859375,20.026113018893284,-294.4482209945962
1790281959,949339883,10.02981948852539,-298.75335693359375,20.042256293675276,-294.41420502192517
1790281960,49199574,10.028377532958984,-298.8520812988281,20.05898943364508,-294.3795527360894
1790281960,149263613,10.02692699432373,-298.9385986328125,20.074350001862374,-294.3481889527899
1790281960,249199313,10.025075912475586,-299.0377502441406,20.091208262176835,-294.31423546689166
1790281960,349250382,10.023310661315918,-299.1246643066406,20.106986326854674,-294.2828310902989
1790281960,449157403,10.02115249633789,-299.2242736816406,20.12561185250573,-294.2461424213412
1790281960,549241111,10.019163131713867,-299.3117980957031,20.141165395498657,-294.21577463755773
1790281960,649207761,10.016800880432129,-299.4122314453125,20.159181949243074,-294.18086484398106
1790281960,749218410,10.014370918273926,-299.5130920410156,20.177284008343555,-294.1460191223653
1790281960,849177231,10.01190185546875,-299.61431884765625,20.195251025274526,-294.11160713810585
1790281960,949202300,10.009730339050293,-299.7032165527344,20.211262239787757,-294.0810463516598
1790281961,49215269,10.007258415222168,-299.80511474609375,20.229662759847148,-294.04599757965656
1790281961,149175519,10.00482177734375,-299.9071960449219,20.248361617432682,-294.01041282022265
1790281961,249204038,10.002735137939453,-299.9967346191406,20.26461639961143,-293.97946582356906
1790281961,349314167,10.000421524047852,-300.09930419921875,20.283245375544368,-293.9439405630902
1790281961,449282207,9.998202323913574,-300.2020568847656,20.30215774406518,-293.9077721231026
1790281961,549235657,9.996357917785645,-300.29193115234375,20.317973738628876,-293.8774103162086
1790281961,649152297,9.994183540344238,-300.40582275390625,20.337319032773937,-293.84008746919625
1790281961,749222596,9.992510795593262,-300.5041198730469,20.353930143745806,-293.80784851468906
1790281961,849183736,9.991155624389648,-300.5985412597656,20.37009380606405,-293.7762912653935
1790281961,949222185,9.990189552307129,-300.68829345703125,20.385164491496887,-293.7466880981219
1790281962,49207295,9.989678382873535,-300.7727355957031,20.39934998801486,-293.7186572239807
1790281962,149204234,9.989677429199219,-300.8514709472656,20.41274863627951,-293.6920267089562
1790281962,249218894,9.990130424499512,-300.91534423828125,20.424167834906378,-293.6691970688602
1790281962,349214593,9.99119758605957,-300.9823913574219,20.4358337877105,-293.6457275417154
1790281962,449215093,9.992624282836914,-301.0357666015625,20.445095200430337,-293.6269654800401
1790281962,549208142,9.994820594787598,-301.0906066894531,20.454342459533443,-293.60807480285723
1790281962,649208181,9.997597694396973,-301.1387939453125,20.462582522457442,-293.59103740366106
1790281962,749178401,10.00047492980957,-301.175537109375,20.468855177587763,-293.5778433262628
1790281962,849197011,10.004220962524414,-301.21136474609375,20.47476610911754,-293.56507984528065
1790281962,949203430,10.008380889892578,-301.2406921386719,20.479331512382004,-293.5547537096019
1790281963,49231919,10.012286186218262,-301.2610778808594,20.482336279794314,-293.5474137830344
1790281963,149271198,10.016955375671387,-301.278564453125,20.48455177779729,-293.5411156487344
1790281963,249214618,10.021724700927734,-301.28997802734375,20.48554739183588,-293.5367500750349
1790281963,349191738,10.026458740234375,-301.2955322265625,20.485360106595383,-293.53410024806567
1790281963,449162678,10.03156566619873,-301.2951354980469,20.483738099689848,-293.5330991295616
1790281963,549195757,10.035749435424805,-301.2892150878906,20.48102460353996,-293.5337663391746
1790281963,649188887,10.039444923400879,-301.2784729003906,20.477204614216575,-293.53571206083404
1790281963,749211586,10.04251766204834,-301.2633972167969,20.472214975595048,-293.5388162745676
1790281963,849206146,10.04483699798584,-301.2444763183594,20.466254537227748,-293.54281245491285
1790281963,949177685,10.046297073364258,-301.2223815917969,20.459304260868333,-293.5475856785769
1790281964,49182075,10.04681396484375,-301.1976318359375,20.451540627467704,-293.552906918406
1790281964,149293013,10.046446800231934,-301.17431640625,20.444052472219827,-293.55795639037063
1790281964,249187384,10.045060157775879,-301.1463317871094,20.43528559210781,-293.5637275526313
1790281964,349290312,10.042633056640625,-301.1174621582031,20.425752130211524,-293.5698074384729
1790281964,449207312,10.039189338684082,-301.0882873535156,20.416049292125187,-293.57578171083196
1790281964,549194532,10.034775733947754,-301.0595703125,20.406411150880086,-293.5815261885378
1790281964,649219331,10.029472351074219,-301.03082275390625,20.39709889545132,-293.5868646005864
1790281964,749147771,10.023414611816406,-301.00372314453125,20.387760293163222,-293.5920293032133
1790281964,849185790,10.016707420349121,-300.9783935546875,20.380194252199818,-293.5961306146194
1790281964,949204930,10.01042366027832,-300.9574279785156,20.371573206201187,-293.6006483003743
1790281965,49210819,10.00292682647705,-300.9358215332031,20.363869684882307,-293.6046698187301
1790281965,149235578,9.995271682739258,-300.916748046875,20.357041627253253,-293.6082737173484
1790281965,249212558,9.987662315368652,-300.90032958984375,20.351010559352044,-293.6115299666056
1790281965,349191388,9.980300903320312,-300.8868103027344,20.346066757755974,-293.61437211558496
1790281965,449185217,9.973382949829102,-300.8762512207031,20.342178209158437,-293.6168558031609
1790281965,549229476,9.967083930969238,-300.8686828613281,20.33924973959714,-293.6190831232379
1790281965,649208436,9.961556434631348,-300.864013671875,20.337452659378094,-293.6209558334951
1790281965,749152676,9.956923484802246,-300.8622131347656,20.336663000664068,-293.6226377612824
1790281965,849170556,9.953678131103516,-300.8628845214844,20.336817562595794,-293.6239219946961
1790281965,949153275,9.950944900512695,-300.8660583496094,20.33797150536635,-293.6251458353425
1790281966,49182064,9.949280738830566,-300.8716125488281,20.34004946513764,-293.62612016867115
1790281966,149276292,9.948698043823242,-300.8782043457031,20.342613014335562,-293.6267900494757
1790281966,249296512,9.948908805847168,-300.8862609863281,20.34616552195475,-293.62734262872334
1790281966,349233452,9.950067520141602,-300.8970642089844,20.350527627541236,-293.6276862207931
1790281966,449131873,9.952122688293457,-300.9090881347656,20.3547618849513,-293.62777774236486
1790281966,549268511,9.9549560546875,-300.9220886230469,20.359991266573232,-293.62765804366376
1790281966,649180282,9.957968711853027,-300.9340515136719,20.36546892683018,-293.6273082244353
1790281966,749188051,9.961382865905762,-300.9463806152344,20.370599975850023,-293.62681288770466
1790281966,849278009,9.965107917785645,-300.9589538574219,20.37615910938901,-293.62612140898983
1790281966,949241719,9.969056129455566,-300.97161865234375,20.382059503538514,-293.6252366938926
1790281967,49174529,9.973138809204102,-300.9842529296875,20.387755879057472,-293.6242469368777
1790281967,149177679,9.977269172668457,-300.9967956542969,20.393429239263316,-293.62314704737565
1790281967,249175618,9.981361389160156,-301.0091857910156,20.398869470990146,-293.6219911235864
1790281967,349209187,9.984780311584473,-301.0193786621094,20.403449981840847,-293.6209208713424
1790281967,449302675,9.988612174987793,-301.0306701660156,20.40852238996557,-293.6196224734393
1790281967,549153647,9.992227554321289,-301.04119873046875,20.413149099483963,-293.618316900398
1790281967,649180386,9.995585441589355,-301.0506896972656,20.4173440727516,-293.6169946296575
1790281967,749190826,9.998658180236816,-301.05926513671875,20.421100615115606,-293.6157160113473
1790281967,849201975,10.00141716003418,-301.0667724609375,20.42437406322296,-293.6144900912464
1790281967,949198645,10.003841400146484,-301.0732421875,20.426781511458994,-293.6135067726387
1790281968,49195124,10.0059232711792,-301.07861328125,20.429328568160326,-293.6123688014006
1790281968,149213074,10.007662773132324,-301.0827941894531,20.430968924803405,-293.6115340062436
1790281968,249179023,10.009066581726074,-301.0858459472656,20.432155598310104,-293.61083280060336
1790281968,349175593,10.010149955749512,-301.08770751953125,20.43287872452008,-293.610270724078
1790281968,449280431,10.010933876037598,-301.0884094238281,20.433092139351096,-293.6099448505981
1790281968,549264751,10.01138687133789,-301.088134765625,20.432903581559227,-293.6097373204081
1790281968,649304530,10.011686325073242,-301.0867614746094,20.432260642612125,-293.6097255000318
1790281968,749211440,10.01176643371582,-301.0843811035156,20.43120350786808,-293.6099044281608
1790281968,849277139,10.011661529541016,-301.08099365234375,20.429705438817365,-293.6102789761621
1790281968,949288188,10.01140308380127,-301.0767822265625,20.427933661787215,-293.6108085259514
1790281969,49129300,10.01102352142334,-301.0717468261719,20.4257849120382,-293.6115202073897
1790281969,149269327,10.01062297821045,-301.0668640136719,20.423696645090562,-293.61225653292223
1790281969,249144249,10.010014533996582,-301.0596923828125,20.421232794922254,-293.613166252812
1790281969,349161048,10.009438514709473,-301.0528869628906,20.418230031986138,-293.61431799797384
1790281969,449173267,10.008846282958984,-301.04571533203125,20.415463142906997,-293.61540671020674
1790281969,549173117,10.008172035217285,-301.03717041015625,20.41227185400743,-293.61668564501895
1790281969,649178746,10.00760269165039,-301.029541015625,20.409486027992298,-293.61781293861077
1790281969,749222095,10.006990432739258,-301.020751953125,20.406308921167966,-293.61910220083416
1790281969,849163645,10.00643253326416,-301.01202392578125,20.40315096529782,-293.62037959284885
1790281969,949282393,10.005995750427246,-301.0045471191406,20.400381743239603,-293.6214893645535
1790281970,49294152,10.005558013916016,-300.9963073730469,20.397320919308314,-293.62269868654295
1790281970,149276602,10.005228996276855,-300.98944091796875,20.39476818780461,-293.6236877173378
1790281970,249215242,10.004913330078125,-300.9820251464844,20.391977367505746,-293.6247433544157
1790281970,349292911,10.00468635559082,-300.9760437011719,20.389630334511658,-293.62560729765636
1790281970,449523028,10.004475593566895,-300.96978759765625,20.387590812888455,-293.6263365451889
1790281970,549220391,10.004327774047852,-300.96490478515625,20.38539969436846,-293.62709370176606
1790281970,649306810,10.004207611083984,-300.9605712890625,20.383744643589225,-293.6276451461637
1790281970,749235990,10.004095077514648,-300.9563293457031,20.382131367530455,-293.6281636753117
1790281970,849275889,10.004012107849121,-300.9532775878906,20.3809246317738,-293.62853864285347
1790281970,949304288,10.003934860229492,-300.95086669921875,20.37999662185284,-293.62882023697296
1790281971,49177770,10.0038480758667,-300.9488525390625,20.379231351873408,-293.6290521641222
1790281971,149245708,10.003838539123535,-300.9477233886719,20.378790958745405,-293.62915583093366
1790281971,249171868,10.00450611114502,-300.9471740722656,20.37853446309185,-293.6289134761603
1790281971,349280257,10.006896018981934,-300.94732666015625,20.378386909919573,-293.6279204661083
1790281971,449319125,10.0131254196167,-300.9481506347656,20.378207606643322,-293.625380513044
1790281971,549295065,10.022598266601562,-300.9493713378906,20.377969353475557,-293.62131464003664
1790281971,649276335,10.036688804626465,-300.9510498046875,20.37762314344763,-293.615252509045
1790281971,749191935,10.059423446655273,-300.9533996582031,20.377086860636005,-293.6060149642075
1790281971,849304083,10.085670471191406,-300.95574951171875,20.37647140510414,-293.59520435622056
1790281971,949186975,10.123384475708008,-300.9587707519531,20.375637913366223,-293.57978581538146
1790281972,49295273,10.163304328918457,-300.9615783691406,20.374833078193433,-293.56376455283424
1790281972,149209544,10.216849327087402,-300.96490478515625,20.37382702436817,-293.54200629009216
1790281972,249280172,10.270458221435547,-300.9678955078125,20.372948770553663,-293.5205079205712
1790281972,349286672,10.339109420776367,-300.9713134765625,20.371956057675348,-293.49288163655035
1790281972,449295251,10.405224800109863,-300.97430419921875,20.37115495475855,-293.46660569360944
1790281972,549303631,10.487136840820312,-300.9776306152344,20.37032218410039,-293.43391592560766
1790281972,649303650,10.56382942199707,-300.98046875,20.369676227152112,-293.4027045268157
1790281972,749156842,10.656578063964844,-300.9836120605469,20.369034252736732,-293.3639769032906
1790281972,849168731,10.741727828979492,-300.98626708984375,20.368594758742027,-293.3292588142581
1790281972,949174720,10.842960357666016,-300.98919677734375,20.36820497551806,-293.28946746371355
1790281973,49285038,10.934447288513184,-300.9916687011719,20.367964366644298,-293.2543586797809
1790281973,149270708,11.041765213012695,-300.9944152832031,20.3677596496598,-293.2138125823118
1790281973,249425685,11.137557029724121,-300.9967346191406,20.36760109853462,-293.1720417658397
1790281973,349233978,11.24876594543457,-300.99932861328125,20.36746201791633,-293.1294403022294
1790281973,449189698,11.361395835876465,-301.00189208984375,20.36729463005959,-293.0851293695017
1790281973,549320085,11.46081829071045,-301.00408935546875,20.367111465385722,-293.04573132112137
1790281973,649274385,11.575152397155762,-301.00653076171875,20.366820182245082,-293.0021999459809
1790281973,749302635,11.689871788024902,-301.0090026855469,20.366409004590757,-292.95850779060686
1790281973,849208045,11.804666519165039,-301.01141357421875,20.365811261365444,-292.9131952921699
1790281973,949176265,11.919402122497559,-301.0137939453125,20.365043810120767,-292.8699828344035
1790281974,49173525,12.033934593200684,-301.01617431640625,20.364041412891144,-292.8270393595722
1790281974,149238872,12.148073196411133,-301.01849365234375,20.362792037219833,-292.7847828678055
1790281974,249270872,12.261552810668945,-301.020751953125,20.36124624840581,-292.7425488576295
1790281974,349299540,12.374210357666016,-301.02294921875,20.359373617713604,-292.7002909056777
1790281974,449176142,12.486001968383789,-301.0250549316406,20.357139719897194,-292.6578081449126
1790281974,549278560,12.555450439453125,-301.02630615234375,20.355545222481222,-292.6311245063598
1790281974,649277359,12.555450439453125,-301.02630615234375,20.355545222481222,-292.6311245063598
1790281974,749288238,12.555450439453125,-301.02630615234375,20.355545222481222,-292.6311245063598
1790281974,849304617,12.555450439453125,-301.02630615234375,20.355545222481222,-292.6311245063598
1790281974,949278897,12.555450439453125,-301.02630615234375,20.355545222481222,-292.6311245063598
1790281975,49306186,12.555450439453125,-301.02630615234375,20.355545222481222,-292.6311245063598
1790281975,149280256,12.555450439453125,-301.02630615234375,20.355545222481222,-292.6311245063598
1790281975,249287276,12.555450439453125,-301.02630615234375,20.355545222481222,-292.6311245063598
1790281975,349305206,12.555450439453125,-301.02630615234375,20.355545222481222,-292.6311245063598
1790281975,449310684,12.555450439453125,-301.02630615234375,20.355545222481222,-292.6311245063598
1790281975,549278374,12.555450439453125,-301.02630615234375,20.355545222481222,-292.6311245063598
1790281975,649305603,12.555450439453125,-301.02630615234375,20.355545222481222,-292.6311245063598
1790281975,749279863,12.555450439453125,-301.02630615234375,20.355545222481222,-292.6311245063598
1790281975,849277243,12.555450439453125,-301.02630615234375,20.355545222481222,-292.6311245063598
1790281975,949398491,12.555450439453125,-301.02630615234375,20.355545222481222,-292.6311245063598
1790281976,49301972,12.555450439453125,-301.02630615234375,20.355545222481222,-292.6311245063598
1790281976,149285991,12.555450439453125,-301.02630615234375,20.355545222481222,-292.6311245063598
1790281976,249398469,12.555450439453125,-301.02630615234375,20.355545222481222,-292.6311245063598
1790281976,349392569,12.555450439453125,-301.02630615234375,20.355545222481222,-292.6311245063598
1790281976,449279470,12.555450439453125,-301.02630615234375,20.355545222481222,-292.6311245063598
1790281976,549259110,12.555450439453125,-301.02630615234375,20.355545222481222,-292.6311245063598
1790281976,649278569,12.555450439453125,-301.02630615234375,20.355545222481222,-292.6311245063598
1790281976,749279299,12.555450439453125,-301.02630615234375,20.355545222481222,-292.6311245063598
1790281976,849313958,12.555450439453125,-301.02630615234375,20.355545222481222,-292.6311245063598
1790281976,949285678,12.555450439453125,-301.02630615234375,20.355545222481222,-292.6311245063598
1790281977,49279087,12.555450439453125,-301.02630615234375,20.355545222481222,-292.6311245063598
1790281977,149266107,12.555450439453125,-301.02630615234375,20.355545222481222,-292.6311245063598
1790281977,249281377,12.555450439453125,-301.02630615234375,20.355545222481222,-292.6311245063598
1790281977,349281136,12.555450439453125,-301.02630615234375,20.355545222481222,-292.6311245063598
1790281977,449268235,12.555450439453125,-301.02630615234375,20.355545222481222,-292.6311245063598
1790281977,549272245,12.555450439453125,-301.02630615234375,20.355545222481222,-292.6311245063598
1790281977,649251464,12.555450439453125,-301.02630615234375,20.355545222481222,-292.6311245063598
1790281977,749295053,12.555450439453125,-301.02630615234375,20.355545222481222,-292.6311245063598
1790281977,849277723,12.555450439453125,-301.02630615234375,20.355545222481222,-292.6311245063598
1790281977,949387041,12.555450439453125,-301.02630615234375,20.355545222481222,-292.6311245063598
1790281978,49278192,12.555450439453125,-301.02630615234375,20.355545222481222,-292.6311245063598
1790281978,149259352,12.555450439453125,-301.02630615234375,20.355545222481222,-292.6311245063598
1790281978,249432279,12.555450439453125,-301.02630615234375,20.355545222481222,-292.6311245063598
1790281978,349318921,12.555450439453125,-301.02630615234375,20.355545222481222,-292.6311245063598
1790281978,449309370,12.555450439453125,-301.02630615234375,20.355545222481222,-292.6311245063598
1790281978,549422768,12.555450439453125,-301.02630615234375,20.355545222481222,-292.6311245063598
1790281978,649439777,12.555450439453125,-301.02630615234375,20.355545222481222,-292.6311245063598
1790281978,749314358,12.555450439453125,-301.02630615234375,20.355545222481222,-292.6311245063598
1790281978,849308188,12.555450439453125,-301.02630615234375,20.355545222481222,-292.6311245063598
1790281978,949402806,12.555450439453125,-301.02630615234375,20.355545222481222,-292.6311245063598
1790281979,49281777,12.555450439453125,-301.02630615234375,20.355545222481222,-292.6311245063598
1790281979,149293307,12.555450439453125,-301.02630615234375,20.355545222481222,-292.6311245063598
1790281979,249292566,12.555450439453125,-301.02630615234375,20.355545222481222,-292.6311245063598
1790281979,349283196,12.555450439453125,-301.02630615234375,20.355545222481222,-292.6311245063598
1790281979,449285895,12.555450439453125,-301.02630615234375,20.355545222481222,-292.6311245063598
1790281979,549284175,12.555450439453125,-301.02630615234375,20.355545222481222,-292.6311245063598
1790281979,649279694,12.555450439453125,-301.02630615234375,20.355545222481222,-292.6311245063598
1790281979,749281564,12.555450439453125,-301.02630615234375,20.355545222481222,-292.6311245063598
1790281979,849389703,12.555450439453125,-301.02630615234375,20.355545222481222,-292.6311245063598
1790281979,949307964,12.555450439453125,-301.02630615234375,20.355545222481222,-292.6311245063598
1790281980,49280263,12.555450439453125,-301.02630615234375,20.355545222481222,-292.6311245063598
1790281980,149284352,12.555450439453125,-301.02630615234375,20.355545222481222,-292.6311245063598
1790281980,249386941,12.555450439453125,-301.02630615234375,20.355545222481222,-292.6311245063598
1790281980,349282342,12.555450439453125,-301.02630615234375,20.355545222481222,-292.6311245063598
1790281980,449285971,12.555450439453125,-301.02630615234375,20.355545222481222,-292.6311245063598
1790281980,549333089,12.555450439453125,-301.02630615234375,20.355545222481222,-292.6311245063598
1790281980,649304479,12.555450439453125,-301.02630615234375,20.355545222481222,-292.6311245063598
1790281980,749280218,12.555450439453125,-301.02630615234375,20.355545222481222,-292.6311245063598
1790281980,849442535,12.555450439453125,-301.02630615234375,20.355545222481222,-292.6311245063598
1790281980,949284797,12.555450439453125,-301.02630615234375,20.355545222481222,-292.6311245063598
1790281981,49292377,12.555450439453125,-301.02630615234375,20.355545222481222,-292.6311245063598
1790281981,149339065,12.555450439453125,-301.02630615234375,20.355545222481222,-292.6311245063598
1790281981,249388874,12.555450439453125,-301.02630615234375,20.355545222481222,-292.6311245063598
1790281981,349266925,12.555450439453125,-301.02630615234375,20.355545222481222,-292.6311245063598
1790281981,449306984,12.555450439453125,-301.02630615234375,20.355545222481222,-292.6311245063598
1790281981,549287654,12.555450439453125,-301.02630615234375,20.355545222481222,-292.6311245063598
1790281981,649282763,12.555450439453125,-301.02630615234375,20.355545222481222,-292.6311245063598
1790281981,749287943,12.555450439453125,-301.02630615234375,20.355545222481222,-292.6311245063598
1790281981,849389841,12.555450439453125,-301.02630615234375,20.355545222481222,-292.6311245063598
1790281981,949392872,12.555450439453125,-301.02630615234375,20.355545222481222,-292.6311245063598
1790281982,49286782,12.555450439453125,-301.02630615234375,20.355545222481222,-292.6311245063598
1790281982,149304881,12.555450439453125,-301.02630615234375,20.355545222481222,-292.6311245063598
1790281982,249397159,12.555450439453125,-301.02630615234375,20.355545222481222,-292.6311245063598
1790281982,349310489,12.555450439453125,-301.02630615234375,20.355545222481222,-292.6311245063598
1790281982,449312759,12.555450439453125,-301.02630615234375,20.355545222481222,-292.6311245063598
1790281982,549307508,12.555450439453125,-301.02630615234375,20.355545222481222,-292.6311245063598
1790281982,649389657,12.555450439453125,-301.02630615234375,20.355545222481222,-292.6311245063598
1790281982,749388616,12.555450439453125,-301.02630615234375,20.355545222481222,-292.6311245063598
1790281982,849416255,12.555450439453125,-301.02630615234375,20.355545222481222,-292.6311245063598
1790281982,949303406,12.555450439453125,-301.02630615234375,20.355545222481222,-292.6311245063598
1790281983,49466114,12.555450439453125,-301.02630615234375,20.355545222481222,-292.6311245063598
1790281983,149268426,12.555450439453125,-301.02630615234375,20.355545222481222,-292.6311245063598
1790281983,249423355,12.555450439453125,-301.02630615234375,20.355545222481222,-292.6311245063598
1790281983,349280454,12.555450439453125,-301.02630615234375,20.355545222481222,-292.6311245063598
1790281983,449262364,12.555450439453125,-301.02630615234375,20.355545222481222,-292.6311245063598
1790281983,549394441,12.555450439453125,-301.02630615234375,20.355545222481222,-292.6311245063598
1790281983,649497569,12.555450439453125,-301.02630615234375,20.355545222481222,-292.6311245063598
1790281983,749395280,12.555450439453125,-301.02630615234375,20.355545222481222,-292.6311245063598
1790281983,849305511,12.555450439453125,-301.02630615234375,20.355545222481222,-292.6311245063598
1790281983,949293151,12.555450439453125,-301.02630615234375,20.355545222481222,-292.6311245063598
1790281984,49312230,12.555450439453125,-301.02630615234375,20.355545222481222,-292.6311245063598
1790281984,149307669,12.555450439453125,-301.02630615234375,20.355545222481222,-292.6311245063598
1790281984,249418577,12.555450439453125,-301.02630615234375,20.355545222481222,-292.6311245063598
1790281984,349281698,12.555450439453125,-301.02630615234375,20.355545222481222,-292.6311245063598
1790281984,449271568,12.555450439453125,-301.02630615234375,20.355545222481222,-292.6311245063598
1790281984,549296897,12.555450439453125,-301.02630615234375,20.355545222481222,-292.6311245063598
1790281984,649311357,12.555450439453125,-301.02630615234375,20.355545222481222,-292.6311245063598
1790281984,749290837,12.555450439453125,-301.02630615234375,20.355545222481222,-292.6311245063598
1790281984,849306586,12.555450439453125,-301.02630615234375,20.355545222481222,-292.6311245063598
1790281984,949361025,12.555450439453125,-301.02630615234375,20.355545222481222,-292.6311245063598
1790281985,49310764,12.555450439453125,-301.02630615234375,20.355545222481222,-292.6311245063598
1790281985,149261674,12.555450439453125,-301.02630615234375,20.355545222481222,-292.6311245063598
1790281985,249388214,12.555450439453125,-301.02630615234375,20.355545222481222,-292.6311245063598
1790281985,349324422,12.555450439453125,-301.02630615234375,20.355545222481222,-292.6311245063598
1790281985,449305043,12.555450439453125,-301.02630615234375,20.355545222481222,-292.6311245063598
1790281985,549390271,12.555450439453125,-301.02630615234375,20.355545222481222,-292.6311245063598
1790281985,649275802,12.555450439453125,-301.02630615234375,20.355545222481222,-292.6311245063598
1790281985,749306551,12.555450439453125,-301.02630615234375,20.355545222481222,-292.6311245063598
1790281985,849264601,12.555450439453125,-301.02630615234375,20.355545222481222,-292.6311245063598
1790281985,949320840,12.555450439453125,-301.02630615234375,20.355545222481222,-292.6311245063598
1790281986,49319060,12.555450439453125,-301.02630615234375,20.355545222481222,-292.6311245063598
1790281986,149255850,12.555450439453125,-301.02630615234375,20.355545222481222,-292.6311245063598
1790281986,249279869,12.555450439453125,-301.02630615234375,20.355545222481222,-292.6311245063598
1790281986,349274579,12.555450439453125,-301.02630615234375,20.355545222481222,-292.6311245063598
1790281986,449258118,12.555450439453125,-301.02630615234375,20.355545222481222,-292.6311245063598
1790281986,549294967,12.555450439453125,-301.02630615234375,20.355545222481222,-292.6311245063598
1790281986,649319906,12.555450439453125,-301.02630615234375,20.355545222481222,-292.6311245063598
1790281986,749284287,12.555450439453125,-301.02630615234375,20.355545222481222,-292.6311245063598
1790281986,849268436,12.555450439453125,-301.02630615234375,20.355545222481222,-292.6311245063598
1790281986,949280995,12.555450439453125,-301.02630615234375,20.355545222481222,-292.6311245063598
1790281987,49369143,12.555450439453125,-301.02630615234375,20.355545222481222,-292.6311245063598
1790281987,149283814,12.555450439453125,-301.02630615234375,20.355545222481222,-292.6311245063598
1790281987,249282994,12.555450439453125,-301.02630615234375,20.355545222481222,-292.6311245063598
1790281987,349282803,12.555450439453125,-301.02630615234375,20.355545222481222,-292.6311245063598
1790281987,449310152,12.555450439453125,-301.02630615234375,20.355545222481222,-292.6311245063598
1790281987,549286522,12.555450439453125,-301.02630615234375,20.355545222481222,-292.6311245063598
1790281987,649746765,12.555450439453125,-301.02630615234375,20.355545222481222,-292.6311245063598
1790281987,749248262,12.555450439453125,-301.02630615234375,20.355545222481222,-292.6311245063598
1790281987,849396959,12.555450439453125,-301.02630615234375,20.355545222481222,-292.6311245063598
1790281987,949394099,12.555450439453125,-301.02630615234375,20.355545222481222,-292.6311245063598
1790281988,49424489,12.555450439453125,-301.02630615234375,20.355545222481222,-292.6311245063598
1790281988,149282001,12.555450439453125,-301.02630615234375,20.355545222481222,-292.6311245063598
1790281988,249402058,12.555450439453125,-301.02630615234375,20.355545222481222,-292.6311245063598
1790281988,349369367,12.555450439453125,-301.02630615234375,20.355545222481222,-292.6311245063598
1790281988,449312857,12.555450439453125,-301.02630615234375,20.355545222481222,-292.6311245063598
1790281988,549284427,12.555450439453125,-301.02630615234375,20.355545222481222,-292.6311245063598
1790281988,649387136,12.555450439453125,-301.02630615234375,20.355545222481222,-292.6311245063598
1790281988,749288677,12.555450439453125,-301.02630615234375,20.355545222481222,-292.6311245063598
1790281988,849289506,12.555450439453125,-301.02630615234375,20.355545222481222,-292.6311245063598
1790281988,949420813,12.555450439453125,-301.02630615234375,20.355545222481222,-292.6311245063598
1790281989,49298134,12.555450439453125,-301.02630615234375,20.355545222481222,-292.6311245063598
1790281989,149344823,12.555450439453125,-301.02630615234375,20.355545222481222,-292.6311245063598
1790281989,249308423,12.555450439453125,-301.02630615234375,20.355545222481222,-292.6311245063598
1790281989,349253203,12.555450439453125,-301.02630615234375,20.355545222481222,-292.6311245063598
1790281989,449277652,12.555450439453125,-301.02630615234375,20.355545222481222,-292.6311245063598
1790281989,549281312,12.555450439453125,-301.02630615234375,20.355545222481222,-292.6311245063598
1790281989,649281952,12.555450439453125,-301.02630615234375,20.355545222481222,-292.6311245063598
1790281989,749854214,12.555450439453125,-301.02630615234375,20.355545222481222,-292.6311245063598
1790281989,849267991,12.555450439453125,-301.02630615234375,20.355545222481222,-292.6311245063598
1790281989,949261551,12.555450439453125,-301.02630615234375,20.355545222481222,-292.6311245063598
1790281990,49277610,12.555450439453125,-301.02630615234375,20.355545222481222,-292.6311245063598
1790281990,149284269,12.555450439453125,-301.02630615234375,20.355545222481222,-292.6311245063598
1790281990,249302379,12.555450439453125,-301.02630615234375,20.355545222481222,-292.6311245063598
1790281990,349284588,12.555450439453125,-301.02630615234375,20.355545222481222,-292.6311245063598
1790281990,449297317,12.555450439453125,-301.02630615234375,20.355545222481222,-292.6311245063598
1790281990,549261969,12.555450439453125,-301.02630615234375,20.355545222481222,-292.6311245063598
1790281990,649282597,12.555450439453125,-301.02630615234375,20.355545222481222,-292.6311245063598
1790281990,749324446,12.555450439453125,-301.02630615234375,20.355545222481222,-292.6311245063598
1790281990,849306166,12.555450439453125,-301.02630615234375,20.355545222481222,-292.6311245063598
1790281990,949270226,12.555450439453125,-301.02630615234375,20.355545222481222,-292.6311245063598
1790281991,49290616,12.555450439453125,-301.02630615234375,20.355545222481222,-292.6311245063598
1790281991,149284516,12.555450439453125,-301.02630615234375,20.355545222481222,-292.6311245063598
1790281991,249290085,12.555450439453125,-301.02630615234375,20.355545222481222,-292.6311245063598
1790281991,349314364,12.555450439453125,-301.02630615234375,20.355545222481222,-292.6311245063598
1790281991,449282123,12.555450439453125,-301.02630615234375,20.355545222481222,-292.6311245063598
1790281991,549285533,12.555450439453125,-301.02630615234375,20.355545222481222,-292.6311245063598
1790281991,649284543,12.555450439453125,-301.02630615234375,20.355545222481222,-292.6311245063598
1790281991,749290972,12.555450439453125,-301.02630615234375,20.355545222481222,-292.6311245063598
1790281991,849289291,12.555450439453125,-301.02630615234375,20.355545222481222,-292.6311245063598
1790281991,949289381,12.555450439453125,-301.02630615234375,20.355545222481222,-292.6311245063598
1790281992,49383469,12.555450439453125,-301.02630615234375,20.355545222481222,-292.6311245063598
1790281992,149275889,12.555450439453125,-301.02630615234375,20.355545222481222,-292.6311245063598
1790281992,249290239,12.555450439453125,-301.02630615234375,20.355545222481222,-292.6311245063598
1790281992,349287099,12.555450439453125,-301.02630615234375,20.355545222481222,-292.6311245063598
1790281992,449295359,12.555450439453125,-301.02630615234375,20.355545222481222,-292.6311245063598
1790281992,549281147,12.555450439453125,-301.02630615234375,20.355545222481222,-292.6311245063598
1790281992,649260157,12.555450439453125,-301.02630615234375,20.355545222481222,-292.6311245063598
1790281992,749304536,12.555450439453125,-301.02630615234375,20.355545222481222,-292.6311245063598
1790281992,849307205,12.555450439453125,-301.02630615234375,20.355545222481222,-292.6311245063598
1790281992,949352775,12.555450439453125,-301.02630615234375,20.355545222481222,-292.6311245063598
1790281993,49306165,12.555450439453125,-301.02630615234375,20.355545222481222,-292.6311245063598
1790281993,149297454,12.555450439453125,-301.02630615234375,20.355545222481222,-292.6311245063598
1790281993,249305354,12.555450439453125,-301.02630615234375,20.355545222481222,-292.6311245063598
1790281993,349287314,12.555450439453125,-301.02630615234375,20.355545222481222,-292.6311245063598
1790281993,449335772,12.555450439453125,-301.02630615234375,20.355545222481222,-292.6311245063598
1790281993,549277522,12.555450439453125,-301.02630615234375,20.355545222481222,-292.6311245063598
1790281993,649268552,12.555450439453125,-301.02630615234375,20.355545222481222,-292.6311245063598
1790281993,749274732,12.555450439453125,-301.02630615234375,20.355545222481222,-292.6311245063598
1790281993,849920783,12.555450439453125,-301.02630615234375,20.355545222481222,-292.6311245063598
1790281993,949262741,12.555450439453125,-301.02630615234375,20.355545222481222,-292.6311245063598
1790281994,49299200,12.555450439453125,-301.02630615234375,20.355545222481222,-292.6311245063598
1790281994,149317189,12.555450439453125,-301.02630615234375,20.355545222481222,-292.6311245063598
1790281994,249302109,12.555450439453125,-301.02630615234375,20.355545222481222,-292.6311245063598
1790281994,349299349,12.555450439453125,-301.02630615234375,20.355545222481222,-292.6311245063598
1790281994,449285398,12.555450439453125,-301.02630615234375,20.355545222481222,-292.6311245063598
1790281994,549278398,12.555450439453125,-301.02630615234375,20.355545222481222,-292.6311245063598
1790281994,649281817,12.555450439453125,-301.02630615234375,20.355545222481222,-292.6311245063598
1790281994,749282887,12.555450439453125,-301.02630615234375,20.355545222481222,-292.6311245063598
1790281994,849282776,12.555450439453125,-301.02630615234375,20.355545222481222,-292.6311245063598
1790281994,949309355,12.555450439453125,-301.02630615234375,20.355545222481222,-292.6311245063598
1790281995,49298855,12.555450439453125,-301.02630615234375,20.355545222481222,-292.6311245063598
1790281995,149280135,12.555450439453125,-301.02630615234375,20.355545222481222,-292.6311245063598
1790281995,249277894,12.555450439453125,-301.02630615234375,20.355545222481222,-292.6311245063598
1790281995,349303133,12.555450439453125,-301.02630615234375,20.355545222481222,-292.6311245063598
1790281995,449276143,12.555450439453125,-301.02630615234375,20.355545222481222,-292.6311245063598
1790281995,549405151,12.555450439453125,-301.02630615234375,20.355545222481222,-292.6311245063598
1790281995,649272233,12.555450439453125,-301.02630615234375,20.355545222481222,-292.6311245063598
1790281995,749278121,12.555450439453125,-301.02630615234375,20.355545222481222,-292.6311245063598
1790281995,849270081,12.555450439453125,-301.02630615234375,20.355545222481222,-292.6311245063598
1790281995,949283621,12.555450439453125,-301.02630615234375,20.355545222481222,-292.6311245063598
1790281996,49263911,12.555450439453125,-301.02630615234375,20.355545222481222,-292.6311245063598
1790281996,149299640,12.555450439453125,-301.02630615234375,20.355545222481222,-292.6311245063598
1790281996,249273930,12.555450439453125,-301.02630615234375,20.355545222481222,-292.6311245063598
1790281996,349312379,12.555450439453125,-301.02630615234375,20.355545222481222,-292.6311245063598
1790281996,449319368,12.555450439453125,-301.02630615234375,20.355545222481222,-292.6311245063598
1790281996,549346127,12.555450439453125,-301.02630615234375,20.355545222481222,-292.6311245063598
1790281996,649342797,12.555450439453125,-301.02630615234375,20.355545222481222,-292.6311245063598
1790281996,749344756,12.555450439453125,-301.02630615234375,20.355545222481222,-292.6311245063598
1790281996,849286446,12.555450439453125,-301.02630615234375,20.355545222481222,-292.6311245063598
1790281996,949884248,12.555450439453125,-301.02630615234375,20.355545222481222,-292.6311245063598
1790281997,49918907,12.555450439453125,-301.02630615234375,20.355545222481222,-292.6311245063598
1790281997,149320375,12.555450439453125,-301.02630615234375,20.355545222481222,-292.6311245063598
1790281997,249303325,12.555450439453125,-301.02630615234375,20.355545222481222,-292.6311245063598
1790281997,349276985,12.555450439453125,-301.02630615234375,20.355545222481222,-292.6311245063598
1790281997,449272734,12.555450439453125,-301.02630615234375,20.355545222481222,-292.6311245063598
1790281997,549341233,12.555450439453125,-301.02630615234375,20.355545222481222,-292.6311245063598
1790281997,649266433,12.555450439453125,-301.02630615234375,20.355545222481222,-292.6311245063598
1790281997,749276493,12.555450439453125,-301.02630615234375,20.355545222481222,-292.6311245063598
1790281997,849257112,12.555450439453125,-301.02630615234375,20.355545222481222,-292.6311245063598
1790281997,949289241,12.555450439453125,-301.02630615234375,20.355545222481222,-292.6311245063598
1790281998,49278062,12.555450439453125,-301.02630615234375,20.355545222481222,-292.6311245063598
1790281998,149289611,12.555450439453125,-301.02630615234375,20.355545222481222,-292.6311245063598
1790281998,249285011,12.555450439453125,-301.02630615234375,20.355545222481222,-292.6311245063598
1790281998,349286840,12.555450439453125,-301.02630615234375,20.355545222481222,-292.6311245063598
1790281998,449289189,12.555450439453125,-301.02630615234375,20.355545222481222,-292.6311245063598
1790281998,549291339,12.555450439453125,-301.02630615234375,20.355545222481222,-292.6311245063598
1790281998,649348168,12.555450439453125,-301.02630615234375,20.355545222481222,-292.6311245063598
1790281998,749279928,12.555450439453125,-301.02630615234375,20.355545222481222,-292.6311245063598
1790281998,849286878,12.555450439453125,-301.02630615234375,20.355545222481222,-292.6311245063598
1790281998,949285747,12.555450439453125,-301.02630615234375,20.355545222481222,-292.6311245063598
1790281999,49276307,12.555450439453125,-301.02630615234375,20.355545222481222,-292.6311245063598
1790281999,149358685,12.555450439453125,-301.02630615234375,20.355545222481222,-292.6311245063598
1790281999,249417575,12.555450439453125,-301.02630615234375,20.355545222481222,-292.6311245063598
1790281999,349297086,12.555450439453125,-301.02630615234375,20.355545222481222,-292.6311245063598
1790281999,449256385,12.555450439453125,-301.02630615234375,20.355545222481222,-292.6311245063598
1790281999,549382863,12.555450439453125,-301.02630615234375,20.355545222481222,-292.6311245063598
1790281999,649516780,12.555450439453125,-301.02630615234375,20.355545222481222,-292.6311245063598
1790281999,749409071,12.555450439453125,-301.02630615234375,20.355545222481222,-292.6311245063598
1790281999,849352872,12.555450439453125,-301.02630615234375,20.355545222481222,-292.6311245063598
1790281999,949380871,12.555450439453125,-301.02630615234375,20.355545222481222,-292.6311245063598
1790282000,49606527,12.555450439453125,-301.02630615234375,20.355545222481222,-292.6311245063598
1790282000,149343630,12.555450439453125,-301.02630615234375,20.355545222481222,-292.6311245063598
1790282000,249387310,12.555450439453125,-301.02630615234375,20.355545222481222,-292.6311245063598
1790282000,349366898,12.555450439453125,-301.02630615234375,20.355545222481222,-292.6311245063598
1790282000,449587005,12.555450439453125,-301.02630615234375,20.355545222481222,-292.6311245063598
1790282000,549348728,12.555450439453125,-301.02630615234375,20.355545222481222,-292.6311245063598
1790282000,649410896,12.555450439453125,-301.02630615234375,20.355545222481222,-292.6311245063598
1790282000,749584264,12.555450439453125,-301.02630615234375,20.355545222481222,-292.6311245063598
1790282000,849263028,12.555450439453125,-301.02630615234375,20.355545222481222,-292.6311245063598
1790282000,949342526,12.555450439453125,-301.02630615234375,20.355545222481222,-292.6311245063598
1790282001,49421195,12.555450439453125,-301.02630615234375,20.355545222481222,-292.6311245063598
1790282001,149298266,12.555450439453125,-301.02630615234375,20.355545222481222,-292.6311245063598
1790282001,249574962,12.555450439453125,-301.02630615234375,20.355545222481222,-292.6311245063598
1790282001,349384864,12.555450439453125,-301.02630615234375,20.355545222481222,-292.6311245063598
1790282001,449363234,12.555450439453125,-301.02630615234375,20.355545222481222,-292.6311245063598
1790282001,549285915,12.555450439453125,-301.02630615234375,20.355545222481222,-292.6311245063598
1790282001,649322954,12.555450439453125,-301.02630615234375,20.355545222481222,-292.6311245063598
1790282001,749304964,12.555450439453125,-301.02630615234375,20.355545222481222,-292.6311245063598
1790282001,849566940,12.555450439453125,-301.02630615234375,20.355545222481222,-292.6311245063598
1790282001,949365342,12.555450439453125,-301.02630615234375,20.355545222481222,-292.6311245063598
1790282002,49401653,12.555450439453125,-301.02630615234375,20.355545222481222,-292.6311245063598
1790282002,149375671,12.555450439453125,-301.02630615234375,20.355545222481222,-292.6311245063598
1790282002,249417700,12.555450439453125,-301.02630615234375,20.355545222481222,-292.6311245063598
1790282002,349368961,12.555450439453125,-301.02630615234375,20.355545222481222,-292.6311245063598
1790282002,449363361,12.555450439453125,-301.02630615234375,20.355545222481222,-292.6311245063598
1790282002,549356081,12.555450439453125,-301.02630615234375,20.355545222481222,-292.6311245063598
1790282002,649353939,12.555450439453125,-301.02630615234375,20.355545222481222,-292.6311245063598
1790282002,749366309,12.555450439453125,-301.02630615234375,20.355545222481222,-292.6311245063598
1790282002,849453378,12.555450439453125,-301.02630615234375,20.355545222481222,-292.6311245063598
1790282002,949284949,12.555450439453125,-301.02630615234375,20.355545222481222,-292.6311245063598
1790282003,49463506,12.555450439453125,-301.02630615234375,20.355545222481222,-292.6311245063598
1790282003,149401737,12.555450439453125,-301.02630615234375,20.355545222481222,-292.6311245063598
1790282003,249467895,12.555450439453125,-301.02630615234375,20.355545222481222,-292.6311245063598
1790282003,349356667,12.555450439453125,-301.02630615234375,20.355545222481222,-292.6311245063598
1790282003,449586283,12.555450439453125,-301.02630615234375,20.355545222481222,-292.6311245063598
1790282003,549285387,12.555450439453125,-301.02630615234375,20.355545222481222,-292.6311245063598
1790282003,649275977,12.555450439453125,-301.02630615234375,20.355545222481222,-292.6311245063598
1790282003,749481054,12.555450439453125,-301.02630615234375,20.355545222481222,-292.6311245063598
1790282003,849315176,12.555450439453125,-301.02630615234375,20.355545222481222,-292.6311245063598
1790282003,949394084,12.555450439453125,-301.02630615234375,20.355545222481222,-292.6311245063598
1790282004,49594331,12.555450439453125,-301.02630615234375,20.355545222481222,-292.6311245063598
1790282004,149285995,12.555450439453125,-301.02630615234375,20.355545222481222,-292.6311245063598
1790282004,249248745,12.555450439453125,-301.02630615234375,20.355545222481222,-292.6311245063598
1790282004,349300184,12.555450439453125,-301.02630615234375,20.355545222481222,-292.6311245063598
1790282004,449353183,12.555450439453125,-301.02630615234375,20.355545222481222,-292.6311245063598
1790282004,549602069,12.555450439453125,-301.02630615234375,20.355545222481222,-292.6311245063598
1790282004,649567268,12.555450439453125,-301.02630615234375,20.355545222481222,-292.6311245063598
1790282004,749356201,12.555450439453125,-301.02630615234375,20.355545222481222,-292.6311245063598
1790282004,849310131,12.555450439453125,-301.02630615234375,20.355545222481222,-292.6311245063598
1790282004,949302231,12.555450439453125,-301.02630615234375,20.355545222481222,-292.6311245063598
1790282005,49310181,12.555450439453125,-301.02630615234375,20.355545222481222,-292.6311245063598
1790282005,149294140,12.555450439453125,-301.02630615234375,20.355545222481222,-292.6311245063598
1790282005,249298780,12.555450439453125,-301.02630615234375,20.355545222481222,-292.6311245063598
1790282005,349406207,12.555450439453125,-301.02630615234375,20.355545222481222,-292.6311245063598
1790282005,449287478,12.555450439453125,-301.02630615234375,20.355545222481222,-292.6311245063598
1790282005,549651713,12.555450439453125,-301.02630615234375,20.355545222481222,-292.6311245063598
1790282005,649355116,12.555450439453125,-301.02630615234375,20.355545222481222,-292.6311245063598
1790282005,749278537,12.555450439453125,-301.02630615234375,20.355545222481222,-292.6311245063598
1790282005,849250957,12.555450439453125,-301.02630615234375,20.355545222481222,-292.6311245063598
1790282005,949683300,12.555450439453125,-301.02630615234375,20.355545222481222,-292.6311245063598
1790282006,49275026,12.555450439453125,-301.02630615234375,20.355545222481222,-292.6311245063598
1790282006,149386433,12.555450439453125,-301.02630615234375,20.355545222481222,-292.6311245063598
1790282006,249270155,12.555450439453125,-301.02630615234375,20.355545222481222,-292.6311245063598
1790282006,349462662,12.555450439453125,-301.02630615234375,20.355545222481222,-292.6311245063598
1790282006,449288083,12.555450439453125,-301.02630615234375,20.355545222481222,-292.6311245063598
1790282006,549273923,12.555450439453125,-301.02630615234375,20.355545222481222,-292.6311245063598
1790282006,649287782,12.555450439453125,-301.02630615234375,20.355545222481222,-292.6311245063598
1790282006,749454800,12.555450439453125,-301.02630615234375,20.355545222481222,-292.6311245063598
1790282006,849321291,12.555450439453125,-301.02630615234375,20.355545222481222,-292.6311245063598
1790282006,949278601,12.555450439453125,-301.02630615234375,20.355545222481222,-292.6311245063598
1790282007,49260531,12.555450439453125,-301.02630615234375,20.355545222481222,-292.6311245063598
1790282007,149271520,12.555450439453125,-301.02630615234375,20.355545222481222,-292.6311245063598
1790282007,249258601,12.555450439453125,-301.02630615234375,20.355545222481222,-292.6311245063598
1790282007,349313829,12.555450439453125,-301.02630615234375,20.355545222481222,-292.6311245063598
1790282007,449275458,12.555450439453125,-301.02630615234375,20.355545222481222,-292.6311245063598
1790282007,549703403,12.555450439453125,-301.02630615234375,20.355545222481222,-292.6311245063598
1790282007,649366066,12.555450439453125,-301.02630615234375,20.355545222481222,-292.6311245063598
1790282007,749407185,12.555450439453125,-301.02630615234375,20.355545222481222,-292.6311245063598
1790282007,849540704,12.555450439453125,-301.02630615234375,20.355545222481222,-292.6311245063598
1790282007,949720121,12.555450439453125,-301.02630615234375,20.355545222481222,-292.6311245063598
1790282008,49797959,12.555450439453125,-301.02630615234375,20.355545222481222,-292.6311245063598
1790282008,149430894,12.555450439453125,-301.02630615234375,20.355545222481222,-292.6311245063598
1790282008,249285286,12.555450439453125,-301.02630615234375,20.355545222481222,-292.6311245063598
1790282008,349281085,12.555450439453125,-301.02630615234375,20.355545222481222,-292.6311245063598
1790282008,449311574,12.555450439453125,-301.02630615234375,20.355545222481222,-292.6311245063598
1790282008,549306863,12.555450439453125,-301.02630615234375,20.355545222481222,-292.6311245063598
1790282008,649289724,12.555450439453125,-301.02630615234375,20.355545222481222,-292.6311245063598
1790282008,749303733,12.555450439453125,-301.02630615234375,20.355545222481222,-292.6311245063598
1790282008,849304452,12.555450439453125,-301.02630615234375,20.355545222481222,-292.6311245063598
1790282008,949307271,12.555450439453125,-301.02630615234375,20.355545222481222,-292.6311245063598
1790282009,49264741,12.555450439453125,-301.02630615234375,20.355545222481222,-292.6311245063598
1790282009,149306660,12.555450439453125,-301.02630615234375,20.355545222481222,-292.6311245063598
1790282009,249298980,12.555450439453125,-301.02630615234375,20.355545222481222,-292.6311245063598
1790282009,349662375,12.555450439453125,-301.02630615234375,20.355545222481222,-292.6311245063598
1790282009,449297359,12.555450439453125,-301.02630615234375,20.355545222481222,-292.6311245063598
1790282009,549279188,12.555450439453125,-301.02630615234375,20.355545222481222,-292.6311245063598
1790282009,649300468,12.555450439453125,-301.02630615234375,20.355545222481222,-292.6311245063598
1790282009,749277667,12.555450439453125,-301.02630615234375,20.355545222481222,-292.6311245063598
1790282009,849280567,12.555450439453125,-301.02630615234375,20.355545222481222,-292.6311245063598
1790282009,949301027,12.555450439453125,-301.02630615234375,20.355545222481222,-292.6311245063598
1790282010,49612942,12.555450439453125,-301.02630615234375,20.355545222481222,-292.6311245063598
1790282010,149307355,12.555450439453125,-301.02630615234375,20.355545222481222,-292.6311245063598
1790282010,249325085,12.555450439453125,-301.02630615234375,20.355545222481222,-292.6311245063598
1790282010,349562861,12.555450439453125,-301.02630615234375,20.355545222481222,-292.6311245063598
1790282010,449624710,12.555450439453125,-301.02630615234375,20.355545222481222,-292.6311245063598
1790282010,549276384,12.555450439453125,-301.02630615234375,20.355545222481222,-292.6311245063598
1790282010,649281404,12.555450439453125,-301.02630615234375,20.355545222481222,-292.6311245063598
1790282010,749284804,12.555450439453125,-301.02630615234375,20.355545222481222,-292.6311245063598
1790282010,849303383,12.555450439453125,-301.02630615234375,20.355545222481222,-292.6311245063598
1790282010,949542729,12.555450439453125,-301.02630615234375,20.355545222481222,-292.6311245063598
1790282011,49541298,12.555450439453125,-301.02630615234375,20.355545222481222,-292.6311245063598
1790282011,149224152,12.555450439453125,-301.02630615234375,20.355545222481222,-292.6311245063598
1790282011,249299640,12.555450439453125,-301.02630615234375,20.355545222481222,-292.6311245063598
1790282011,349315380,12.555450439453125,-301.02630615234375,20.355545222481222,-292.6311245063598
1790282011,449586336,12.555450439453125,-301.02630615234375,20.355545222481222,-292.6311245063598
1790282011,549611646,12.555450439453125,-301.02630615234375,20.355545222481222,-292.6311245063598
1790282011,649819602,12.555450439453125,-301.02630615234375,20.355545222481222,-292.6311245063598
1790282011,749265799,12.555450439453125,-301.02630615234375,20.355545222481222,-292.6311245063598
1790282011,849258940,12.555450439453125,-301.02630615234375,20.355545222481222,-292.6311245063598
1790282011,949310948,12.555450439453125,-301.02630615234375,20.355545222481222,-292.6311245063598
1790282012,49590293,12.555450439453125,-301.02630615234375,20.355545222481222,-292.6311245063598
1790282012,149274607,12.555450439453125,-301.02630615234375,20.355545222481222,-292.6311245063598
1790282012,249300176,12.555450439453125,-301.02630615234375,20.355545222481222,-292.6311245063598
1790282012,349325506,12.555450439453125,-301.02630615234375,20.355545222481222,-292.6311245063598
1790282012,449675320,12.555450439453125,-301.02630615234375,20.355545222481222,-292.6311245063598
1790282012,549575681,12.555450439453125,-301.02630615234375,20.355545222481222,-292.6311245063598
1790282012,649559111,12.555450439453125,-301.02630615234375,20.355545222481222,-292.6311245063598
1790282012,749288564,12.555450439453125,-301.02630615234375,20.355545222481222,-292.6311245063598
1790282012,849623999,12.555450439453125,-301.02630615234375,20.355545222481222,-292.6311245063598
1790282012,949506040,12.555450439453125,-301.02630615234375,20.355545222481222,-292.6311245063598
1790282013,49296673,12.555450439453125,-301.02630615234375,20.355545222481222,-292.6311245063598
1790282013,149255923,12.555450439453125,-301.02630615234375,20.355545222481222,-292.6311245063598
1790282013,249305651,12.555450439453125,-301.02630615234375,20.355545222481222,-292.6311245063598
1790282013,349281372,12.555450439453125,-301.02630615234375,20.355545222481222,-292.6311245063598
1790282013,449603176,12.555450439453125,-301.02630615234375,20.355545222481222,-292.6311245063598
1790282013,549555307,12.555450439453125,-301.02630615234375,20.355545222481222,-292.6311245063598
1790282013,649545016,12.555450439453125,-301.02630615234375,20.355545222481222,-292.6311245063598
1790282013,749336949,12.555450439453125,-301.02630615234375,20.355545222481222,-292.6311245063598
1790282013,849350218,12.555450439453125,-301.02630615234375,20.355545222481222,-292.6311245063598
1790282013,949614483,12.555450439453125,-301.02630615234375,20.355545222481222,-292.6311245063598
1790282014,49298648,12.555450439453125,-301.02630615234375,20.355545222481222,-292.6311245063598
1790282014,149266097,12.555450439453125,-301.02630615234375,20.355545222481222,-292.6311245063598
1790282014,249413305,12.555450439453125,-301.02630615234375,20.355545222481222,-292.6311245063598
1790282014,349278327,12.555450439453125,-301.02630615234375,20.355545222481222,-292.6311245063598
1790282014,449288886,12.555450439453125,-301.02630615234375,20.355545222481222,-292.6311245063598
1790282014,549270367,12.555450439453125,-301.02630615234375,20.355545222481222,-292.6311245063598
1790282014,649425303,12.555450439453125,-301.02630615234375,20.355545222481222,-292.6311245063598
1790282014,749696809,12.555450439453125,-301.02630615234375,20.355545222481222,-292.6311245063598
1790282014,849296413,12.555450439453125,-301.02630615234375,20.355545222481222,-292.6311245063598
1790282014,949286123,12.555450439453125,-301.02630615234375,20.355545222481222,-292.6311245063598
1790282015,49293913,12.555450439453125,-301.02630615234375,20.355545222481222,-292.6311245063598
1790282015,149263973,12.555450439453125,-301.02630615234375,20.355545222481222,-292.6311245063598
1790282015,249285662,12.555450439453125,-301.02630615234375,20.355545222481222,-292.6311245063598
1790282015,349708946,12.555450439453125,-301.02630615234375,20.355545222481222,-292.6311245063598
1790282015,449287761,12.555450439453125,-301.02630615234375,20.355545222481222,-292.6311245063598
1790282015,549319360,12.555450439453125,-301.02630615234375,20.355545222481222,-292.6311245063598
1790282015,649282080,12.555450439453125,-301.02630615234375,20.355545222481222,-292.6311245063598
1790282015,749280379,12.555450439453125,-301.02630615234375,20.355545222481222,-292.6311245063598
1790282015,849423267,12.555450439453125,-301.02630615234375,20.355545222481222,-292.6311245063598
1790282015,949289459,12.555450439453125,-301.02630615234375,20.355545222481222,-292.6311245063598
1790282016,49322858,12.555450439453125,-301.02630615234375,20.355545222481222,-292.6311245063598
1790282016,149306917,12.555450439453125,-301.02630615234375,20.355545222481222,-292.6311245063598
1790282016,249795320,12.555450439453125,-301.02630615234375,20.355545222481222,-292.6311245063598
1790282016,349714412,12.555450439453125,-301.02630615234375,20.355545222481222,-292.6311245063598
1790282016,449306846,12.555450439453125,-301.02630615234375,20.355545222481222,-292.6311245063598
1790282016,549585031,12.555450439453125,-301.02630615234375,20.355545222481222,-292.6311245063598
1790282016,649290006,12.555450439453125,-301.02630615234375,20.355545222481222,-292.6311245063598
1790282016,749310024,12.555450439453125,-301.02630615234375,20.355545222481222,-292.6311245063598
1790282016,849666418,12.555450439453125,-301.02630615234375,20.355545222481222,-292.6311245063598
1790282016,949321792,12.555450439453125,-301.02630615234375,20.355545222481222,-292.6311245063598
1790282017,49555359,12.555450439453125,-301.02630615234375,20.355545222481222,-292.6311245063598
1790282017,149261082,12.555450439453125,-301.02630615234375,20.355545222481222,-292.6311245063598
1790282017,249792135,12.555450439453125,-301.02630615234375,20.355545222481222,-292.6311245063598
1790282017,349356650,12.555450439453125,-301.02630615234375,20.355545222481222,-292.6311245063598
1790282017,449345839,12.555450439453125,-301.02630615234375,20.355545222481222,-292.6311245063598
1790282017,549247070,12.555450439453125,-301.02630615234375,20.355545222481222,-292.6311245063598
1790282017,649293319,12.555450439453125,-301.02630615234375,20.355545222481222,-292.6311245063598
1790282017,749589734,12.555450439453125,-301.02630615234375,20.355545222481222,-292.6311245063598
1790282017,849955519,12.555450439453125,-301.02630615234375,20.355545222481222,-292.6311245063598
1790282017,949274768,12.555450439453125,-301.02630615234375,20.355545222481222,-292.6311245063598
1790282018,49710962,12.555450439453125,-301.02630615234375,20.355545222481222,-292.6311245063598
1790282018,149302467,12.555450439453125,-301.02630615234375,20.355545222481222,-292.6311245063598
1790282018,249590614,12.555450439453125,-301.02630615234375,20.355545222481222,-292.6311245063598
1790282018,349729910,12.555450439453125,-301.02630615234375,20.355545222481222,-292.6311245063598
1790282018,449278237,12.555450439453125,-301.02630615234375,20.355545222481222,-292.6311245063598
1790282018,549638551,12.555450439453125,-301.02630615234375,20.355545222481222,-292.6311245063598
1790282018,649283625,12.555450439453125,-301.02630615234375,20.355545222481222,-292.6311245063598
1790282018,749264925,12.555450439453125,-301.02630615234375,20.355545222481222,-292.6311245063598
1790282018,849313654,12.555450439453125,-301.02630615234375,20.355545222481222,-292.6311245063598
1790282018,949679918,12.555450439453125,-301.02630615234375,20.355545222481222,-292.6311245063598
1790282019,49308414,12.555450439453125,-301.02630615234375,20.355545222481222,-292.6311245063598
1790282019,149251244,12.555450439453125,-301.02630615234375,20.355545222481222,-292.6311245063598
1790282019,249500920,12.555450439453125,-301.02630615234375,20.355545222481222,-292.6311245063598
1790282019,349743466,12.555450439453125,-301.02630615234375,20.355545222481222,-292.6311245063598
1790282019,449305432,12.555450439453125,-301.02630615234375,20.355545222481222,-292.6311245063598
1790282019,549298241,12.555450439453125,-301.02630615234375,20.355545222481222,-292.6311245063598
1790282019,649279002,12.555450439453125,-301.02630615234375,20.355545222481222,-292.6311245063598
1790282019,749426370,12.555450439453125,-301.02630615234375,20.355545222481222,-292.6311245063598
1790282019,849252831,12.555450439453125,-301.02630615234375,20.355545222481222,-292.6311245063598
1790282019,949553807,12.555450439453125,-301.02630615234375,20.355545222481222,-292.6311245063598
1790282020,49303810,12.555450439453125,-301.02630615234375,20.355545222481222,-292.6311245063598
1790282020,149263530,12.555450439453125,-301.02630615234375,20.355545222481222,-292.6311245063598
1790282020,249284069,12.555450439453125,-301.02630615234375,20.355545222481222,-292.6311245063598
1790282020,349311949,12.555450439453125,-301.02630615234375,20.355545222481222,-292.6311245063598
1790282020,449320248,12.555450439453125,-301.02630615234375,20.355545222481222,-292.6311245063598
1790282020,549503335,12.555450439453125,-301.02630615234375,20.355545222481222,-292.6311245063598
1790282020,649517994,12.555450439453125,-301.02630615234375,20.355545222481222,-292.6311245063598
1790282020,749279037,12.555450439453125,-301.02630615234375,20.355545222481222,-292.6311245063598
1790282020,849274928,12.555450439453125,-301.02630615234375,20.355545222481222,-292.6311245063598
1790282020,949666651,12.555450439453125,-301.02630615234375,20.355545222481222,-292.6311245063598
1790282021,49758950,12.555450439453125,-301.02630615234375,20.355545222481222,-292.6311245063598
1790282021,149306086,12.555450439453125,-301.02630615234375,20.355545222481222,-292.6311245063598
1790282021,249522022,12.555450439453125,-301.02630615234375,20.355545222481222,-292.6311245063598
1790282021,349526161,12.555450439453125,-301.02630615234375,20.355545222481222,-292.6311245063598
1790282021,449577841,12.555450439453125,-301.02630615234375,20.355545222481222,-292.6311245063598
1790282021,549788947,12.555450439453125,-301.02630615234375,20.355545222481222,-292.6311245063598
1790282021,649298104,12.555450439453125,-301.02630615234375,20.355545222481222,-292.6311245063598
1790282021,749790847,12.555450439453125,-301.02630615234375,20.355545222481222,-292.6311245063598
1790282021,849317453,12.555450439453125,-301.02630615234375,20.355545222481222,-292.6311245063598
1790282021,949286733,12.555450439453125,-301.02630615234375,20.355545222481222,-292.6311245063598
1790282022,49725636,12.555450439453125,-301.02630615234375,20.355545222481222,-292.6311245063598
1790282022,149278342,12.555450439453125,-301.02630615234375,20.355545222481222,-292.6311245063598
1790282022,249674066,12.555450439453125,-301.02630615234375,20.355545222481222,-292.6311245063598
1790282022,349301191,12.555450439453125,-301.02630615234375,20.355545222481222,-292.6311245063598
1790282022,449623266,12.555450439453125,-301.02630615234375,20.355545222481222,-292.6311245063598
1790282022,549278690,12.555450439453125,-301.02630615234375,20.355545222481222,-292.6311245063598
1790282022,649578726,12.555450439453125,-301.02630615234375,20.355545222481222,-292.6311245063598
1790282022,749357228,12.555450439453125,-301.02630615234375,20.355545222481222,-292.6311245063598
1790282022,849432466,12.555450439453125,-301.02630615234375,20.355545222481222,-292.6311245063598
1790282022,949359457,12.555450439453125,-301.02630615234375,20.355545222481222,-292.6311245063598
1790282023,49724991,12.555450439453125,-301.02630615234375,20.355545222481222,-292.6311245063598
1790282023,149349466,12.555450439453125,-301.02630615234375,20.355545222481222,-292.6311245063598
1790282023,249780610,12.555450439453125,-301.02630615234375,20.355545222481222,-292.6311245063598
1790282023,349654902,12.555450439453125,-301.02630615234375,20.355545222481222,-292.6311245063598
1790282023,449425874,12.555450439453125,-301.02630615234375,20.355545222481222,-292.6311245063598
1790282023,549690021,12.555450439453125,-301.02630615234375,20.355545222481222,-292.6311245063598
1790282023,649852218,12.555450439453125,-301.02630615234375,20.355545222481222,-292.6311245063598
1790282023,749448773,12.555450439453125,-301.02630615234375,20.355545222481222,-292.6311245063598
1790282023,849455602,12.555450439453125,-301.02630615234375,20.355545222481222,-292.6311245063598
1790282023,949315544,12.555450439453125,-301.02630615234375,20.355545222481222,-292.6311245063598
1790282024,49303693,12.555450439453125,-301.02630615234375,20.355545222481222,-292.6311245063598
1790282024,149304693,12.555450439453125,-301.02630615234375,20.355545222481222,-292.6311245063598
1790282024,249301073,12.555450439453125,-301.02630615234375,20.355545222481222,-292.6311245063598
1790282024,349347983,12.555450439453125,-301.02630615234375,20.355545222481222,-292.6311245063598
1790282024,449278743,12.555450439453125,-301.02630615234375,20.355545222481222,-292.6311245063598
1790282024,549295842,12.555450439453125,-301.02630615234375,20.355545222481222,-292.6311245063598
1790282024,649768735,12.555450439453125,-301.02630615234375,20.355545222481222,-292.6311245063598
1790282024,749719545,12.555450439453125,-301.02630615234375,20.355545222481222,-292.6311245063598
1790282024,849640696,12.555450439453125,-301.02630615234375,20.355545222481222,-292.6311245063598
1790282024,949561547,12.555450439453125,-301.02630615234375,20.355545222481222,-292.6311245063598
1790282025,49303339,12.555450439453125,-301.02630615234375,20.355545222481222,-292.6311245063598
1790282025,149284969,12.555450439453125,-301.02630615234375,20.355545222481222,-292.6311245063598
1790282025,249561025,12.555450439453125,-301.02630615234375,20.355545222481222,-292.6311245063598
1790282025,349583184,12.555450439453125,-301.02630615234375,20.355545222481222,-292.6311245063598
1790282025,449451755,12.555450439453125,-301.02630615234375,20.355545222481222,-292.6311245063598
1790282025,549291327,12.555450439453125,-301.02630615234375,20.355545222481222,-292.6311245063598
1790282025,649794889,12.555450439453125,-301.02630615234375,20.355545222481222,-292.6311245063598
1790282025,749866468,12.555450439453125,-301.02630615234375,20.355545222481222,-292.6311245063598
1790282025,849862037,12.555450439453125,-301.02630615234375,20.355545222481222,-292.6311245063598
1790282025,949673210,12.555450439453125,-301.02630615234375,20.355545222481222,-292.6311245063598
1790282026,49401992,12.555450439453125,-301.02630615234375,20.355545222481222,-292.6311245063598
1790282026,149422851,12.555450439453125,-301.02630615234375,20.355545222481222,-292.6311245063598
1790282026,249431361,12.555450439453125,-301.02630615234375,20.355545222481222,-292.6311245063598
1790282026,349801216,12.555450439453125,-301.02630615234375,20.355545222481222,-292.6311245063598
1790282026,449358391,12.555450439453125,-301.02630615234375,20.355545222481222,-292.6311245063598
1790282026,549680837,12.555450439453125,-301.02630615234375,20.355545222481222,-292.6311245063598
1790282026,649383161,12.555450439453125,-301.02630615234375,20.355545222481222,-292.6311245063598
1790282026,749678416,12.555450439453125,-301.02630615234375,20.355545222481222,-292.6311245063598
1790282026,849473119,12.555450439453125,-301.02630615234375,20.355545222481222,-292.6311245063598
1790282026,949467418,12.555450439453125,-301.02630615234375,20.355545222481222,-292.6311245063598
1790282027,49839172,12.555450439453125,-301.02630615234375,20.355545222481222,-292.6311245063598
1790282027,149385609,12.555450439453125,-301.02630615234375,20.355545222481222,-292.6311245063598
1790282027,249572946,12.555450439453125,-301.02630615234375,20.355545222481222,-292.6311245063598
1790282027,349472126,12.555450439453125,-301.02630615234375,20.355545222481222,-292.6311245063598
1790282027,449701602,12.555450439453125,-301.02630615234375,20.355545222481222,-292.6311245063598
1790282027,550004297,12.555450439453125,-301.02630615234375,20.355545222481222,-292.6311245063598
1790282027,649460724,12.555450439453125,-301.02630615234375,20.355545222481222,-292.6311245063598
1790282027,749423384,12.555450439453125,-301.02630615234375,20.355545222481222,-292.6311245063598
1790282027,849447563,12.555450439453125,-301.02630615234375,20.355545222481222,-292.6311245063598
1790282027,949653940,12.555450439453125,-301.02630615234375,20.355545222481222,-292.6311245063598
1790282028,49762508,12.555450439453125,-301.02630615234375,20.355545222481222,-292.6311245063598
1790282028,149408823,12.555450439453125,-301.02630615234375,20.355545222481222,-292.6311245063598
1790282028,249454911,12.555450439453125,-301.02630615234375,20.355545222481222,-292.6311245063598
1790282028,349459781,12.555450439453125,-301.02630615234375,20.355545222481222,-292.6311245063598
1790282028,449819876,12.555450439453125,-301.02630615234375,20.355545222481222,-292.6311245063598
1790282028,549944423,12.555450439453125,-301.02630615234375,20.355545222481222,-292.6311245063598
1790282028,649828984,12.555450439453125,-301.02630615234375,20.355545222481222,-292.6311245063598
1790282028,749413269,12.555450439453125,-301.02630615234375,20.355545222481222,-292.6311245063598
1790282028,849445238,12.555450439453125,-301.02630615234375,20.355545222481222,-292.6311245063598
1790282028,949772313,12.555450439453125,-301.02630615234375,20.355545222481222,-292.6311245063598
1790282029,49750314,12.555450439453125,-301.02630615234375,20.355545222481222,-292.6311245063598
1790282029,149337868,12.555450439453125,-301.02630615234375,20.355545222481222,-292.6311245063598
1790282029,249429126,12.555450439453125,-301.02630615234375,20.355545222481222,-292.6311245063598
1790282029,349402036,12.555450439453125,-301.02630615234375,20.355545222481222,-292.6311245063598
1790282029,449657241,12.555450439453125,-301.02630615234375,20.355545222481222,-292.6311245063598
1790282029,549457684,12.555450439453125,-301.02630615234375,20.355545222481222,-292.6311245063598
1790282029,649837108,12.555450439453125,-301.02630615234375,20.355545222481222,-292.6311245063598
1790282029,749823308,12.555450439453125,-301.02630615234375,20.355545222481222,-292.6311245063598
1790282029,849397193,12.555450439453125,-301.02630615234375,20.355545222481222,-292.6311245063598
1790282029,949442422,12.555450439453125,-301.02630615234375,20.355545222481222,-292.6311245063598
1790282030,49430202,12.555450439453125,-301.02630615234375,20.355545222481222,-292.6311245063598
1790282030,149404041,12.555450439453125,-301.02630615234375,20.355545222481222,-292.6311245063598
1790282030,249305943,12.555450439453125,-301.02630615234375,20.355545222481222,-292.6311245063598
1790282030,349306762,12.555450439453125,-301.02630615234375,20.355545222481222,-292.6311245063598
1790282030,449566988,12.555450439453125,-301.02630615234375,20.355545222481222,-292.6311245063598
1790282030,549296091,12.555450439453125,-301.02630615234375,20.355545222481222,-292.6311245063598
1790282030,649287372,12.555450439453125,-301.02630615234375,20.355545222481222,-292.6311245063598
1790282030,749623466,12.555450439453125,-301.02630615234375,20.355545222481222,-292.6311245063598
1790282030,849378248,12.555450439453125,-301.02630615234375,20.355545222481222,-292.6311245063598
1790282030,949469836,12.555450439453125,-301.02630615234375,20.355545222481222,-292.6311245063598
1790282031,49782982,12.555450439453125,-301.02630615234375,20.355545222481222,-292.6311245063598
1790282031,149406506,12.555450439453125,-301.02630615234375,20.355545222481222,-292.6311245063598
1790282031,249468614,12.555450439453125,-301.02630615234375,20.355545222481222,-292.6311245063598
1790282031,349462314,12.555450439453125,-301.02630615234375,20.355545222481222,-292.6311245063598
1790282031,449824968,12.555450439453125,-301.02630615234375,20.355545222481222,-292.6311245063598
1790282031,549713879,12.555450439453125,-301.02630615234375,20.355545222481222,-292.6311245063598
1790282031,649461942,12.555450439453125,-301.02630615234375,20.355545222481222,-292.6311245063598
1790282031,749875416,12.555450439453125,-301.02630615234375,20.355545222481222,-292.6311245063598
1790282031,849668658,12.555450439453125,-301.02630615234375,20.355545222481222,-292.6311245063598
1790282031,949418011,12.555450439453125,-301.02630615234375,20.355545222481222,-292.6311245063598
1790282032,49476669,12.555450439453125,-301.02630615234375,20.355545222481222,-292.6311245063598
1790282032,149433969,12.555450439453125,-301.02630615234375,20.355545222481222,-292.6311245063598
1790282032,249829123,12.555450439453125,-301.02630615234375,20.355545222481222,-292.6311245063598
1790282032,349864653,12.555450439453125,-301.02630615234375,20.355545222481222,-292.6311245063598
1790282032,449428818,12.555450439453125,-301.02630615234375,20.355545222481222,-292.6311245063598
1790282032,549674504,12.555450439453125,-301.02630615234375,20.355545222481222,-292.6311245063598
1790282032,649734982,12.555450439453125,-301.02630615234375,20.355545222481222,-292.6311245063598
1790282032,749797891,12.555450439453125,-301.02630615234375,20.355545222481222,-292.6311245063598
1790282032,849697101,12.555450439453125,-301.02630615234375,20.355545222481222,-292.6311245063598
1790282032,949740360,12.555450439453125,-301.02630615234375,20.355545222481222,-292.6311245063598
1790282033,49414224,12.555450439453125,-301.02630615234375,20.355545222481222,-292.6311245063598
1790282033,149425623,12.555450439453125,-301.02630615234375,20.355545222481222,-292.6311245063598
1790282033,249857046,12.555450439453125,-301.02630615234375,20.355545222481222,-292.6311245063598
1790282033,349814166,12.555450439453125,-301.02630615234375,20.355545222481222,-292.6311245063598
1790282033,449811047,12.555450439453125,-301.02630615234375,20.355545222481222,-292.6311245063598
1790282033,549409311,12.555450439453125,-301.02630615234375,20.355545222481222,-292.6311245063598
1790282033,649366022,12.555450439453125,-301.02630615234375,20.355545222481222,-292.6311245063598
1790282033,749460229,12.555450439453125,-301.02630615234375,20.355545222481222,-292.6311245063598
1790282033,849901763,12.555450439453125,-301.02630615234375,20.355545222481222,-292.6311245063598
1790282033,949260542,12.555450439453125,-301.02630615234375,20.355545222481222,-292.6311245063598
1790282034,49429098,12.555450439453125,-301.02630615234375,20.355545222481222,-292.6311245063598
1790282034,149447637,12.555450439453125,-301.02630615234375,20.355545222481222,-292.6311245063598
1790282034,249470547,12.555450439453125,-301.02630615234375,20.355545222481222,-292.6311245063598
1790282034,349446877,12.555450439453125,-301.02630615234375,20.355545222481222,-292.6311245063598
1790282034,449459386,12.555450439453125,-301.02630615234375,20.355545222481222,-292.6311245063598
1790282034,549873969,12.555450439453125,-301.02630615234375,20.355545222481222,-292.6311245063598
1790282034,649414075,12.555450439453125,-301.02630615234375,20.355545222481222,-292.6311245063598
1790282034,749723420,12.555450439453125,-301.02630615234375,20.355545222481222,-292.6311245063598
1790282034,849523473,12.555450439453125,-301.02630615234375,20.355545222481222,-292.6311245063598
1790282034,949309525,12.555450439453125,-301.02630615234375,20.355545222481222,-292.6311245063598
1790282035,49604502,12.555450439453125,-301.02630615234375,20.355545222481222,-292.6311245063598
1790282035,149275785,12.555450439453125,-301.02630615234375,20.355545222481222,-292.6311245063598
1790282035,249985465,12.555450439453125,-301.02630615234375,20.355545222481222,-292.6311245063598
1790282035,349663968,12.555450439453125,-301.02630615234375,20.355545222481222,-292.6311245063598
1790282035,449290552,12.555450439453125,-301.02630615234375,20.355545222481222,-292.6311245063598
1790282035,549559008,12.555450439453125,-301.02630615234375,20.355545222481222,-292.6311245063598
1790282035,649255741,12.555450439453125,-301.02630615234375,20.355545222481222,-292.6311245063598
1790282035,749302851,12.555450439453125,-301.02630615234375,20.355545222481222,-292.6311245063598
1790282035,849278870,12.555450439453125,-301.02630615234375,20.355545222481222,-292.6311245063598
1790282035,949294040,12.555450439453125,-301.02630615234375,20.355545222481222,-292.6311245063598
1790282036,49694793,12.555450439453125,-301.02630615234375,20.355545222481222,-292.6311245063598
1790282036,149283468,12.555450439453125,-301.02630615234375,20.355545222481222,-292.6311245063598
1790282036,250115146,12.555450439453125,-301.02630615234375,20.355545222481222,-292.6311245063598
1790282036,349694592,12.555450439453125,-301.02630615234375,20.355545222481222,-292.6311245063598
1790282036,449604483,12.555450439453125,-301.02630615234375,20.355545222481222,-292.6311245063598
1790282036,549653251,12.555450439453125,-301.02630615234375,20.355545222481222,-292.6311245063598
1790282036,649673471,12.555450439453125,-301.02630615234375,20.355545222481222,-292.6311245063598
1790282036,749385924,12.555450439453125,-301.02630615234375,20.355545222481222,-292.6311245063598
1790282036,850147793,12.555450439453125,-301.02630615234375,20.355545222481222,-292.6311245063598
1790282036,949315444,12.555450439453125,-301.02630615234375,20.355545222481222,-292.6311245063598
1790282037,49320162,12.555450439453125,-301.02630615234375,20.355545222481222,-292.6311245063598
1790282037,149259933,12.555450439453125,-301.02630615234375,20.355545222481222,-292.6311245063598
1790282037,249304712,12.555450439453125,-301.02630615234375,20.355545222481222,-292.6311245063598
1790282037,349578597,12.555450439453125,-301.02630615234375,20.355545222481222,-292.6311245063598
1790282037,449557707,12.555450439453125,-301.02630615234375,20.355545222481222,-292.6311245063598
1790282037,549735244,12.555450439453125,-301.02630615234375,20.355545222481222,-292.6311245063598
1790282037,649775042,12.555450439453125,-301.02630615234375,20.355545222481222,-292.6311245063598
1790282037,749286329,12.555450439453125,-301.02630615234375,20.355545222481222,-292.6311245063598
1790282037,849315708,12.555450439453125,-301.02630615234375,20.355545222481222,-292.6311245063598
1790282037,949309687,12.555450439453125,-301.02630615234375,20.355545222481222,-292.6311245063598
1790282038,49321856,12.555450439453125,-301.02630615234375,20.355545222481222,-292.6311245063598
1790282038,149297716,12.555450439453125,-301.02630615234375,20.355545222481222,-292.6311245063598
1790282038,249279616,12.555450439453125,-301.02630615234375,20.355545222481222,-292.6311245063598
1790282038,349284425,12.555450439453125,-301.02630615234375,20.355545222481222,-292.6311245063598
1790282038,449555092,12.555450439453125,-301.02630615234375,20.355545222481222,-292.6311245063598
1790282038,549317245,12.555450439453125,-301.02630615234375,20.355545222481222,-292.6311245063598
1790282038,649681009,12.555450439453125,-301.02630615234375,20.355545222481222,-292.6311245063598
1790282038,749320863,12.555450439453125,-301.02630615234375,20.355545222481222,-292.6311245063598
1790282038,849282893,12.555450439453125,-301.02630615234375,20.355545222481222,-292.6311245063598
1790282038,949277882,12.555450439453125,-301.02630615234375,20.355545222481222,-292.6311245063598
1790282039,49305912,12.555450439453125,-301.02630615234375,20.355545222481222,-292.6311245063598
1790282039,149298651,12.555450439453125,-301.02630615234375,20.355545222481222,-292.6311245063598
1790282039,249302501,12.555450439453125,-301.02630615234375,20.355545222481222,-292.6311245063598
1790282039,349270841,12.555450439453125,-301.02630615234375,20.355545222481222,-292.6311245063598
1790282039,449261301,12.555450439453125,-301.02630615234375,20.355545222481222,-292.6311245063598
1790282039,549289370,12.555450439453125,-301.02630615234375,20.355545222481222,-292.6311245063598
1790282039,649267799,12.555450439453125,-301.02630615234375,20.355545222481222,-292.6311245063598
1790282039,749682043,12.555450439453125,-301.02630615234375,20.355545222481222,-292.6311245063598
1790282039,849276588,12.555450439453125,-301.02630615234375,20.355545222481222,-292.6311245063598
1790282039,949257588,12.555450439453125,-301.02630615234375,20.355545222481222,-292.6311245063598
1790282040,49281037,12.555450439453125,-301.02630615234375,20.355545222481222,-292.6311245063598
1790282040,149289246,12.555450439453125,-301.02630615234375,20.355545222481222,-292.6311245063598
1790282040,249397064,12.555450439453125,-301.02630615234375,20.355545222481222,-292.6311245063598
1790282040,349269205,12.555450439453125,-301.02630615234375,20.355545222481222,-292.6311245063598
1790282040,449248125,12.555450439453125,-301.02630615234375,20.355545222481222,-292.6311245063598
1790282040,549262585,12.555450439453125,-301.02630615234375,20.355545222481222,-292.6311245063598
1790282040,649299444,12.555450439453125,-301.02630615234375,20.355545222481222,-292.6311245063598
1790282040,749259413,12.555450439453125,-301.02630615234375,20.355545222481222,-292.6311245063598
1790282040,849277422,12.555450439453125,-301.02630615234375,20.355545222481222,-292.6311245063598
1790282040,949279711,12.555450439453125,-301.02630615234375,20.355545222481222,-292.6311245063598
1790282041,49281721,12.555450439453125,-301.02630615234375,20.355545222481222,-292.6311245063598
1790282041,149286980,12.555450439453125,-301.02630615234375,20.355545222481222,-292.6311245063598
1790282041,249306789,12.555450439453125,-301.02630615234375,20.355545222481222,-292.6311245063598
1790282041,349287509,12.555450439453125,-301.02630615234375,20.355545222481222,-292.6311245063598
1790282041,449694082,12.555450439453125,-301.02630615234375,20.355545222481222,-292.6311245063598
1790282041,549279158,12.555450439453125,-301.02630615234375,20.355545222481222,-292.6311245063598
1790282041,649277937,12.555450439453125,-301.02630615234375,20.355545222481222,-292.6311245063598
1790282041,749843759,12.555450439453125,-301.02630615234375,20.355545222481222,-292.6311245063598
1790282041,849323856,12.555450439453125,-301.02630615234375,20.355545222481222,-292.6311245063598
1790282041,949332725,12.555450439453125,-301.02630615234375,20.355545222481222,-292.6311245063598
1790282042,49248626,12.555450439453125,-301.02630615234375,20.355545222481222,-292.6311245063598
1790282042,149282245,12.555450439453125,-301.02630615234375,20.355545222481222,-292.6311245063598
1790282042,249314494,12.555450439453125,-301.02630615234375,20.355545222481222,-292.6311245063598
1790282042,349555090,12.555450439453125,-301.02630615234375,20.355545222481222,-292.6311245063598
1790282042,449640828,12.555450439453125,-301.02630615234375,20.355545222481222,-292.6311245063598
1790282042,549299942,12.555450439453125,-301.02630615234375,20.355545222481222,-292.6311245063598
1790282042,649238392,12.555450439453125,-301.02630615234375,20.355545222481222,-292.6311245063598
1790282042,749299531,12.555450439453125,-301.02630615234375,20.355545222481222,-292.6311245063598
1790282042,849301310,12.555450439453125,-301.02630615234375,20.355545222481222,-292.6311245063598
1790282042,949411978,12.555450439453125,-301.02630615234375,20.355545222481222,-292.6311245063598
1790282043,49326169,12.555450439453125,-301.02630615234375,20.355545222481222,-292.6311245063598
1790282043,149279179,12.555450439453125,-301.02630615234375,20.355545222481222,-292.6311245063598
1790282043,249259749,12.555450439453125,-301.02630615234375,20.355545222481222,-292.6311245063598
1790282043,349333337,12.555450439453125,-301.02630615234375,20.355545222481222,-292.6311245063598
1790282043,449299797,12.555450439453125,-301.02630615234375,20.355545222481222,-292.6311245063598
1790282043,549801331,12.555450439453125,-301.02630615234375,20.355545222481222,-292.6311245063598
1790282043,649274646,12.555450439453125,-301.02630615234375,20.355545222481222,-292.6311245063598
1790282043,749766520,12.555450439453125,-301.02630615234375,20.355545222481222,-292.6311245063598
1790282043,849980946,12.555450439453125,-301.02630615234375,20.355545222481222,-292.6311245063598
1790282043,949357694,12.555450439453125,-301.02630615234375,20.355545222481222,-292.6311245063598
1790282044,49901197,12.555450439453125,-301.02630615234375,20.355545222481222,-292.6311245063598
1790282044,149263044,12.555450439453125,-301.02630615234375,20.355545222481222,-292.6311245063598
1790282044,249876315,12.555450439453125,-301.02630615234375,20.355545222481222,-292.6311245063598
1790282044,349337072,12.555450439453125,-301.02630615234375,20.355545222481222,-292.6311245063598
1790282044,449915404,12.555450439453125,-301.02630615234375,20.355545222481222,-292.6311245063598
1790282044,549978903,12.555450439453125,-301.02630615234375,20.355545222481222,-292.6311245063598
1790282044,649325191,12.555450439453125,-301.02630615234375,20.355545222481222,-292.6311245063598
1790282044,749277861,12.555450439453125,-301.02630615234375,20.355545222481222,-292.6311245063598
1790282044,849323430,12.555450439453125,-301.02630615234375,20.355545222481222,-292.6311245063598
1790282044,949282710,12.555450439453125,-301.02630615234375,20.355545222481222,-292.6311245063598
1790282045,49867251,12.555450439453125,-301.02630615234375,20.355545222481222,-292.6311245063598
1790282045,149277879,12.555450439453125,-301.02630615234375,20.355545222481222,-292.6311245063598
1790282045,249279168,12.555450439453125,-301.02630615234375,20.355545222481222,-292.6311245063598
1790282045,349713252,12.555450439453125,-301.02630615234375,20.355545222481222,-292.6311245063598
1790282045,449931248,12.555450439453125,-301.02630615234375,20.355545222481222,-292.6311245063598
1790282045,549722011,12.555450439453125,-301.02630615234375,20.355545222481222,-292.6311245063598
1790282045,649835179,12.555450439453125,-301.02630615234375,20.355545222481222,-292.6311245063598
1790282045,749908687,12.555450439453125,-301.02630615234375,20.355545222481222,-292.6311245063598
1790282045,849712440,12.555450439453125,-301.02630615234375,20.355545222481222,-292.6311245063598
1790282045,949842347,12.555450439453125,-301.02630615234375,20.355545222481222,-292.6311245063598
1790282046,49594091,12.555450439453125,-301.02630615234375,20.355545222481222,-292.6311245063598
1790282046,149340993,12.555450439453125,-301.02630615234375,20.355545222481222,-292.6311245063598
1790282046,249767167,12.555450439453125,-301.02630615234375,20.355545222481222,-292.6311245063598
1790282046,349291293,12.555450439453125,-301.02630615234375,20.355545222481222,-292.6311245063598
1790282046,449622498,12.555450439453125,-301.02630615234375,20.355545222481222,-292.6311245063598
1790282046,549751926,12.555450439453125,-301.02630615234375,20.355545222481222,-292.6311245063598
1790282046,649304421,12.555450439453125,-301.02630615234375,20.355545222481222,-292.6311245063598
1790282046,749325050,12.555450439453125,-301.02630615234375,20.355545222481222,-292.6311245063598
1790282046,849299360,12.555450439453125,-301.02630615234375,20.355545222481222,-292.6311245063598
1790282046,949326579,12.555450439453125,-301.02630615234375,20.355545222481222,-292.6311245063598
1790282047,49302389,12.555450439453125,-301.02630615234375,20.355545222481222,-292.6311245063598
1790282047,149293989,12.555450439453125,-301.02630615234375,20.355545222481222,-292.6311245063598
1790282047,249319838,12.555450439453125,-301.02630615234375,20.355545222481222,-292.6311245063598
1790282047,349328777,12.555450439453125,-301.02630615234375,20.355545222481222,-292.6311245063598
1790282047,449838349,12.555450439453125,-301.02630615234375,20.355545222481222,-292.6311245063598
1790282047,549301567,12.555450439453125,-301.02630615234375,20.355545222481222,-292.6311245063598
1790282047,649840958,12.555450439453125,-301.02630615234375,20.355545222481222,-292.6311245063598
1790282047,749324645,12.555450439453125,-301.02630615234375,20.355545222481222,-292.6311245063598
1790282047,849324445,12.555450439453125,-301.02630615234375,20.355545222481222,-292.6311245063598
1790282047,949307914,12.555450439453125,-301.02630615234375,20.355545222481222,-292.6311245063598
1790282048,49315794,12.555450439453125,-301.02630615234375,20.355545222481222,-292.6311245063598
1790282048,149273134,12.555450439453125,-301.02630615234375,20.355545222481222,-292.6311245063598
1790282048,249311843,12.555450439453125,-301.02630615234375,20.355545222481222,-292.6311245063598
1790282048,349404942,12.555450439453125,-301.02630615234375,20.355545222481222,-292.6311245063598
1790282048,449309592,12.555450439453125,-301.02630615234375,20.355545222481222,-292.6311245063598
1790282048,549349121,12.555450439453125,-301.02630615234375,20.355545222481222,-292.6311245063598
1790282048,649308682,12.555450439453125,-301.02630615234375,20.355545222481222,-292.6311245063598
1790282048,749311581,12.555450439453125,-301.02630615234375,20.355545222481222,-292.6311245063598
1790282048,849317100,12.555450439453125,-301.02630615234375,20.355545222481222,-292.6311245063598
1790282048,949310830,12.555450439453125,-301.02630615234375,20.355545222481222,-292.6311245063598
1790282049,49466107,12.555450439453125,-301.02630615234375,20.355545222481222,-292.6311245063598
1790282049,149288139,12.555450439453125,-301.02630615234375,20.355545222481222,-292.6311245063598
1790282049,249311708,12.555450439453125,-301.02630615234375,20.355545222481222,-292.6311245063598
1790282049,349573384,12.555450439453125,-301.02630615234375,20.355545222481222,-292.6311245063598
1790282049,449569444,12.555450439453125,-301.02630615234375,20.355545222481222,-292.6311245063598
1790282049,549684241,12.555450439453125,-301.02630615234375,20.355545222481222,-292.6311245063598
1790282049,649564902,12.555450439453125,-301.02630615234375,20.355545222481222,-292.6311245063598
1790282049,749759809,12.555450439453125,-301.02630615234375,20.355545222481222,-292.6311245063598
1790282049,849567572,12.555450439453125,-301.02630615234375,20.355545222481222,-292.6311245063598
1790282049,949571881,12.555450439453125,-301.02630615234375,20.355545222481222,-292.6311245063598
1790282050,49303195,12.555450439453125,-301.02630615234375,20.355545222481222,-292.6311245063598
1790282050,149289044,12.555450439453125,-301.02630615234375,20.355545222481222,-292.6311245063598
1790282050,249315124,12.555450439453125,-301.02630615234375,20.355545222481222,-292.6311245063598
1790282050,349454901,12.555450439453125,-301.02630615234375,20.355545222481222,-292.6311245063598
1790282050,449337412,12.555450439453125,-301.02630615234375,20.355545222481222,-292.6311245063598
1790282050,549337092,12.555450439453125,-301.02630615234375,20.355545222481222,-292.6311245063598
1790282050,649587337,12.555450439453125,-301.02630615234375,20.355545222481222,-292.6311245063598
1790282050,749742825,12.555450439453125,-301.02630615234375,20.355545222481222,-292.6311245063598
1790282050,849562367,12.555450439453125,-301.02630615234375,20.355545222481222,-292.6311245063598
1790282050,949576596,12.555450439453125,-301.02630615234375,20.355545222481222,-292.6311245063598
1790282051,49333529,12.555450439453125,-301.02630615234375,20.355545222481222,-292.6311245063598
1790282051,149285010,12.555450439453125,-301.02630615234375,20.355545222481222,-292.6311245063598
1790282051,249324468,12.555450439453125,-301.02630615234375,20.355545222481222,-292.6311245063598
1790282051,349573345,12.555450439453125,-301.02630615234375,20.355545222481222,-292.6311245063598
1790282051,449560914,12.555450439453125,-301.02630615234375,20.355545222481222,-292.6311245063598
1790282051,549568004,12.555450439453125,-301.02630615234375,20.355545222481222,-292.6311245063598
1790282051,649300547,12.555450439453125,-301.02630615234375,20.355545222481222,-292.6311245063598
1790282051,749328376,12.555450439453125,-301.02630615234375,20.355545222481222,-292.6311245063598
1790282051,849740920,12.555450439453125,-301.02630615234375,20.355545222481222,-292.6311245063598
1790282051,949715790,12.555450439453125,-301.02630615234375,20.355545222481222,-292.6311245063598
1790282052,49497072,12.555450439453125,-301.02630615234375,20.355545222481222,-292.6311245063598
1790282052,149296445,12.555450439453125,-301.02630615234375,20.355545222481222,-292.6311245063598
1790282052,249812728,12.555450439453125,-301.02630615234375,20.355545222481222,-292.6311245063598
1790282052,349688079,12.555450439453125,-301.02630615234375,20.355545222481222,-292.6311245063598
1790282052,449321943,12.555450439453125,-301.02630615234375,20.355545222481222,-292.6311245063598
1790282052,549738437,12.555450439453125,-301.02630615234375,20.355545222481222,-292.6311245063598
1790282052,649298223,12.555450439453125,-301.02630615234375,20.355545222481222,-292.6311245063598
1790282052,749848755,12.555450439453125,-301.02630615234375,20.355545222481222,-292.6311245063598
1790282052,849729077,12.555450439453125,-301.02630615234375,20.355545222481222,-292.6311245063598
1790282052,949558808,12.555450439453125,-301.02630615234375,20.355545222481222,-292.6311245063598
1790282053,49779414,12.555450439453125,-301.02630615234375,20.355545222481222,-292.6311245063598
1790282053,149282491,12.555450439453125,-301.02630615234375,20.355545222481222,-292.6311245063598
1790282053,249301220,12.555450439453125,-301.02630615234375,20.355545222481222,-292.6311245063598
1790282053,349326629,12.555450439453125,-301.02630615234375,20.355545222481222,-292.6311245063598
1790282053,449746023,12.555450439453125,-301.02630615234375,20.355545222481222,-292.6311245063598
1790282053,549562106,12.555450439453125,-301.02630615234375,20.355545222481222,-292.6311245063598
1790282053,649761201,12.555450439453125,-301.02630615234375,20.355545222481222,-292.6311245063598
1790282053,749286907,12.555450439453125,-301.02630615234375,20.355545222481222,-292.6311245063598
1790282053,849744840,12.555450439453125,-301.02630615234375,20.355545222481222,-292.6311245063598
1790282053,949346396,12.555450439453125,-301.02630615234375,20.355545222481222,-292.6311245063598
1790282054,49613231,12.555450439453125,-301.02630615234375,20.355545222481222,-292.6311245063598
1790282054,149303535,12.555450439453125,-301.02630615234375,20.355545222481222,-292.6311245063598
1790282054,249561671,12.555450439453125,-301.02630615234375,20.355545222481222,-292.6311245063598
1790282054,349637850,12.555450439453125,-301.02630615234375,20.355545222481222,-292.6311245063598
1790282054,449549230,12.555450439453125,-301.02630615234375,20.355545222481222,-292.6311245063598
1790282054,549303713,12.555450439453125,-301.02630615234375,20.355545222481222,-292.6311245063598
1790282054,649636887,12.555450439453125,-301.02630615234375,20.355545222481222,-292.6311245063598
1790282054,749328801,12.555450439453125,-301.02630615234375,20.355545222481222,-292.6311245063598
1790282054,849296401,12.555450439453125,-301.02630615234375,20.355545222481222,-292.6311245063598
1790282054,949757044,12.555450439453125,-301.02630615234375,20.355545222481222,-292.6311245063598
1790282055,49840122,12.555450439453125,-301.02630615234375,20.355545222481222,-292.6311245063598
1790282055,149283240,12.555450439453125,-301.02630615234375,20.355545222481222,-292.6311245063598
1790282055,249778542,12.555450439453125,-301.02630615234375,20.355545222481222,-292.6311245063598
1790282055,349298739,12.555450439453125,-301.02630615234375,20.355545222481222,-292.6311245063598
1790282055,449322028,12.555450439453125,-301.02630615234375,20.355545222481222,-292.6311245063598
1790282055,549797071,12.555450439453125,-301.02630615234375,20.355545222481222,-292.6311245063598
1790282055,649560564,12.555450439453125,-301.02630615234375,20.355545222481222,-292.6311245063598
1790282055,749340097,12.555450439453125,-301.02630615234375,20.355545222481222,-292.6311245063598
1790282055,849671563,12.555450439453125,-301.02630615234375,20.355545222481222,-292.6311245063598
1790282055,949660932,12.555450439453125,-301.02630615234375,20.355545222481222,-292.6311245063598
1790282056,49564022,12.555450439453125,-301.02630615234375,20.355545222481222,-292.6311245063598
1790282056,149310755,12.555450439453125,-301.02630615234375,20.355545222481222,-292.6311245063598
1790282056,249559731,12.555450439453125,-301.02630615234375,20.355545222481222,-292.6311245063598
1790282056,349569761,12.555450439453125,-301.02630615234375,20.355545222481222,-292.6311245063598
1790282056,449308813,12.555450439453125,-301.02630615234375,20.355545222481222,-292.6311245063598
1790282056,549351712,12.555450439453125,-301.02630615234375,20.355545222481222,-292.6311245063598
1790282056,649306282,12.555450439453125,-301.02630615234375,20.355545222481222,-292.6311245063598
1790282056,749838264,12.555450439453125,-301.02630615234375,20.355545222481222,-292.6311245063598
1790282056,849558298,12.555450439453125,-301.02630615234375,20.355545222481222,-292.6311245063598
1790282056,949288781,12.555450439453125,-301.02630615234375,20.355545222481222,-292.6311245063598
1790282057,49888323,12.555450439453125,-301.02630615234375,20.355545222481222,-292.6311245063598
1790282057,149276971,12.555450439453125,-301.02630615234375,20.355545222481222,-292.6311245063598
1790282057,249311800,12.555450439453125,-301.02630615234375,20.355545222481222,-292.6311245063598
1790282057,349322150,12.555450439453125,-301.02630615234375,20.355545222481222,-292.6311245063598
1790282057,449324609,12.555450439453125,-301.02630615234375,20.355545222481222,-292.6311245063598
1790282057,549468726,12.555450439453125,-301.02630615234375,20.355545222481222,-292.6311245063598
1790282057,649818101,12.555450439453125,-301.02630615234375,20.355545222481222,-292.6311245063598
1790282057,749807591,12.555450439453125,-301.02630615234375,20.355545222481222,-292.6311245063598
1790282057,849325927,12.555450439453125,-301.02630615234375,20.355545222481222,-292.6311245063598
1790282057,949826250,12.555450439453125,-301.02630615234375,20.355545222481222,-292.6311245063598
1790282058,49301466,12.555450439453125,-301.02630615234375,20.355545222481222,-292.6311245063598
1790282058,149281457,12.555450439453125,-301.02630615234375,20.355545222481222,-292.6311245063598
1790282058,249600671,12.555450439453125,-301.02630615234375,20.355545222481222,-292.6311245063598
1790282058,349905627,12.555450439453125,-301.02630615234375,20.355545222481222,-292.6311245063598
1790282058,449575191,12.555450439453125,-301.02630615234375,20.355545222481222,-292.6311245063598
1790282058,549275104,12.555450439453125,-301.02630615234375,20.355545222481222,-292.6311245063598
1790282058,649369383,12.555450439453125,-301.02630615234375,20.355545222481222,-292.6311245063598
1790282058,749440692,12.555450439453125,-301.02630615234375,20.355545222481222,-292.6311245063598
1790282058,849798127,12.555450439453125,-301.02630615234375,20.355545222481222,-292.6311245063598
1790282058,949369832,12.555450439453125,-301.02630615234375,20.355545222481222,-292.6311245063598
1790282059,49316553,12.555450439453125,-301.02630615234375,20.355545222481222,-292.6311245063598
1790282059,149319422,12.555450439453125,-301.02630615234375,20.355545222481222,-292.6311245063598
1790282059,249600698,12.555450439453125,-301.02630615234375,20.355545222481222,-292.6311245063598
1790282059,349557198,12.555450439453125,-301.02630615234375,20.355545222481222,-292.6311245063598
1790282059,449323261,12.555450439453125,-301.02630615234375,20.355545222481222,-292.6311245063598
1790282059,549563087,12.555450439453125,-301.02630615234375,20.355545222481222,-292.6311245063598
1790282059,649294381,12.555450439453125,-301.02630615234375,20.355545222481222,-292.6311245063598
1790282059,749326500,12.555450439453125,-301.02630615234375,20.355545222481222,-292.6311245063598
1790282059,849557807,12.555450439453125,-301.02630615234375,20.355545222481222,-292.6311245063598
1790282059,949291759,12.555450439453125,-301.02630615234375,20.355545222481222,-292.6311245063598
1790282060,49277849,12.555450439453125,-301.02630615234375,20.355545222481222,-292.6311245063598
1790282060,149252959,12.555450439453125,-301.02630615234375,20.355545222481222,-292.6311245063598
1790282060,249273958,12.555450439453125,-301.02630615234375,20.355545222481222,-292.6311245063598
1790282060,349288568,12.555450439453125,-301.02630615234375,20.355545222481222,-292.6311245063598
1790282060,449298167,12.555450439453125,-301.02630615234375,20.355545222481222,-292.6311245063598
1790282060,549306077,12.555450439453125,-301.02630615234375,20.355545222481222,-292.6311245063598
1790282060,649671961,12.555450439453125,-301.02630615234375,20.355545222481222,-292.6311245063598
1790282060,749247716,12.555450439453125,-301.02630615234375,20.355545222481222,-292.6311245063598
1790282060,849275376,12.555450439453125,-301.02630615234375,20.355545222481222,-292.6311245063598
1790282060,949289285,12.555450439453125,-301.02630615234375,20.355545222481222,-292.6311245063598
1790282061,49437753,12.555450439453125,-301.02630615234375,20.355545222481222,-292.6311245063598
1790282061,149296244,12.555450439453125,-301.02630615234375,20.355545222481222,-292.6311245063598
1790282061,249300444,12.555450439453125,-301.02630615234375,20.355545222481222,-292.6311245063598
1790282061,349300084,12.555450439453125,-301.02630615234375,20.355545222481222,-292.6311245063598
1790282061,449562529,12.555450439453125,-301.02630615234375,20.355545222481222,-292.6311245063598
1790282061,549325392,12.555450439453125,-301.02630615234375,20.355545222481222,-292.6311245063598
1790282061,649564159,12.555450439453125,-301.02630615234375,20.355545222481222,-292.6311245063598
1790282061,749296582,12.555450439453125,-301.02630615234375,20.355545222481222,-292.6311245063598
1790282061,849563467,12.555450439453125,-301.02630615234375,20.355545222481222,-292.6311245063598
1790282061,949903333,12.555450439453125,-301.02630615234375,20.355545222481222,-292.6311245063598
1790282062,49562087,12.555450439453125,-301.02630615234375,20.355545222481222,-292.6311245063598
1790282062,149286660,12.555450439453125,-301.02630615234375,20.355545222481222,-292.6311245063598
1790282062,249287160,12.555450439453125,-301.02630615234375,20.355545222481222,-292.6311245063598
1790282062,349282880,12.555450439453125,-301.02630615234375,20.355545222481222,-292.6311245063598
1790282062,449278979,12.555450439453125,-301.02630615234375,20.355545222481222,-292.6311245063598
1790282062,549563895,12.555450439453125,-301.02630615234375,20.355545222481222,-292.6311245063598
1790282062,649568804,12.555450439453125,-301.02630615234375,20.355545222481222,-292.6311245063598
1790282062,749302217,12.555450439453125,-301.02630615234375,20.355545222481222,-292.6311245063598
1790282062,849298307,12.555450439453125,-301.02630615234375,20.355545222481222,-292.6311245063598
1790282062,949558403,12.555450439453125,-301.02630615234375,20.355545222481222,-292.6311245063598
1790282063,49590912,12.555450439453125,-301.02630615234375,20.355545222481222,-292.6311245063598
1790282063,149299816,12.555450439453125,-301.02630615234375,20.355545222481222,-292.6311245063598
1790282063,249324184,12.555450439453125,-301.02630615234375,20.355545222481222,-292.6311245063598
1790282063,349304594,12.555450439453125,-301.02630615234375,20.355545222481222,-292.6311245063598
1790282063,449277104,12.555450439453125,-301.02630615234375,20.355545222481222,-292.6311245063598
1790282063,549305183,12.555450439453125,-301.02630615234375,20.355545222481222,-292.6311245063598
1790282063,649280193,12.555450439453125,-301.02630615234375,20.355545222481222,-292.6311245063598
1790282063,749874464,12.555450439453125,-301.02630615234375,20.355545222481222,-292.6311245063598
1790282063,849280643,12.555450439453125,-301.02630615234375,20.355545222481222,-292.6311245063598
1790282063,949278472,12.555450439453125,-301.02630615234375,20.355545222481222,-292.6311245063598
1790282064,49874643,12.555450439453125,-301.02630615234375,20.355545222481222,-292.6311245063598
1790282064,149260321,12.555450439453125,-301.02630615234375,20.355545222481222,-292.6311245063598
1790282064,249277702,12.555450439453125,-301.02630615234375,20.355545222481222,-292.6311245063598
1790282064,349299360,12.555450439453125,-301.02630615234375,20.355545222481222,-292.6311245063598
1790282064,449281929,12.555450439453125,-301.02630615234375,20.355545222481222,-292.6311245063598
1790282064,549284919,12.555450439453125,-301.02630615234375,20.355545222481222,-292.6311245063598
1790282064,649325178,12.555450439453125,-301.02630615234375,20.355545222481222,-292.6311245063598
1790282064,749290388,12.555450439453125,-301.02630615234375,20.355545222481222,-292.6311245063598
1790282064,849322098,12.555450439453125,-301.02630615234375,20.355545222481222,-292.6311245063598
1790282064,949275867,12.555450439453125,-301.02630615234375,20.355545222481222,-292.6311245063598
1790282065,49247167,12.555450439453125,-301.02630615234375,20.355545222481222,-292.6311245063598
1790282065,149273446,12.555450439453125,-301.02630615234375,20.355545222481222,-292.6311245063598
1790282065,249277286,12.555450439453125,-301.02630615234375,20.355545222481222,-292.6311245063598
1790282065,349297205,12.555450439453125,-301.02630615234375,20.355545222481222,-292.6311245063598
1790282065,449283215,12.555450439453125,-301.02630615234375,20.355545222481222,-292.6311245063598
1790282065,549319634,12.555450439453125,-301.02630615234375,20.355545222481222,-292.6311245063598
1790282065,649257284,12.555450439453125,-301.02630615234375,20.355545222481222,-292.6311245063598
1790282065,749327703,12.555450439453125,-301.02630615234375,20.355545222481222,-292.6311245063598
1790282065,849276663,12.555450439453125,-301.02630615234375,20.355545222481222,-292.6311245063598
1790282065,949294382,12.555450439453125,-301.02630615234375,20.355545222481222,-292.6311245063598
1790282066,49633987,12.555450439453125,-301.02630615234375,20.355545222481222,-292.6311245063598
1790282066,149286881,12.555450439453125,-301.02630615234375,20.355545222481222,-292.6311245063598
1790282066,249555257,12.555450439453125,-301.02630615234375,20.355545222481222,-292.6311245063598
1790282066,349332430,12.555450439453125,-301.02630615234375,20.355545222481222,-292.6311245063598
1790282066,449302999,12.555450439453125,-301.02630615234375,20.355545222481222,-292.6311245063598
1790282066,549278169,12.555450439453125,-301.02630615234375,20.355545222481222,-292.6311245063598
1790282066,649605675,12.555450439453125,-301.02630615234375,20.355545222481222,-292.6311245063598
1790282066,749342278,12.555450439453125,-301.02630615234375,20.355545222481222,-292.6311245063598
1790282066,849350117,12.555450439453125,-301.02630615234375,20.355545222481222,-292.6311245063598
1790282066,949279438,12.555450439453125,-301.02630615234375,20.355545222481222,-292.6311245063598
1790282067,49282147,12.555450439453125,-301.02630615234375,20.355545222481222,-292.6311245063598
1790282067,149283767,12.555450439453125,-301.02630615234375,20.355545222481222,-292.6311245063598
1790282067,249262847,12.555450439453125,-301.02630615234375,20.355545222481222,-292.6311245063598
1790282067,349308276,12.555450439453125,-301.02630615234375,20.355545222481222,-292.6311245063598
1790282067,449321635,12.555450439453125,-301.02630615234375,20.355545222481222,-292.6311245063598
1790282067,549301434,12.555450439453125,-301.02630615234375,20.355545222481222,-292.6311245063598
1790282067,649569630,12.555450439453125,-301.02630615234375,20.355545222481222,-292.6311245063598
1790282067,749293744,12.555450439453125,-301.02630615234375,20.355545222481222,-292.6311245063598
1790282067,849304633,12.555450439453125,-301.02630615234375,20.355545222481222,-292.6311245063598
1790282067,949747747,12.555450439453125,-301.02630615234375,20.355545222481222,-292.6311245063598
1790282068,49569759,12.555450439453125,-301.02630615234375,20.355545222481222,-292.6311245063598
1790282068,149280172,12.555450439453125,-301.02630615234375,20.355545222481222,-292.6311245063598
1790282068,249621368,12.555450439453125,-301.02630615234375,20.355545222481222,-292.6311245063598
1790282068,349561308,12.555450439453125,-301.02630615234375,20.355545222481222,-292.6311245063598
1790282068,449576667,12.555450439453125,-301.02630615234375,20.355545222481222,-292.6311245063598
1790282068,549309610,12.555450439453125,-301.02630615234375,20.355545222481222,-292.6311245063598
1790282068,649294829,12.555450439453125,-301.02630615234375,20.355545222481222,-292.6311245063598
1790282068,749571805,12.555450439453125,-301.02630615234375,20.355545222481222,-292.6311245063598
1790282068,849310838,12.555450439453125,-301.02630615234375,20.355545222481222,-292.6311245063598
1790282068,949283678,12.555450439453125,-301.02630615234375,20.355545222481222,-292.6311245063598
1790282069,49454866,12.555450439453125,-301.02630615234375,20.355545222481222,-292.6311245063598
1790282069,149283437,12.555450439453125,-301.02630615234375,20.355545222481222,-292.6311245063598
1790282069,249570973,12.555450439453125,-301.02630615234375,20.355545222481222,-292.6311245063598
1790282069,349569532,12.555450439453125,-301.02630615234375,20.355545222481222,-292.6311245063598
1790282069,449673031,12.555450439453125,-301.02630615234375,20.355545222481222,-292.6311245063598
1790282069,549286305,12.555450439453125,-301.02630615234375,20.355545222481222,-292.6311245063598
1790282069,649281175,12.555450439453125,-301.02630615234375,20.355545222481222,-292.6311245063598
1790282069,749278984,12.555450439453125,-301.02630615234375,20.355545222481222,-292.6311245063598
1790282069,849554620,12.555450439453125,-301.02630615234375,20.355545222481222,-292.6311245063598
1790282069,949557470,12.555450439453125,-301.02630615234375,20.355545222481222,-292.6311245063598
1790282070,49745097,12.555450439453125,-301.02630615234375,20.355545222481222,-292.6311245063598
1790282070,149279613,12.555450439453125,-301.02630615234375,20.355545222481222,-292.6311245063598
1790282070,249296932,12.555450439453125,-301.02630615234375,20.355545222481222,-292.6311245063598
1790282070,349576398,12.555450439453125,-301.02630615234375,20.355545222481222,-292.6311245063598
1790282070,449569438,12.555450439453125,-301.02630615234375,20.355545222481222,-292.6311245063598
1790282070,549290191,12.555450439453125,-301.02630615234375,20.355545222481222,-292.6311245063598
1790282070,649578987,12.555450439453125,-301.02630615234375,20.355545222481222,-292.6311245063598
1790282070,749551447,12.555450439453125,-301.02630615234375,20.355545222481222,-292.6311245063598
1790282070,849637535,12.555450439453125,-301.02630615234375,20.355545222481222,-292.6311245063598
1790282070,949608105,12.555450439453125,-301.02630615234375,20.355545222481222,-292.6311245063598
1790282071,49271739,12.555450439453125,-301.02630615234375,20.355545222481222,-292.6311245063598
1790282071,149258990,12.555450439453125,-301.02630615234375,20.355545222481222,-292.6311245063598
1790282071,249588745,12.555450439453125,-301.02630615234375,20.355545222481222,-292.6311245063598
1790282071,349340288,12.555450439453125,-301.02630615234375,20.355545222481222,-292.6311245063598
1790282071,449562675,12.555450439453125,-301.02630615234375,20.355545222481222,-292.6311245063598
1790282071,549589924,12.555450439453125,-301.02630615234375,20.355545222481222,-292.6311245063598
1790282071,649574733,12.555450439453125,-301.02630615234375,20.355545222481222,-292.6311245063598
1790282071,749312846,12.555450439453125,-301.02630615234375,20.355545222481222,-292.6311245063598
1790282071,849300586,12.555450439453125,-301.02630615234375,20.355545222481222,-292.6311245063598
1790282071,949319956,12.555450439453125,-301.02630615234375,20.355545222481222,-292.6311245063598
1790282072,49566271,12.555450439453125,-301.02630615234375,20.355545222481222,-292.6311245063598
1790282072,149289014,12.555450439453125,-301.02630615234375,20.355545222481222,-292.6311245063598
1790282072,249318673,12.555450439453125,-301.02630615234375,20.355545222481222,-292.6311245063598
1790282072,349301463,12.555450439453125,-301.02630615234375,20.355545222481222,-292.6311245063598
1790282072,449306472,12.555450439453125,-301.02630615234375,20.355545222481222,-292.6311245063598
1790282072,549299642,12.555450439453125,-301.02630615234375,20.355545222481222,-292.6311245063598
1790282072,649303652,12.555450439453125,-301.02630615234375,20.355545222481222,-292.6311245063598
1790282072,749277171,12.555450439453125,-301.02630615234375,20.355545222481222,-292.6311245063598
1790282072,849510868,12.555450439453125,-301.02630615234375,20.355545222481222,-292.6311245063598
1790282072,949278701,12.555450439453125,-301.02630615234375,20.355545222481222,-292.6311245063598
1790282073,49616946,12.555450439453125,-301.02630615234375,20.355545222481222,-292.6311245063598
1790282073,149282540,12.555450439453125,-301.02630615234375,20.355545222481222,-292.6311245063598
1790282073,249325429,12.555450439453125,-301.02630615234375,20.355545222481222,-292.6311245063598
1790282073,349296179,12.555450439453125,-301.02630615234375,20.355545222481222,-292.6311245063598
1790282073,449274869,12.555450439453125,-301.02630615234375,20.355545222481222,-292.6311245063598
1790282073,549695963,12.555450439453125,-301.02630615234375,20.355545222481222,-292.6311245063598
1790282073,649637513,12.555450439453125,-301.02630615234375,20.355545222481222,-292.6311245063598
1790282073,749325176,12.555450439453125,-301.02630615234375,20.355545222481222,-292.6311245063598
1790282073,849656102,12.555450439453125,-301.02630615234375,20.355545222481222,-292.6311245063598
1790282073,949669011,12.555450439453125,-301.02630615234375,20.355545222481222,-292.6311245063598
1790282074,49573372,12.555450439453125,-301.02630615234375,20.355545222481222,-292.6311245063598
1790282074,149284935,12.555450439453125,-301.02630615234375,20.355545222481222,-292.6311245063598
1790282074,249600641,12.555450439453125,-301.02630615234375,20.355545222481222,-292.6311245063598
1790282074,349567961,12.555450439453125,-301.02630615234375,20.355545222481222,-292.6311245063598
1790282074,449574350,12.555450439453125,-301.02630615234375,20.355545222481222,-292.6311245063598
1790282074,549302683,12.555450439453125,-301.02630615234375,20.355545222481222,-292.6311245063598
1790282074,649568749,12.555450439453125,-301.02630615234375,20.355545222481222,-292.6311245063598
1790282074,749560059,12.555450439453125,-301.02630615234375,20.355545222481222,-292.6311245063598
1790282074,849298203,12.555450439453125,-301.02630615234375,20.355545222481222,-292.6311245063598
1790282074,949569368,12.555450439453125,-301.02630615234375,20.355545222481222,-292.6311245063598
1790282075,49256152,12.555450439453125,-301.02630615234375,20.355545222481222,-292.6311245063598
1790282075,149261951,12.555450439453125,-301.02630615234375,20.355545222481222,-292.6311245063598
1790282075,249557787,12.555450439453125,-301.02630615234375,20.355545222481222,-292.6311245063598
1790282075,349594056,12.555450439453125,-301.02630615234375,20.355545222481222,-292.6311245063598
1790282075,449757343,12.555450439453125,-301.02630615234375,20.355545222481222,-292.6311245063598
1790282075,549561805,12.555450439453125,-301.02630615234375,20.355545222481222,-292.6311245063598
1790282075,649567425,12.555450439453125,-301.02630615234375,20.355545222481222,-292.6311245063598
1790282075,749632194,12.555450439453125,-301.02630615234375,20.355545222481222,-292.6311245063598
1790282075,849560495,12.555450439453125,-301.02630615234375,20.355545222481222,-292.6311245063598
1790282075,949556934,12.555450439453125,-301.02630615234375,20.355545222481222,-292.6311245063598
1790282076,49685112,12.555450439453125,-301.02630615234375,20.355545222481222,-292.6311245063598
1790282076,149291447,12.555450439453125,-301.02630615234375,20.355545222481222,-292.6311245063598
1790282076,249577893,12.555450439453125,-301.02630615234375,20.355545222481222,-292.6311245063598
1790282076,349691800,12.555450439453125,-301.02630615234375,20.355545222481222,-292.6311245063598
1790282076,449567542,12.555450439453125,-301.02630615234375,20.355545222481222,-292.6311245063598
1790282076,549305435,12.555450439453125,-301.02630615234375,20.355545222481222,-292.6311245063598
1790282076,649307354,12.555450439453125,-301.02630615234375,20.355545222481222,-292.6311245063598
1790282076,749281714,12.555450439453125,-301.02630615234375,20.355545222481222,-292.6311245063598
1790282076,849297663,12.555450439453125,-301.02630615234375,20.355545222481222,-292.6311245063598
1790282076,949297323,12.555450439453125,-301.02630615234375,20.355545222481222,-292.6311245063598
1790282077,49312932,12.555450439453125,-301.02630615234375,20.355545222481222,-292.6311245063598
1790282077,149302792,12.555450439453125,-301.02630615234375,20.355545222481222,-292.6311245063598
1790282077,249304621,12.555450439453125,-301.02630615234375,20.355545222481222,-292.6311245063598
1790282077,349308131,12.555450439453125,-301.02630615234375,20.355545222481222,-292.6311245063598
1790282077,449278291,12.555450439453125,-301.02630615234375,20.355545222481222,-292.6311245063598
1790282077,549283010,12.555450439453125,-301.02630615234375,20.355545222481222,-292.6311245063598
1790282077,649277120,12.555450439453125,-301.02630615234375,20.355545222481222,-292.6311245063598
1790282077,749325039,12.555450439453125,-301.02630615234375,20.355545222481222,-292.6311245063598
1790282077,849312818,12.555450439453125,-301.02630615234375,20.355545222481222,-292.6311245063598
1790282077,949575865,12.555450439453125,-301.02630615234375,20.355545222481222,-292.6311245063598
1790282078,49555395,12.555450439453125,-301.02630615234375,20.355545222481222,-292.6311245063598
1790282078,149269988,12.555450439453125,-301.02630615234375,20.355545222481222,-292.6311245063598
1790282078,249284937,12.555450439453125,-301.02630615234375,20.355545222481222,-292.6311245063598
1790282078,349574783,12.555450439453125,-301.02630615234375,20.355545222481222,-292.6311245063598
1790282078,449637672,12.555450439453125,-301.02630615234375,20.355545222481222,-292.6311245063598
1790282078,549645531,12.555450439453125,-301.02630615234375,20.355545222481222,-292.6311245063598
1790282078,649284816,12.555450439453125,-301.02630615234375,20.355545222481222,-292.6311245063598
1790282078,749283856,12.555450439453125,-301.02630615234375,20.355545222481222,-292.6311245063598
1790282078,849559401,12.555450439453125,-301.02630615234375,20.355545222481222,-292.6311245063598
1790282078,949566270,12.555450439453125,-301.02630615234375,20.355545222481222,-292.6311245063598
1790282079,49475521,12.555450439453125,-301.02630615234375,20.355545222481222,-292.6311245063598
1790282079,149285063,12.555450439453125,-301.02630615234375,20.355545222481222,-292.6311245063598
1790282079,249570299,12.555450439453125,-301.02630615234375,20.355545222481222,-292.6311245063598
1790282079,349759096,12.555450439453125,-301.02630615234375,20.355545222481222,-292.6311245063598
1790282079,449782646,12.555450439453125,-301.02630615234375,20.355545222481222,-292.6311245063598
1790282079,549572377,12.555450439453125,-301.02630615234375,20.355545222481222,-292.6311245063598
1790282079,649246711,12.555450439453125,-301.02630615234375,20.355545222481222,-292.6311245063598
1790282079,749567816,12.555450439453125,-301.02630615234375,20.355545222481222,-292.6311245063598
1790282079,849276210,12.555450439453125,-301.02630615234375,20.355545222481222,-292.6311245063598
1790282079,949259480,12.555450439453125,-301.02630615234375,20.355545222481222,-292.6311245063598
1790282080,49315199,12.555450439453125,-301.02630615234375,20.355545222481222,-292.6311245063598
1790282080,149256880,12.555450439453125,-301.02630615234375,20.355545222481222,-292.6311245063598
1790282080,249277718,12.555450439453125,-301.02630615234375,20.355545222481222,-292.6311245063598
1790282080,349277298,12.555450439453125,-301.02630615234375,20.355545222481222,-292.6311245063598
1790282080,449307497,12.555450439453125,-301.02630615234375,20.355545222481222,-292.6311245063598
1790282080,549280707,12.555450439453125,-301.02630615234375,20.355545222481222,-292.6311245063598
1790282080,649292757,12.555450439453125,-301.02630615234375,20.355545222481222,-292.6311245063598
1790282080,749286346,12.555450439453125,-301.02630615234375,20.355545222481222,-292.6311245063598
1790282080,849756860,12.555450439453125,-301.02630615234375,20.355545222481222,-292.6311245063598
1790282080,949285936,12.555450439453125,-301.02630615234375,20.355545222481222,-292.6311245063598
1790282081,49337174,12.555450439453125,-301.02630615234375,20.355545222481222,-292.6311245063598
1790282081,149284095,12.555450439453125,-301.02630615234375,20.355545222481222,-292.6311245063598
1790282081,249688378,12.555450439453125,-301.02630615234375,20.355545222481222,-292.6311245063598
1790282081,349282504,12.555450439453125,-301.02630615234375,20.355545222481222,-292.6311245063598
1790282081,449280563,12.555450439453125,-301.02630615234375,20.355545222481222,-292.6311245063598
1790282081,549305172,12.555450439453125,-301.02630615234375,20.355545222481222,-292.6311245063598
1790282081,649569338,12.555450439453125,-301.02630615234375,20.355545222481222,-292.6311245063598
1790282081,749304091,12.555450439453125,-301.02630615234375,20.355545222481222,-292.6311245063598
1790282081,849606127,12.555450439453125,-301.02630615234375,20.355545222481222,-292.6311245063598
1790282081,949267471,12.555450439453125,-301.02630615234375,20.355545222481222,-292.6311245063598
1790282082,49563997,12.555450439453125,-301.02630615234375,20.355545222481222,-292.6311245063598
1790282082,149294800,12.555450439453125,-301.02630615234375,20.355545222481222,-292.6311245063598
1790282082,249294030,12.555450439453125,-301.02630615234375,20.355545222481222,-292.6311245063598
1790282082,349629655,12.555450439453125,-301.02630615234375,20.355545222481222,-292.6311245063598
1790282082,449310489,12.555450439453125,-301.02630615234375,20.355545222481222,-292.6311245063598
1790282082,549301028,12.555450439453125,-301.02630615234375,20.355545222481222,-292.6311245063598
1790282082,649296277,12.555450439453125,-301.02630615234375,20.355545222481222,-292.6311245063598
1790282082,749289127,12.555450439453125,-301.02630615234375,20.355545222481222,-292.6311245063598
1790282082,849563593,12.555450439453125,-301.02630615234375,20.355545222481222,-292.6311245063598
1790282082,949263427,12.555450439453125,-301.02630615234375,20.355545222481222,-292.6311245063598
1790282083,49280806,12.555450439453125,-301.02630615234375,20.355545222481222,-292.6311245063598
1790282083,149288176,12.555450439453125,-301.02630615234375,20.355545222481222,-292.6311245063598
1790282083,249300106,12.555450439453125,-301.02630615234375,20.355545222481222,-292.6311245063598
1790282083,349668700,12.555450439453125,-301.02630615234375,20.355545222481222,-292.6311245063598
1790282083,449550122,12.555450439453125,-301.02630615234375,20.355545222481222,-292.6311245063598
1790282083,549298394,12.555450439453125,-301.02630615234375,20.355545222481222,-292.6311245063598
1790282083,649273384,12.555450439453125,-301.02630615234375,20.355545222481222,-292.6311245063598
1790282083,749279694,12.555450439453125,-301.02630615234375,20.355545222481222,-292.6311245063598
1790282083,849326903,12.555450439453125,-301.02630615234375,20.355545222481222,-292.6311245063598
1790282083,949281044,12.555450439453125,-301.02630615234375,20.355545222481222,-292.6311245063598
1790282084,49322662,12.555450439453125,-301.02630615234375,20.355545222481222,-292.6311245063598
1790282084,149263372,12.555450439453125,-301.02630615234375,20.355545222481222,-292.6311245063598
1790282084,249306492,12.555450439453125,-301.02630615234375,20.355545222481222,-292.6311245063598
1790282084,349313661,12.555450439453125,-301.02630615234375,20.355545222481222,-292.6311245063598
1790282084,449572757,12.555450439453125,-301.02630615234375,20.355545222481222,-292.6311245063598
1790282084,549324750,12.555450439453125,-301.02630615234375,20.355545222481222,-292.6311245063598
1790282084,649300379,12.555450439453125,-301.02630615234375,20.355545222481222,-292.6311245063598
1790282084,749594116,12.555450439453125,-301.02630615234375,20.355545222481222,-292.6311245063598
1790282084,849312158,12.555450439453125,-301.02630615234375,20.355545222481222,-292.6311245063598
1790282084,949576334,12.555450439453125,-301.02630615234375,20.355545222481222,-292.6311245063598
1790282085,49606863,12.555450439453125,-301.02630615234375,20.355545222481222,-292.6311245063598
1790282085,149275058,12.555450439453125,-301.02630615234375,20.355545222481222,-292.6311245063598
1790282085,249606293,12.555450439453125,-301.02630615234375,20.355545222481222,-292.6311245063598
1790282085,349641402,12.555450439453125,-301.02630615234375,20.355545222481222,-292.6311245063598
1790282085,449318016,12.555450439453125,-301.02630615234375,20.355545222481222,-292.6311245063598
1790282085,549361525,12.555450439453125,-301.02630615234375,20.355545222481222,-292.6311245063598
1790282085,649597571,12.555450439453125,-301.02630615234375,20.355545222481222,-292.6311245063598
1790282085,749655420,12.555450439453125,-301.02630615234375,20.355545222481222,-292.6311245063598
1790282085,849865696,12.555450439453125,-301.02630615234375,20.355545222481222,-292.6311245063598
1790282085,949454611,12.555450439453125,-301.02630615234375,20.355545222481222,-292.6311245063598
1790282086,49446741,12.555450439453125,-301.02630615234375,20.355545222481222,-292.6311245063598
1790282086,149285983,12.555450439453125,-301.02630615234375,20.355545222481222,-292.6311245063598
1790282086,249302062,12.555450439453125,-301.02630615234375,20.355545222481222,-292.6311245063598
1790282086,349291672,12.555450439453125,-301.02630615234375,20.355545222481222,-292.6311245063598
1790282086,449277102,12.555450439453125,-301.02630615234375,20.355545222481222,-292.6311245063598
1790282086,549681467,12.555450439453125,-301.02630615234375,20.355545222481222,-292.6311245063598
1790282086,649287832,12.555450439453125,-301.02630615234375,20.355545222481222,-292.6311245063598
1790282086,749298621,12.555450439453125,-301.02630615234375,20.355545222481222,-292.6311245063598
1790282086,849608716,12.555450439453125,-301.02630615234375,20.355545222481222,-292.6311245063598
1790282086,949722315,12.555450439453125,-301.02630615234375,20.355545222481222,-292.6311245063598
1790282087,49678704,12.555450439453125,-301.02630615234375,20.355545222481222,-292.6311245063598
1790282087,149288329,12.555450439453125,-301.02630615234375,20.355545222481222,-292.6311245063598
1790282087,249284778,12.555450439453125,-301.02630615234375,20.355545222481222,-292.6311245063598
1790282087,349739971,12.555450439453125,-301.02630615234375,20.355545222481222,-292.6311245063598
1790282087,449668802,12.555450439453125,-301.02630615234375,20.355545222481222,-292.6311245063598
1790282087,549774960,12.555450439453125,-301.02630615234375,20.355545222481222,-292.6311245063598
1790282087,649561452,12.555450439453125,-301.02630615234375,20.355545222481222,-292.6311245063598
1790282087,749280856,12.555450439453125,-301.02630615234375,20.355545222481222,-292.6311245063598
1790282087,849275725,12.555450439453125,-301.02630615234375,20.355545222481222,-292.6311245063598
1790282087,949686329,12.555450439453125,-301.02630615234375,20.355545222481222,-292.6311245063598
1790282088,49708358,12.555450439453125,-301.02630615234375,20.355545222481222,-292.6311245063598
1790282088,149275693,12.555450439453125,-301.02630615234375,20.355545222481222,-292.6311245063598
1790282088,249686907,12.555450439453125,-301.02630615234375,20.355545222481222,-292.6311245063598
1790282088,349284662,12.555450439453125,-301.02630615234375,20.355545222481222,-292.6311245063598
1790282088,450057852,12.555450439453125,-301.02630615234375,20.355545222481222,-292.6311245063598
1790282088,549690426,12.555450439453125,-301.02630615234375,20.355545222481222,-292.6311245063598
1790282088,649282921,12.555450439453125,-301.02630615234375,20.355545222481222,-292.6311245063598
1790282088,749559378,12.555450439453125,-301.02630615234375,20.355545222481222,-292.6311245063598
1790282088,849570826,12.555450439453125,-301.02630615234375,20.355545222481222,-292.6311245063598
1790282088,949577675,12.555450439453125,-301.02630615234375,20.355545222481222,-292.6311245063598
1790282089,49577856,12.555450439453125,-301.02630615234375,20.355545222481222,-292.6311245063598
1790282089,149283989,12.555450439453125,-301.02630615234375,20.355545222481222,-292.6311245063598
1790282089,249560135,12.555450439453125,-301.02630615234375,20.355545222481222,-292.6311245063598
1790282089,349304759,12.555450439453125,-301.02630615234375,20.355545222481222,-292.6311245063598
1790282089,449789951,12.555450439453125,-301.02630615234375,20.355545222481222,-292.6311245063598
1790282089,549686293,12.555450439453125,-301.02630615234375,20.355545222481222,-292.6311245063598
1790282089,649461184,12.555450439453125,-301.02630615234375,20.355545222481222,-292.6311245063598
1790282089,749684472,12.555450439453125,-301.02630615234375,20.355545222481222,-292.6311245063598
1790282089,849391584,12.555450439453125,-301.02630615234375,20.355545222481222,-292.6311245063598
1790282089,949300305,12.555450439453125,-301.02630615234375,20.355545222481222,-292.6311245063598
1790282090,50012255,12.555450439453125,-301.02630615234375,20.355545222481222,-292.6311245063598
1790282090,149281824,12.555450439453125,-301.02630615234375,20.355545222481222,-292.6311245063598
1790282090,250075243,12.555450439453125,-301.02630615234375,20.355545222481222,-292.6311245063598
1790282090,349679638,12.555450439453125,-301.02630615234375,20.355545222481222,-292.6311245063598
1790282090,449456451,12.555450439453125,-301.02630615234375,20.355545222481222,-292.6311245063598
1790282090,549743186,12.555450439453125,-301.02630615234375,20.355545222481222,-292.6311245063598
1790282090,649695896,12.555450439453125,-301.02630615234375,20.355545222481222,-292.6311245063598
1790282090,749325971,12.555450439453125,-301.02630615234375,20.355545222481222,-292.6311245063598
1790282090,850093470,12.555450439453125,-301.02630615234375,20.355545222481222,-292.6311245063598
1790282090,949717305,12.555450439453125,-301.02630615234375,20.355545222481222,-292.6311245063598
1790282091,49332300,12.555450439453125,-301.02630615234375,20.355545222481222,-292.6311245063598
1790282091,149325109,12.555450439453125,-301.02630615234375,20.355545222481222,-292.6311245063598
1790282091,249294249,12.555450439453125,-301.02630615234375,20.355545222481222,-292.6311245063598
1790282091,349915881,12.555450439453125,-301.02630615234375,20.355545222481222,-292.6311245063598
1790282091,449554755,12.555450439453125,-301.02630615234375,20.355545222481222,-292.6311245063598
1790282091,549276219,12.555450439453125,-301.02630615234375,20.355545222481222,-292.6311245063598
1790282091,649536975,12.555450439453125,-301.02630615234375,20.355545222481222,-292.6311245063598
1790282091,749327208,12.555450439453125,-301.02630615234375,20.355545222481222,-292.6311245063598
1790282091,849860490,12.555450439453125,-301.02630615234375,20.355545222481222,-292.6311245063598
1790282091,949674312,12.555450439453125,-301.02630615234375,20.355545222481222,-292.6311245063598
1790282092,49305288,12.555450439453125,-301.02630615234375,20.355545222481222,-292.6311245063598
1790282092,149303286,12.555450439453125,-301.02630615234375,20.355545222481222,-292.6311245063598
1790282092,249681101,12.555450439453125,-301.02630615234375,20.355545222481222,-292.6311245063598
1790282092,349619723,12.555450439453125,-301.02630615234375,20.355545222481222,-292.6311245063598
1790282092,449390024,12.555450439453125,-301.02630615234375,20.355545222481222,-292.6311245063598
1790282092,549563672,12.555450439453125,-301.02630615234375,20.355545222481222,-292.6311245063598
1790282092,649410524,12.555450439453125,-301.02630615234375,20.355545222481222,-292.6311245063598
1790282092,749279975,12.555450439453125,-301.02630615234375,20.355545222481222,-292.6311245063598
1790282092,849558321,12.555450439453125,-301.02630615234375,20.355545222481222,-292.6311245063598
1790282092,949678518,12.555450439453125,-301.02630615234375,20.355545222481222,-292.6311245063598
1790282093,49311633,12.555450439453125,-301.02630615234375,20.355545222481222,-292.6311245063598
1790282093,149275113,12.555450439453125,-301.02630615234375,20.355545222481222,-292.6311245063598
1790282093,249316751,12.555450439453125,-301.02630615234375,20.355545222481222,-292.6311245063598
1790282093,349300491,12.555450439453125,-301.02630615234375,20.355545222481222,-292.6311245063598
1790282093,449561117,12.555450439453125,-301.02630615234375,20.355545222481222,-292.6311245063598
1790282093,550144868,12.555450439453125,-301.02630615234375,20.355545222481222,-292.6311245063598
1790282093,649344769,12.555450439453125,-301.02630615234375,20.355545222481222,-292.6311245063598
1790282093,749678645,12.555450439453125,-301.02630615234375,20.355545222481222,-292.6311245063598
1790282093,849332909,12.555450439453125,-301.02630615234375,20.355545222481222,-292.6311245063598
1790282093,949329888,12.555450439453125,-301.02630615234375,20.355545222481222,-292.6311245063598
1790282094,49559485,12.555450439453125,-301.02630615234375,20.355545222481222,-292.6311245063598
1790282094,149263838,12.555450439453125,-301.02630615234375,20.355545222481222,-292.6311245063598
1790282094,249320977,12.555450439453125,-301.02630615234375,20.355545222481222,-292.6311245063598
1790282094,349564883,12.555450439453125,-301.02630615234375,20.355545222481222,-292.6311245063598
1790282094,449559562,12.555450439453125,-301.02630615234375,20.355545222481222,-292.6311245063598
1790282094,549337935,12.555450439453125,-301.02630615234375,20.355545222481222,-292.6311245063598
1790282094,649643990,12.555450439453125,-301.02630615234375,20.355545222481222,-292.6311245063598
1790282094,749276215,12.555450439453125,-301.02630615234375,20.355545222481222,-292.6311245063598
1790282094,849267275,12.555450439453125,-301.02630615234375,20.355545222481222,-292.6311245063598
1790282094,949872237,12.555450439453125,-301.02630615234375,20.355545222481222,-292.6311245063598
1790282095,49574260,12.555450439453125,-301.02630615234375,20.355545222481222,-292.6311245063598
1790282095,149284863,12.555450439453125,-301.02630615234375,20.355545222481222,-292.6311245063598
1790282095,249342852,12.555450439453125,-301.02630615234375,20.355545222481222,-292.6311245063598
1790282095,350181391,12.555450439453125,-301.02630615234375,20.355545222481222,-292.6311245063598
1790282095,449314442,12.555450439453125,-301.02630615234375,20.355545222481222,-292.6311245063598
1790282095,549559108,12.555450439453125,-301.02630615234375,20.355545222481222,-292.6311245063598
1790282095,650173659,12.555450439453125,-301.02630615234375,20.355545222481222,-292.6311245063598
1790282095,749783974,12.555450439453125,-301.02630615234375,20.355545222481222,-292.6311245063598
1790282095,849330199,12.555450439453125,-301.02630615234375,20.355545222481222,-292.6311245063598
1790282095,949568256,12.555450439453125,-301.02630615234375,20.355545222481222,-292.6311245063598
1790282096,49318469,12.555450439453125,-301.02630615234375,20.355545222481222,-292.6311245063598
1790282096,149256969,12.555450439453125,-301.02630615234375,20.355545222481222,-292.6311245063598
1790282096,249282048,12.555450439453125,-301.02630615234375,20.355545222481222,-292.6311245063598
1790282096,349257728,12.555450439453125,-301.02630615234375,20.355545222481222,-292.6311245063598
1790282096,449248938,12.555450439453125,-301.02630615234375,20.355545222481222,-292.6311245063598
1790282096,549304856,12.555450439453125,-301.02630615234375,20.355545222481222,-292.6311245063598
1790282096,649271126,12.555450439453125,-301.02630615234375,20.355545222481222,-292.6311245063598
1790282096,749308575,12.555450439453125,-301.02630615234375,20.355545222481222,-292.6311245063598
1790282096,849303855,12.555450439453125,-301.02630615234375,20.355545222481222,-292.6311245063598
1790282096,949261855,12.555450439453125,-301.02630615234375,20.355545222481222,-292.6311245063598
1790282097,49283854,12.555450439453125,-301.02630615234375,20.355545222481222,-292.6311245063598
1790282097,149258503,12.555450439453125,-301.02630615234375,20.355545222481222,-292.6311245063598
1790282097,249420711,12.555450439453125,-301.02630615234375,20.355545222481222,-292.6311245063598
1790282097,349366601,12.555450439453125,-301.02630615234375,20.355545222481222,-292.6311245063598
1790282097,449396630,12.555450439453125,-301.02630615234375,20.355545222481222,-292.6311245063598
1790282097,549400240,12.555450439453125,-301.02630615234375,20.355545222481222,-292.6311245063598
1790282097,649407719,12.555450439453125,-301.02630615234375,20.355545222481222,-292.6311245063598
1790282097,749389909,12.555450439453125,-301.02630615234375,20.355545222481222,-292.6311245063598
1790282097,849368888,12.555450439453125,-301.02630615234375,20.355545222481222,-292.6311245063598
1790282097,949432956,12.555450439453125,-301.02630615234375,20.355545222481222,-292.6311245063598
1790282098,49290868,12.555450439453125,-301.02630615234375,20.355545222481222,-292.6311245063598
1790282098,149275557,12.555450439453125,-301.02630615234375,20.355545222481222,-292.6311245063598
1790282098,249515564,12.555450439453125,-301.02630615234375,20.355545222481222,-292.6311245063598
1790282098,349814080,12.555450439453125,-301.02630615234375,20.355545222481222,-292.6311245063598
1790282098,449285876,12.555450439453125,-301.02630615234375,20.355545222481222,-292.6311245063598
1790282098,549308705,12.555450439453125,-301.02630615234375,20.355545222481222,-292.6311245063598
1790282098,649274386,12.555450439453125,-301.02630615234375,20.355545222481222,-292.6311245063598
1790282098,749302344,12.555450439453125,-301.02630615234375,20.355545222481222,-292.6311245063598
1790282098,849297884,12.555450439453125,-301.02630615234375,20.355545222481222,-292.6311245063598
1790282098,949279713,12.555450439453125,-301.02630615234375,20.355545222481222,-292.6311245063598
1790282099,49301803,12.555450439453125,-301.02630615234375,20.355545222481222,-292.6311245063598
1790282099,149280892,12.555450439453125,-301.02630615234375,20.355545222481222,-292.6311245063598
1790282099,249303032,12.555450439453125,-301.02630615234375,20.355545222481222,-292.6311245063598
1790282099,349304051,12.555450439453125,-301.02630615234375,20.355545222481222,-292.6311245063598
1790282099,449264381,12.555450439453125,-301.02630615234375,20.355545222481222,-292.6311245063598
1790282099,549301370,12.555450439453125,-301.02630615234375,20.355545222481222,-292.6311245063598
1790282099,649297189,12.555450439453125,-301.02630615234375,20.355545222481222,-292.6311245063598
1790282099,749279348,12.555450439453125,-301.02630615234375,20.355545222481222,-292.6311245063598
1790282099,849261388,12.555450439453125,-301.02630615234375,20.355545222481222,-292.6311245063598
1790282099,949304067,12.555450439453125,-301.02630615234375,20.355545222481222,-292.6311245063598
1790282100,49297387,12.555450439453125,-301.02630615234375,20.355545222481222,-292.6311245063598
1790282100,149280056,12.555450439453125,-301.02630615234375,20.355545222481222,-292.6311245063598
1790282100,249304336,12.555450439453125,-301.02630615234375,20.355545222481222,-292.6311245063598
1790282100,349469583,12.555450439453125,-301.02630615234375,20.355545222481222,-292.6311245063598
1790282100,449277335,12.555450439453125,-301.02630615234375,20.355545222481222,-292.6311245063598
1790282100,549300394,12.555450439453125,-301.02630615234375,20.355545222481222,-292.6311245063598
1790282100,649314323,12.555450439453125,-301.02630615234375,20.355545222481222,-292.6311245063598
1790282100,749283203,12.555450439453125,-301.02630615234375,20.355545222481222,-292.6311245063598
1790282100,849289283,12.555450439453125,-301.02630615234375,20.355545222481222,-292.6311245063598
1790282100,949323072,12.555450439453125,-301.02630615234375,20.355545222481222,-292.6311245063598
1790282101,49305491,12.555450439453125,-301.02630615234375,20.355545222481222,-292.6311245063598
1790282101,149248271,12.555450439453125,-301.02630615234375,20.355545222481222,-292.6311245063598
1790282101,249265181,12.555450439453125,-301.02630615234375,20.355545222481222,-292.6311245063598
1790282101,349286490,12.555450439453125,-301.02630615234375,20.355545222481222,-292.6311245063598
1790282101,449266779,12.555450439453125,-301.02630615234375,20.355545222481222,-292.6311245063598
1790282101,549282879,12.555450439453125,-301.02630615234375,20.355545222481222,-292.6311245063598
1790282101,649255838,12.555450439453125,-301.02630615234375,20.355545222481222,-292.6311245063598
1790282101,749274688,12.555450439453125,-301.02630615234375,20.355545222481222,-292.6311245063598
1790282101,849285458,12.555450439453125,-301.02630615234375,20.355545222481222,-292.6311245063598
1790282101,949260546,12.555450439453125,-301.02630615234375,20.355545222481222,-292.6311245063598
1790282102,49289385,12.555450439453125,-301.02630615234375,20.355545222481222,-292.6311245063598
1790282102,149276355,12.555450439453125,-301.02630615234375,20.355545222481222,-292.6311245063598
1790282102,249294024,12.555450439453125,-301.02630615234375,20.355545222481222,-292.6311245063598
1790282102,349560031,12.555450439453125,-301.02630615234375,20.355545222481222,-292.6311245063598
1790282102,449564880,12.555450439453125,-301.02630615234375,20.355545222481222,-292.6311245063598
1790282102,549281713,12.555450439453125,-301.02630615234375,20.355545222481222,-292.6311245063598
1790282102,649304242,12.555450439453125,-301.02630615234375,20.355545222481222,-292.6311245063598
1790282102,749279302,12.555450439453125,-301.02630615234375,20.355545222481222,-292.6311245063598
1790282102,849279401,12.555450439453125,-301.02630615234375,20.355545222481222,-292.6311245063598
1790282102,949589197,12.555450439453125,-301.02630615234375,20.355545222481222,-292.6311245063598
1790282103,49327770,12.555450439453125,-301.02630615234375,20.355545222481222,-292.6311245063598
1790282103,149283780,12.555450439453125,-301.02630615234375,20.355545222481222,-292.6311245063598
1790282103,249297348,12.555450439453125,-301.02630615234375,20.355545222481222,-292.6311245063598
1790282103,349557695,12.555450439453125,-301.02630615234375,20.355545222481222,-292.6311245063598
1790282103,449301248,12.555450439453125,-301.02630615234375,20.355545222481222,-292.6311245063598
1790282103,549710222,12.555450439453125,-301.02630615234375,20.355545222481222,-292.6311245063598
1790282103,649270307,12.555450439453125,-301.02630615234375,20.355545222481222,-292.6311245063598
1790282103,749574763,12.555450439453125,-301.02630615234375,20.355545222481222,-292.6311245063598
1790282103,849644391,12.555450439453125,-301.02630615234375,20.355545222481222,-292.6311245063598
1790282103,949797758,12.555450439453125,-301.02630615234375,20.355545222481222,-292.6311245063598
1790282104,49648301,12.555450439453125,-301.02630615234375,20.355545222481222,-292.6311245063598
1790282104,149303325,12.555450439453125,-301.02630615234375,20.355545222481222,-292.6311245063598
1790282104,249917285,12.555450439453125,-301.02630615234375,20.355545222481222,-292.6311245063598
1790282104,349320233,12.555450439453125,-301.02630615234375,20.355545222481222,-292.6311245063598
1790282104,449325393,12.555450439453125,-301.02630615234375,20.355545222481222,-292.6311245063598
1790282104,549323802,12.555450439453125,-301.02630615234375,20.355545222481222,-292.6311245063598
1790282104,649274242,12.555450439453125,-301.02630615234375,20.355545222481222,-292.6311245063598
1790282104,749300281,12.555450439453125,-301.02630615234375,20.355545222481222,-292.6311245063598
1790282104,849274981,12.555450439453125,-301.02630615234375,20.355545222481222,-292.6311245063598
1790282104,949310970,12.555450439453125,-301.02630615234375,20.355545222481222,-292.6311245063598
1790282105,49305489,12.555450439453125,-301.02630615234375,20.355545222481222,-292.6311245063598
1790282105,149281579,12.555450439453125,-301.02630615234375,20.355545222481222,-292.6311245063598
1790282105,249299428,12.555450439453125,-301.02630615234375,20.355545222481222,-292.6311245063598
1790282105,349325078,12.555450439453125,-301.02630615234375,20.355545222481222,-292.6311245063598
1790282105,449588543,12.555450439453125,-301.02630615234375,20.355545222481222,-292.6311245063598
1790282105,549305847,12.555450439453125,-301.02630615234375,20.355545222481222,-292.6311245063598
1790282105,649548693,12.555450439453125,-301.02630615234375,20.355545222481222,-292.6311245063598
1790282105,749299646,12.555450439453125,-301.02630615234375,20.355545222481222,-292.6311245063598
1790282105,849554292,12.555450439453125,-301.02630615234375,20.355545222481222,-292.6311245063598
1790282105,949276595,12.555450439453125,-301.02630615234375,20.355545222481222,-292.6311245063598
1790282106,49279314,12.555450439453125,-301.02630615234375,20.355545222481222,-292.6311245063598
1790282106,149279604,12.555450439453125,-301.02630615234375,20.355545222481222,-292.6311245063598
1790282106,249286333,12.555450439453125,-301.02630615234375,20.355545222481222,-292.6311245063598
1790282106,349405371,12.555450439453125,-301.02630615234375,20.355545222481222,-292.6311245063598
1790282106,449343921,12.555450439453125,-301.02630615234375,20.355545222481222,-292.6311245063598
1790282106,549417100,12.555450439453125,-301.02630615234375,20.355545222481222,-292.6311245063598
1790282106,649316211,12.555450439453125,-301.02630615234375,20.355545222481222,-292.6311245063598
1790282106,749307790,12.555450439453125,-301.02630615234375,20.355545222481222,-292.6311245063598
1790282106,849399279,12.555450439453125,-301.02630615234375,20.355545222481222,-292.6311245063598
1790282106,949389968,12.555450439453125,-301.02630615234375,20.355545222481222,-292.6311245063598
1790282107,49701334,12.555450439453125,-301.02630615234375,20.355545222481222,-292.6311245063598
1790282107,149321739,12.555450439453125,-301.02630615234375,20.355545222481222,-292.6311245063598
1790282107,249561414,12.555450439453125,-301.02630615234375,20.355545222481222,-292.6311245063598
1790282107,349549505,12.555450439453125,-301.02630615234375,20.355545222481222,-292.6311245063598
1790282107,449567963,12.555450439453125,-301.02630615234375,20.355545222481222,-292.6311245063598
1790282107,549299466,12.555450439453125,-301.02630615234375,20.355545222481222,-292.6311245063598
1790282107,649283215,12.555450439453125,-301.02630615234375,20.355545222481222,-292.6311245063598
1790282107,749580591,12.555450439453125,-301.02630615234375,20.355545222481222,-292.6311245063598
1790282107,849303604,12.555450439453125,-301.02630615234375,20.355545222481222,-292.6311245063598
1790282107,949561410,12.555450439453125,-301.02630615234375,20.355545222481222,-292.6311245063598
1790282108,49280303,12.555450439453125,-301.02630615234375,20.355545222481222,-292.6311245063598
1790282108,149281533,12.555450439453125,-301.02630615234375,20.355545222481222,-292.6311245063598
1790282108,249676278,12.555450439453125,-301.02630615234375,20.355545222481222,-292.6311245063598
1790282108,349599709,12.555450439453125,-301.02630615234375,20.355545222481222,-292.6311245063598
1790282108,449569448,12.555450439453125,-301.02630615234375,20.355545222481222,-292.6311245063598
1790282108,549567847,12.555450439453125,-301.02630615234375,20.355545222481222,-292.6311245063598
1790282108,649571767,12.555450439453125,-301.02630615234375,20.355545222481222,-292.6311245063598
1790282108,749308240,12.555450439453125,-301.02630615234375,20.355545222481222,-292.6311245063598
1790282108,849566376,12.555450439453125,-301.02630615234375,20.355545222481222,-292.6311245063598
1790282108,949589735,12.555450439453125,-301.02630615234375,20.355545222481222,-292.6311245063598
1790282109,49289929,12.555450439453125,-301.02630615234375,20.355545222481222,-292.6311245063598
1790282109,149277329,12.555450439453125,-301.02630615234375,20.355545222481222,-292.6311245063598
1790282109,249276958,12.555450439453125,-301.02630615234375,20.355545222481222,-292.6311245063598
1790282109,349276798,12.555450439453125,-301.02630615234375,20.355545222481222,-292.6311245063598
1790282109,449345616,12.555450439453125,-301.02630615234375,20.355545222481222,-292.6311245063598
1790282109,549291066,12.555450439453125,-301.02630615234375,20.355545222481222,-292.6311245063598
1790282109,649276026,12.555450439453125,-301.02630615234375,20.355545222481222,-292.6311245063598
1790282109,749280995,12.555450439453125,-301.02630615234375,20.355545222481222,-292.6311245063598
1790282109,849281685,12.555450439453125,-301.02630615234375,20.355545222481222,-292.6311245063598
1790282109,949743358,12.555450439453125,-301.02630615234375,20.355545222481222,-292.6311245063598
1790282110,49570530,12.555450439453125,-301.02630615234375,20.355545222481222,-292.6311245063598
1790282110,149298573,12.555450439453125,-301.02630615234375,20.355545222481222,-292.6311245063598
1790282110,249307942,12.555450439453125,-301.02630615234375,20.355545222481222,-292.6311245063598
1790282110,349306982,12.555450439453125,-301.02630615234375,20.355545222481222,-292.6311245063598
1790282110,449305331,12.555450439453125,-301.02630615234375,20.355545222481222,-292.6311245063598
1790282110,549317761,12.555450439453125,-301.02630615234375,20.355545222481222,-292.6311245063598
1790282110,649301471,12.555450439453125,-301.02630615234375,20.355545222481222,-292.6311245063598
1790282110,749307100,12.555450439453125,-301.02630615234375,20.355545222481222,-292.6311245063598
1790282110,849664975,12.555450439453125,-301.02630615234375,20.355545222481222,-292.6311245063598
1790282110,949322909,12.555450439453125,-301.02630615234375,20.355545222481222,-292.6311245063598
1790282111,49322859,12.555450439453125,-301.02630615234375,20.355545222481222,-292.6311245063598
1790282111,149250869,12.555450439453125,-301.02630615234375,20.355545222481222,-292.6311245063598
1790282111,249285058,12.555450439453125,-301.02630615234375,20.355545222481222,-292.6311245063598
1790282111,349286988,12.555450439453125,-301.02630615234375,20.355545222481222,-292.6311245063598
1790282111,449302717,12.555450439453125,-301.02630615234375,20.355545222481222,-292.6311245063598
1790282111,549652232,12.555450439453125,-301.02630615234375,20.355545222481222,-292.6311245063598
1790282111,649297706,12.555450439453125,-301.02630615234375,20.355545222481222,-292.6311245063598
1790282111,749304636,12.555450439453125,-301.02630615234375,20.355545222481222,-292.6311245063598
1790282111,849621501,12.555450439453125,-301.02630615234375,20.355545222481222,-292.6311245063598
1790282111,949792628,12.555450439453125,-301.02630615234375,20.355545222481222,-292.6311245063598
1790282112,49596771,12.555450439453125,-301.02630615234375,20.355545222481222,-292.6311245063598
1790282112,149400693,12.555450439453125,-301.02630615234375,20.355545222481222,-292.6311245063598
1790282112,249650199,12.555450439453125,-301.02630615234375,20.355545222481222,-292.6311245063598
1790282112,349279763,12.555450439453125,-301.02630615234375,20.355545222481222,-292.6311245063598
1790282112,449569919,12.555450439453125,-301.02630615234375,20.355545222481222,-292.6311245063598
1790282112,549654077,12.555450439453125,-301.02630615234375,20.355545222481222,-292.6311245063598
1790282112,649311642,12.555450439453125,-301.02630615234375,20.355545222481222,-292.6311245063598
1790282112,749282811,12.555450439453125,-301.02630615234375,20.355545222481222,-292.6311245063598
1790282112,849300811,12.555450439453125,-301.02630615234375,20.355545222481222,-292.6311245063598
1790282112,949278371,12.555450439453125,-301.02630615234375,20.355545222481222,-292.6311245063598
1790282113,49276970,12.555450439453125,-301.02630615234375,20.355545222481222,-292.6311245063598
1790282113,149308119,12.555450439453125,-301.02630615234375,20.355545222481222,-292.6311245063598
1790282113,249312768,12.555450439453125,-301.02630615234375,20.355545222481222,-292.6311245063598
1790282113,349282308,12.555450439453125,-301.02630615234375,20.355545222481222,-292.6311245063598
1790282113,449680493,12.555450439453125,-301.02630615234375,20.355545222481222,-292.6311245063598
1790282113,549569713,12.555450439453125,-301.02630615234375,20.355545222481222,-292.6311245063598
1790282113,649325596,12.555450439453125,-301.02630615234375,20.355545222481222,-292.6311245063598
1790282113,749497453,12.555450439453125,-301.02630615234375,20.355545222481222,-292.6311245063598
1790282113,849321875,12.555450439453125,-301.02630615234375,20.355545222481222,-292.6311245063598
1790282113,949326915,12.555450439453125,-301.02630615234375,20.355545222481222,-292.6311245063598
1790282114,49291454,12.555450439453125,-301.02630615234375,20.355545222481222,-292.6311245063598
1790282114,149277054,12.555450439453125,-301.02630615234375,20.355545222481222,-292.6311245063598
1790282114,249261123,12.555450439453125,-301.02630615234375,20.355545222481222,-292.6311245063598
1790282114,349550409,12.555450439453125,-301.02630615234375,20.355545222481222,-292.6311245063598
1790282114,449276632,12.555450439453125,-301.02630615234375,20.355545222481222,-292.6311245063598
1790282114,549280201,12.555450439453125,-301.02630615234375,20.355545222481222,-292.6311245063598
1790282114,649326600,12.555450439453125,-301.02630615234375,20.355545222481222,-292.6311245063598
1790282114,749568117,12.555450439453125,-301.02630615234375,20.355545222481222,-292.6311245063598
1790282114,849780553,12.555450439453125,-301.02630615234375,20.355545222481222,-292.6311245063598
1790282114,949297989,12.555450439453125,-301.02630615234375,20.355545222481222,-292.6311245063598
1790282115,49673413,12.555450439453125,-301.02630615234375,20.355545222481222,-292.6311245063598
1790282115,149286128,12.555450439453125,-301.02630615234375,20.355545222481222,-292.6311245063598
1790282115,249636783,12.555450439453125,-301.02630615234375,20.355545222481222,-292.6311245063598
1790282115,349682982,12.555450439453125,-301.02630615234375,20.355545222481222,-292.6311245063598
1790282115,449328976,12.555450439453125,-301.02630615234375,20.355545222481222,-292.6311245063598
1790282115,549303876,12.555450439453125,-301.02630615234375,20.355545222481222,-292.6311245063598
1790282115,649323405,12.555450439453125,-301.02630615234375,20.355545222481222,-292.6311245063598
1790282115,749728508,12.555450439453125,-301.02630615234375,20.355545222481222,-292.6311245063598
1790282115,849683689,12.555450439453125,-301.02630615234375,20.355545222481222,-292.6311245063598
1790282115,949607219,12.555450439453125,-301.02630615234375,20.355545222481222,-292.6311245063598
1790282116,49298553,12.555450439453125,-301.02630615234375,20.355545222481222,-292.6311245063598
1790282116,149319842,12.555450439453125,-301.02630615234375,20.355545222481222,-292.6311245063598
1790282116,249720346,12.555450439453125,-301.02630615234375,20.355545222481222,-292.6311245063598
1790282116,349569167,12.555450439453125,-301.02630615234375,20.355545222481222,-292.6311245063598
1790282116,449734795,12.555450439453125,-301.02630615234375,20.355545222481222,-292.6311245063598
1790282116,549295850,12.555450439453125,-301.02630615234375,20.355545222481222,-292.6311245063598
1790282116,649737033,12.555450439453125,-301.02630615234375,20.355545222481222,-292.6311245063598
1790282116,749622935,12.555450439453125,-301.02630615234375,20.355545222481222,-292.6311245063598
1790282116,849298778,12.555450439453125,-301.02630615234375,20.355545222481222,-292.6311245063598
1790282116,949300458,12.555450439453125,-301.02630615234375,20.355545222481222,-292.6311245063598
1790282117,49757261,12.555450439453125,-301.02630615234375,20.355545222481222,-292.6311245063598
1790282117,149301207,12.555450439453125,-301.02630615234375,20.355545222481222,-292.6311245063598
1790282117,249563763,12.555450439453125,-301.02630615234375,20.355545222481222,-292.6311245063598
1790282117,349314536,12.555450439453125,-301.02630615234375,20.355545222481222,-292.6311245063598
1790282117,449557872,12.555450439453125,-301.02630615234375,20.355545222481222,-292.6311245063598
1790282117,549570401,12.555450439453125,-301.02630615234375,20.355545222481222,-292.6311245063598
1790282117,649566531,12.555450439453125,-301.02630615234375,20.355545222481222,-292.6311245063598
1790282117,749557050,12.555450439453125,-301.02630615234375,20.355545222481222,-292.6311245063598
1790282117,849563379,12.555450439453125,-301.02630615234375,20.355545222481222,-292.6311245063598
1790282117,949300823,12.555450439453125,-301.02630615234375,20.355545222481222,-292.6311245063598
1790282118,49559719,12.555450439453125,-301.02630615234375,20.355545222481222,-292.6311245063598
1790282118,149251862,12.555450439453125,-301.02630615234375,20.355545222481222,-292.6311245063598
1790282118,249563418,12.555450439453125,-301.02630615234375,20.355545222481222,-292.6311245063598
1790282118,349310880,12.555450439453125,-301.02630615234375,20.355545222481222,-292.6311245063598
1790282118,449561186,12.555450439453125,-301.02630615234375,20.355545222481222,-292.6311245063598
1790282118,549320039,12.555450439453125,-301.02630615234375,20.355545222481222,-292.6311245063598
1790282118,649322079,12.555450439453125,-301.02630615234375,20.355545222481222,-292.6311245063598
1790282118,749323408,12.555450439453125,-301.02630615234375,20.355545222481222,-292.6311245063598
1790282118,849504805,12.555450439453125,-301.02630615234375,20.355545222481222,-292.6311245063598
1790282118,949555234,12.555450439453125,-301.02630615234375,20.355545222481222,-292.6311245063598
1790282119,49705621,12.555450439453125,-301.02630615234375,20.355545222481222,-292.6311245063598
1790282119,149286106,12.555450439453125,-301.02630615234375,20.355545222481222,-292.6311245063598
1790282119,249764479,12.555450439453125,-301.02630615234375,20.355545222481222,-292.6311245063598
1790282119,349324805,12.555450439453125,-301.02630615234375,20.355545222481222,-292.6311245063598
1790282119,449423163,12.555450439453125,-301.02630615234375,20.355545222481222,-292.6311245063598
1790282119,549467983,12.555450439453125,-301.02630615234375,20.355545222481222,-292.6311245063598
1790282119,649562500,12.555450439453125,-301.02630615234375,20.355545222481222,-292.6311245063598
1790282119,749281833,12.555450439453125,-301.02630615234375,20.355545222481222,-292.6311245063598
1790282119,849282243,12.555450439453125,-301.02630615234375,20.355545222481222,-292.6311245063598
1790282119,949254563,12.555450439453125,-301.02630615234375,20.355545222481222,-292.6311245063598
1790282120,49283512,12.555450439453125,-301.02630615234375,20.355545222481222,-292.6311245063598
1790282120,149246252,12.555450439453125,-301.02630615234375,20.355545222481222,-292.6311245063598
1790282120,249255401,12.555450439453125,-301.02630615234375,20.355545222481222,-292.6311245063598
1790282120,349277941,12.555450439453125,-301.02630615234375,20.355545222481222,-292.6311245063598
1790282120,449298330,12.555450439453125,-301.02630615234375,20.355545222481222,-292.6311245063598
1790282120,549274110,12.555450439453125,-301.02630615234375,20.355545222481222,-292.6311245063598
1790282120,649273749,12.555450439453125,-301.02630615234375,20.355545222481222,-292.6311245063598
1790282120,749314239,12.555450439453125,-301.02630615234375,20.355545222481222,-292.6311245063598
1790282120,849304078,12.555450439453125,-301.02630615234375,20.355545222481222,-292.6311245063598
1790282120,949301597,12.555450439453125,-301.02630615234375,20.355545222481222,-292.6311245063598
1790282121,49575773,12.555450439453125,-301.02630615234375,20.355545222481222,-292.6311245063598
1790282121,149259866,12.555450439453125,-301.02630615234375,20.355545222481222,-292.6311245063598
1790282121,249300245,12.555450439453125,-301.02630615234375,20.355545222481222,-292.6311245063598
1790282121,349247745,12.555450439453125,-301.02630615234375,20.355545222481222,-292.6311245063598
1790282121,449303075,12.555450439453125,-301.02630615234375,20.355545222481222,-292.6311245063598
1790282121,549278894,12.555450439453125,-301.02630615234375,20.355545222481222,-292.6311245063598
1790282121,649702898,12.555450439453125,-301.02630615234375,20.355545222481222,-292.6311245063598
1790282121,749324802,12.555450439453125,-301.02630615234375,20.355545222481222,-292.6311245063598
1790282121,849301942,12.555450439453125,-301.02630615234375,20.355545222481222,-292.6311245063598
1790282121,949278572,12.555450439453125,-301.02630615234375,20.355545222481222,-292.6311245063598
1790282122,49278502,12.555450439453125,-301.02630615234375,20.355545222481222,-292.6311245063598
1790282122,149263801,12.555450439453125,-301.02630615234375,20.355545222481222,-292.6311245063598
1790282122,249637346,12.555450439453125,-301.02630615234375,20.355545222481222,-292.6311245063598
1790282122,349610885,12.555450439453125,-301.02630615234375,20.355545222481222,-292.6311245063598
1790282122,449570126,12.555450439453125,-301.02630615234375,20.355545222481222,-292.6311245063598
1790282122,549478036,12.555450439453125,-301.02630615234375,20.355545222481222,-292.6311245063598
1790282122,649562365,12.555450439453125,-301.02630615234375,20.355545222481222,-292.6311245063598
1790282122,749289378,12.555450439453125,-301.02630615234375,20.355545222481222,-292.6311245063598
1790282122,849262008,12.555450439453125,-301.02630615234375,20.355545222481222,-292.6311245063598
1790282122,949277647,12.555450439453125,-301.02630615234375,20.355545222481222,-292.6311245063598
1790282123,49261967,12.555450439453125,-301.02630615234375,20.355545222481222,-292.6311245063598
1790282123,149250766,12.555450439453125,-301.02630615234375,20.355545222481222,-292.6311245063598
1790282123,249274686,12.555450439453125,-301.02630615234375,20.355545222481222,-292.6311245063598
1790282123,349279455,12.555450439453125,-301.02630615234375,20.355545222481222,-292.6311245063598
1790282123,449283315,12.555450439453125,-301.02630615234375,20.355545222481222,-292.6311245063598
1790282123,549300584,12.555450439453125,-301.02630615234375,20.355545222481222,-292.6311245063598
1790282123,649302323,12.555450439453125,-301.02630615234375,20.355545222481222,-292.6311245063598
1790282123,749301782,12.555450439453125,-301.02630615234375,20.355545222481222,-292.6311245063598
1790282123,849279812,12.555450439453125,-301.02630615234375,20.355545222481222,-292.6311245063598
1790282123,949495939,12.555450439453125,-301.02630615234375,20.355545222481222,-292.6311245063598
1790282124,49303481,12.555450439453125,-301.02630615234375,20.355545222481222,-292.6311245063598
1790282124,149309991,12.555450439453125,-301.02630615234375,20.355545222481222,-292.6311245063598
1790282124,249276890,12.555450439453125,-301.02630615234375,20.355545222481222,-292.6311245063598
1790282124,349309250,12.555450439453125,-301.02630615234375,20.355545222481222,-292.6311245063598
1790282124,449558126,12.555450439453125,-301.02630615234375,20.355545222481222,-292.6311245063598
1790282124,549283369,12.555450439453125,-301.02630615234375,20.355545222481222,-292.6311245063598
1790282124,649304618,12.555450439453125,-301.02630615234375,20.355545222481222,-292.6311245063598
1790282124,749571404,12.555450439453125,-301.02630615234375,20.355545222481222,-292.6311245063598
1790282124,849558613,12.555450439453125,-301.02630615234375,20.355545222481222,-292.6311245063598
1790282124,950014217,12.555450439453125,-301.02630615234375,20.355545222481222,-292.6311245063598
1790282125,49316736,12.555450439453125,-301.02630615234375,20.355545222481222,-292.6311245063598
1790282125,149286116,12.555450439453125,-301.02630615234375,20.355545222481222,-292.6311245063598
1790282125,249682050,12.555450439453125,-301.02630615234375,20.355545222481222,-292.6311245063598
1790282125,349694039,12.555450439453125,-301.02630615234375,20.355545222481222,-292.6311245063598
1790282125,449607560,12.555450439453125,-301.02630615234375,20.355545222481222,-292.6311245063598
1790282125,549687189,12.555450439453125,-301.02630615234375,20.355545222481222,-292.6311245063598
1790282125,649416682,12.555450439453125,-301.02630615234375,20.355545222481222,-292.6311245063598
1790282125,749567490,12.555450439453125,-301.02630615234375,20.355545222481222,-292.6311245063598
1790282125,849770966,12.555450439453125,-301.02630615234375,20.355545222481222,-292.6311245063598
1790282125,949677208,12.555450439453125,-301.02630615234375,20.355545222481222,-292.6311245063598
1790282126,49671587,12.555450439453125,-301.02630615234375,20.355545222481222,-292.6311245063598
1790282126,149275942,12.555450439453125,-301.02630615234375,20.355545222481222,-292.6311245063598
1790282126,249278301,12.555450439453125,-301.02630615234375,20.355545222481222,-292.6311245063598
1790282126,349492928,12.555450439453125,-301.02630615234375,20.355545222481222,-292.6311245063598
1790282126,449688824,12.555450439453125,-301.02630615234375,20.355545222481222,-292.6311245063598
1790282126,549744643,12.555450439453125,-301.02630615234375,20.355545222481222,-292.6311245063598
1790282126,649299379,12.555450439453125,-301.02630615234375,20.355545222481222,-292.6311245063598
1790282126,749684703,12.555450439453125,-301.02630615234375,20.355545222481222,-292.6311245063598
1790282126,849566214,12.555450439453125,-301.02630615234375,20.355545222481222,-292.6311245063598
1790282126,949689101,12.555450439453125,-301.02630615234375,20.355545222481222,-292.6311245063598
1790282127,49568003,12.555450439453125,-301.02630615234375,20.355545222481222,-292.6311245063598
1790282127,149259206,12.555450439453125,-301.02630615234375,20.355545222481222,-292.6311245063598
1790282127,249557232,12.555450439453125,-301.02630615234375,20.355545222481222,-292.6311245063598
1790282127,349721539,12.555450439453125,-301.02630615234375,20.355545222481222,-292.6311245063598
1790282127,449564220,12.555450439453125,-301.02630615234375,20.355545222481222,-292.6311245063598
1790282127,549565410,12.555450439453125,-301.02630615234375,20.355545222481222,-292.6311245063598
1790282127,649559429,12.555450439453125,-301.02630615234375,20.355545222481222,-292.6311245063598
1790282127,749364252,12.555450439453125,-301.02630615234375,20.355545222481222,-292.6311245063598
1790282127,849567969,12.555450439453125,-301.02630615234375,20.355545222481222,-292.6311245063598
1790282127,949727286,12.555450439453125,-301.02630615234375,20.355545222481222,-292.6311245063598
1790282128,49690946,12.555450439453125,-301.02630615234375,20.355545222481222,-292.6311245063598
1790282128,149286761,12.555450439453125,-301.02630615234375,20.355545222481222,-292.6311245063598
1790282128,249298720,12.555450439453125,-301.02630615234375,20.355545222481222,-292.6311245063598
1790282128,349681134,12.555450439453125,-301.02630615234375,20.355545222481222,-292.6311245063598
1790282128,449328539,12.555450439453125,-301.02630615234375,20.355545222481222,-292.6311245063598
1790282128,549746872,12.555450439453125,-301.02630615234375,20.355545222481222,-292.6311245063598
1790282128,649618953,12.555450439453125,-301.02630615234375,20.355545222481222,-292.6311245063598
1790282128,749563324,12.555450439453125,-301.02630615234375,20.355545222481222,-292.6311245063598
1790282128,849604263,12.555450439453125,-301.02630615234375,20.355545222481222,-292.6311245063598
1790282128,949455394,12.555450439453125,-301.02630615234375,20.355545222481222,-292.6311245063598
1790282129,49565102,12.555450439453125,-301.02630615234375,20.355545222481222,-292.6311245063598
1790282129,149283675,12.555450439453125,-301.02630615234375,20.355545222481222,-292.6311245063598
1790282129,249277135,12.555450439453125,-301.02630615234375,20.355545222481222,-292.6311245063598
1790282129,349559611,12.555450439453125,-301.02630615234375,20.355545222481222,-292.6311245063598
1790282129,449557490,12.555450439453125,-301.02630615234375,20.355545222481222,-292.6311245063598
1790282129,549683309,12.555450439453125,-301.02630615234375,20.355545222481222,-292.6311245063598
1790282129,649686657,12.555450439453125,-301.02630615234375,20.355545222481222,-292.6311245063598
1790282129,749750156,12.555450439453125,-301.02630615234375,20.355545222481222,-292.6311245063598
1790282129,849305652,12.555450439453125,-301.02630615234375,20.355545222481222,-292.6311245063598
1790282129,949679986,12.555450439453125,-301.02630615234375,20.355545222481222,-292.6311245063598
1790282130,49748836,12.555450439453125,-301.02630615234375,20.355545222481222,-292.6311245063598
1790282130,149312350,12.555450439453125,-301.02630615234375,20.355545222481222,-292.6311245063598
1790282130,249560057,12.555450439453125,-301.02630615234375,20.355545222481222,-292.6311245063598
1790282130,349443398,12.555450439453125,-301.02630615234375,20.355545222481222,-292.6311245063598
1790282130,449558097,12.555450439453125,-301.02630615234375,20.355545222481222,-292.6311245063598
1790282130,549566156,12.555450439453125,-301.02630615234375,20.355545222481222,-292.6311245063598
1790282130,650103807,12.555450439453125,-301.02630615234375,20.355545222481222,-292.6311245063598
1790282130,749602174,12.555450439453125,-301.02630615234375,20.355545222481222,-292.6311245063598
1790282130,849563284,12.555450439453125,-301.02630615234375,20.355545222481222,-292.6311245063598
1790282130,949639092,12.555450439453125,-301.02630615234375,20.355545222481222,-292.6311245063598
1790282131,49687691,12.555450439453125,-301.02630615234375,20.355545222481222,-292.6311245063598
1790282131,149287656,12.555450439453125,-301.02630615234375,20.355545222481222,-292.6311245063598
1790282131,249539362,12.555450439453125,-301.02630615234375,20.355545222481222,-292.6311245063598
1790282131,349722339,12.555450439453125,-301.02630615234375,20.355545222481222,-292.6311245063598
1790282131,449422803,12.555450439453125,-301.02630615234375,20.355545222481222,-292.6311245063598
1790282131,549558371,12.555450439453125,-301.02630615234375,20.355545222481222,-292.6311245063598
1790282131,649418132,12.555450439453125,-301.02630615234375,20.355545222481222,-292.6311245063598
1790282131,749557480,12.555450439453125,-301.02630615234375,20.355545222481222,-292.6311245063598
1790282131,849277553,12.555450439453125,-301.02630615234375,20.355545222481222,-292.6311245063598
1790282131,949282953,12.555450439453125,-301.02630615234375,20.355545222481222,-292.6311245063598
1790282132,49563259,12.555450439453125,-301.02630615234375,20.355545222481222,-292.6311245063598
1790282132,149315721,12.555450439453125,-301.02630615234375,20.355545222481222,-292.6311245063598
1790282132,249557308,12.555450439453125,-301.02630615234375,20.355545222481222,-292.6311245063598
1790282132,349332220,12.555450439453125,-301.02630615234375,20.355545222481222,-292.6311245063598
1790282132,450153519,12.555450439453125,-301.02630615234375,20.355545222481222,-292.6311245063598
1790282132,549355779,12.555450439453125,-301.02630615234375,20.355545222481222,-292.6311245063598
1790282132,649564415,12.555450439453125,-301.02630615234375,20.355545222481222,-292.6311245063598
1790282132,749288408,12.555450439453125,-301.02630615234375,20.355545222481222,-292.6311245063598
1790282132,849560804,12.555450439453125,-301.02630615234375,20.355545222481222,-292.6311245063598
1790282132,949574494,12.555450439453125,-301.02630615234375,20.355545222481222,-292.6311245063598
1790282133,49566523,12.555450439453125,-301.02630615234375,20.355545222481222,-292.6311245063598
1790282133,149287696,12.555450439453125,-301.02630615234375,20.355545222481222,-292.6311245063598
1790282133,249699990,12.555450439453125,-301.02630615234375,20.355545222481222,-292.6311245063598
1790282133,350174633,12.555450439453125,-301.02630615234375,20.355545222481222,-292.6311245063598
1790282133,449435444,12.555450439453125,-301.02630615234375,20.355545222481222,-292.6311245063598
1790282133,549299384,12.555450439453125,-301.02630615234375,20.355545222481222,-292.6311245063598
1790282133,650172302,12.555450439453125,-301.02630615234375,20.355545222481222,-292.6311245063598
1790282133,749908995,12.555450439453125,-301.02630615234375,20.355545222481222,-292.6311245063598
1790282133,849558299,12.555450439453125,-301.02630615234375,20.355545222481222,-292.6311245063598
1790282133,949819545,12.555450439453125,-301.02630615234375,20.355545222481222,-292.6311245063598
1790282134,49680307,12.555450439453125,-301.02630615234375,20.355545222481222,-292.6311245063598
1790282134,149285072,12.555450439453125,-301.02630615234375,20.355545222481222,-292.6311245063598
1790282134,249570667,12.555450439453125,-301.02630615234375,20.355545222481222,-292.6311245063598
1790282134,349563847,12.555450439453125,-301.02630615234375,20.355545222481222,-292.6311245063598
1790282134,449771184,12.555450439453125,-301.02630615234375,20.355545222481222,-292.6311245063598
1790282134,549861373,12.555450439453125,-301.02630615234375,20.355545222481222,-292.6311245063598
1790282134,649282270,12.555450439453125,-301.02630615234375,20.355545222481222,-292.6311245063598
1790282134,749568616,12.555450439453125,-301.02630615234375,20.355545222481222,-292.6311245063598
1790282134,849298149,12.555450439453125,-301.02630615234375,20.355545222481222,-292.6311245063598
1790282134,949674193,12.555450439453125,-301.02630615234375,20.355545222481222,-292.6311245063598
1790282135,49315957,12.555450439453125,-301.02630615234375,20.355545222481222,-292.6311245063598
1790282135,149296737,12.555450439453125,-301.02630615234375,20.355545222481222,-292.6311245063598
1790282135,249605292,12.555450439453125,-301.02630615234375,20.355545222481222,-292.6311245063598
1790282135,349680823,12.555450439453125,-301.02630615234375,20.355545222481222,-292.6311245063598
1790282135,449583122,12.555450439453125,-301.02630615234375,20.355545222481222,-292.6311245063598
1790282135,549810628,12.555450439453125,-301.02630615234375,20.355545222481222,-292.6311245063598
1790282135,649555501,12.555450439453125,-301.02630615234375,20.355545222481222,-292.6311245063598
1790282135,749882116,12.555450439453125,-301.02630615234375,20.355545222481222,-292.6311245063598
1790282135,849563131,12.555450439453125,-301.02630615234375,20.355545222481222,-292.6311245063598
1790282135,949489172,12.555450439453125,-301.02630615234375,20.355545222481222,-292.6311245063598
1790282136,50244851,12.555450439453125,-301.02630615234375,20.355545222481222,-292.6311245063598
1790282136,149318022,12.555450439453125,-301.02630615234375,20.355545222481222,-292.6311245063598
1790282136,249278422,12.555450439453125,-301.02630615234375,20.355545222481222,-292.6311245063598
1790282136,349550388,12.555450439453125,-301.02630615234375,20.355545222481222,-292.6311245063598
1790282136,449683536,12.555450439453125,-301.02630615234375,20.355545222481222,-292.6311245063598
1790282136,549682836,12.555450439453125,-301.02630615234375,20.355545222481222,-292.6311245063598
1790282136,649762224,12.555450439453125,-301.02630615234375,20.355545222481222,-292.6311245063598
1790282136,749300570,12.555450439453125,-301.02630615234375,20.355545222481222,-292.6311245063598
1790282136,849557696,12.555450439453125,-301.02630615234375,20.355545222481222,-292.6311245063598
1790282136,950263255,12.555450439453125,-301.02630615234375,20.355545222481222,-292.6311245063598
1790282137,49841722,12.555450439453125,-301.02630615234375,20.355545222481222,-292.6311245063598
1790282137,149314668,12.555450439453125,-301.02630615234375,20.355545222481222,-292.6311245063598
1790282137,249481156,12.555450439453125,-301.02630615234375,20.355545222481222,-292.6311245063598
1790282137,349834760,12.555450439453125,-301.02630615234375,20.355545222481222,-292.6311245063598
1790282137,449325857,12.555450439453125,-301.02630615234375,20.355545222481222,-292.6311245063598
1790282137,549692711,12.555450439453125,-301.02630615234375,20.355545222481222,-292.6311245063598
1790282137,649868768,12.555450439453125,-301.02630615234375,20.355545222481222,-292.6311245063598
1790282137,749424074,12.555450439453125,-301.02630615234375,20.355545222481222,-292.6311245063598
1790282137,849300235,12.555450439453125,-301.02630615234375,20.355545222481222,-292.6311245063598
1790282137,949878976,12.555450439453125,-301.02630615234375,20.355545222481222,-292.6311245063598
1790282138,49684028,12.555450439453125,-301.02630615234375,20.355545222481222,-292.6311245063598
1790282138,149311843,12.555450439453125,-301.02630615234375,20.355545222481222,-292.6311245063598
1790282138,249561599,12.555450439453125,-301.02630615234375,20.355545222481222,-292.6311245063598
1790282138,349295142,12.555450439453125,-301.02630615234375,20.355545222481222,-292.6311245063598
1790282138,449680816,12.555450439453125,-301.02630615234375,20.355545222481222,-292.6311245063598
1790282138,549654716,12.555450439453125,-301.02630615234375,20.355545222481222,-292.6311245063598
1790282138,649677385,12.555450439453125,-301.02630615234375,20.355545222481222,-292.6311245063598
1790282138,749686075,12.555450439453125,-301.02630615234375,20.355545222481222,-292.6311245063598
1790282138,849307080,12.555450439453125,-301.02630615234375,20.355545222481222,-292.6311245063598
1790282138,949753483,12.555450439453125,-301.02630615234375,20.355545222481222,-292.6311245063598
1790282139,49673545,12.555450439453125,-301.02630615234375,20.355545222481222,-292.6311245063598
1790282139,149294729,12.555450439453125,-301.02630615234375,20.355545222481222,-292.6311245063598
1790282139,249680483,12.555450439453125,-301.02630615234375,20.355545222481222,-292.6311245063598
1790282139,349679832,12.555450439453125,-301.02630615234375,20.355545222481222,-292.6311245063598
1790282139,449751391,12.555450439453125,-301.02630615234375,20.355545222481222,-292.6311245063598
1790282139,549556444,12.555450439453125,-301.02630615234375,20.355545222481222,-292.6311245063598
1790282139,649672713,12.555450439453125,-301.02630615234375,20.355545222481222,-292.6311245063598
1790282139,749888928,12.555450439453125,-301.02630615234375,20.355545222481222,-292.6311245063598
1790282139,849563772,12.555450439453125,-301.02630615234375,20.355545222481222,-292.6311245063598
1790282139,949277986,12.555450439453125,-301.02630615234375,20.355545222481222,-292.6311245063598
1790282140,49579772,12.555450439453125,-301.02630615234375,20.355545222481222,-292.6311245063598
1790282140,149280356,12.555450439453125,-301.02630615234375,20.355545222481222,-292.6311245063598
1790282140,249678669,12.555450439453125,-301.02630615234375,20.355545222481222,-292.6311245063598
1790282140,349774287,12.555450439453125,-301.02630615234375,20.355545222481222,-292.6311245063598
1790282140,449306364,12.555450439453125,-301.02630615234375,20.355545222481222,-292.6311245063598
1790282140,549573459,12.555450439453125,-301.02630615234375,20.355545222481222,-292.6311245063598
1790282140,649469330,12.555450439453125,-301.02630615234375,20.355545222481222,-292.6311245063598
1790282140,749294592,12.555450439453125,-301.02630615234375,20.355545222481222,-292.6311245063598
1790282140,849268852,12.555450439453125,-301.02630615234375,20.355545222481222,-292.6311245063598
1790282140,949275811,12.555450439453125,-301.02630615234375,20.355545222481222,-292.6311245063598
1790282141,49266761,12.555450439453125,-301.02630615234375,20.355545222481222,-292.6311245063598
1790282141,149260791,12.555450439453125,-301.02630615234375,20.355545222481222,-292.6311245063598
1790282141,249291919,12.555450439453125,-301.02630615234375,20.355545222481222,-292.6311245063598
1790282141,349276269,12.555450439453125,-301.02630615234375,20.355545222481222,-292.6311245063598
1790282141,449277389,12.555450439453125,-301.02630615234375,20.355545222481222,-292.6311245063598
1790282141,549309438,12.555450439453125,-301.02630615234375,20.355545222481222,-292.6311245063598
1790282141,649792701,12.555450439453125,-301.02630615234375,20.355545222481222,-292.6311245063598
1790282141,749565663,12.555450439453125,-301.02630615234375,20.355545222481222,-292.6311245063598
1790282141,849567174,12.555450439453125,-301.02630615234375,20.355545222481222,-292.6311245063598
1790282141,949312696,12.555450439453125,-301.02630615234375,20.355545222481222,-292.6311245063598
1790282142,49298046,12.555450439453125,-301.02630615234375,20.355545222481222,-292.6311245063598
1790282142,149294026,12.555450439453125,-301.02630615234375,20.355545222481222,-292.6311245063598
1790282142,249679800,12.555450439453125,-301.02630615234375,20.355545222481222,-292.6311245063598
1790282142,349330334,12.555450439453125,-301.02630615234375,20.355545222481222,-292.6311245063598
1790282142,449495932,12.555450439453125,-301.02630615234375,20.355545222481222,-292.6311245063598
1790282142,549481141,12.555450439453125,-301.02630615234375,20.355545222481222,-292.6311245063598
1790282142,649592709,12.555450439453125,-301.02630615234375,20.355545222481222,-292.6311245063598
1790282142,749679888,12.555450439453125,-301.02630615234375,20.355545222481222,-292.6311245063598
1790282142,849674408,12.555450439453125,-301.02630615234375,20.355545222481222,-292.6311245063598
1790282142,949594348,12.555450439453125,-301.02630615234375,20.355545222481222,-292.6311245063598
1790282143,49976312,12.555450439453125,-301.02630615234375,20.355545222481222,-292.6311245063598
1790282143,149278921,12.555450439453125,-301.02630615234375,20.355545222481222,-292.6311245063598
1790282143,249607276,12.555450439453125,-301.02630615234375,20.355545222481222,-292.6311245063598
1790282143,349561467,12.555450439453125,-301.02630615234375,20.355545222481222,-292.6311245063598
1790282143,449495206,12.555450439453125,-301.02630615234375,20.355545222481222,-292.6311245063598
1790282143,549614475,12.555450439453125,-301.02630615234375,20.355545222481222,-292.6311245063598
1790282143,649307628,12.555450439453125,-301.02630615234375,20.355545222481222,-292.6311245063598
1790282143,749692072,12.555450439453125,-301.02630615234375,20.355545222481222,-292.6311245063598
1790282143,849664902,12.555450439453125,-301.02630615234375,20.355545222481222,-292.6311245063598
1790282143,949317707,12.555450439453125,-301.02630615234375,20.355545222481222,-292.6311245063598
1790282144,49675331,12.555450439453125,-301.02630615234375,20.355545222481222,-292.6311245063598
1790282144,149307346,12.555450439453125,-301.02630615234375,20.355545222481222,-292.6311245063598
1790282144,249688800,12.555450439453125,-301.02630615234375,20.355545222481222,-292.6311245063598
1790282144,349555322,12.555450439453125,-301.02630615234375,20.355545222481222,-292.6311245063598
1790282144,449555072,12.555450439453125,-301.02630615234375,20.355545222481222,-292.6311245063598
1790282144,549731359,12.555450439453125,-301.02630615234375,20.355545222481222,-292.6311245063598
1790282144,649346174,12.555450439453125,-301.02630615234375,20.355545222481222,-292.6311245063598
1790282144,749689139,12.555450439453125,-301.02630615234375,20.355545222481222,-292.6311245063598
1790282144,849559450,12.555450439453125,-301.02630615234375,20.355545222481222,-292.6311245063598
1790282144,949523140,12.555450439453125,-301.02630615234375,20.355545222481222,-292.6311245063598
1790282145,49484851,12.555450439453125,-301.02630615234375,20.355545222481222,-292.6311245063598
1790282145,149279313,12.555450439453125,-301.02630615234375,20.355545222481222,-292.6311245063598
1790282145,249307512,12.555450439453125,-301.02630615234375,20.355545222481222,-292.6311245063598
1790282145,349674006,12.555450439453125,-301.02630615234375,20.355545222481222,-292.6311245063598
1790282145,449699805,12.555450439453125,-301.02630615234375,20.355545222481222,-292.6311245063598
1790282145,549680065,12.555450439453125,-301.02630615234375,20.355545222481222,-292.6311245063598
1790282145,649690744,12.555450439453125,-301.02630615234375,20.355545222481222,-292.6311245063598
1790282145,749940090,12.555450439453125,-301.02630615234375,20.355545222481222,-292.6311245063598
1790282145,849561765,12.555450439453125,-301.02630615234375,20.355545222481222,-292.6311245063598
1790282145,949684334,12.555450439453125,-301.02630615234375,20.355545222481222,-292.6311245063598
1790282146,49700242,12.555450439453125,-301.02630615234375,20.355545222481222,-292.6311245063598
1790282146,149303017,12.555450439453125,-301.02630615234375,20.355545222481222,-292.6311245063598
1790282146,249694121,12.555450439453125,-301.02630615234375,20.355545222481222,-292.6311245063598
1790282146,349326556,12.555450439453125,-301.02630615234375,20.355545222481222,-292.6311245063598
1790282146,449686050,12.555450439453125,-301.02630615234375,20.355545222481222,-292.6311245063598
1790282146,549700290,12.555450439453125,-301.02630615234375,20.355545222481222,-292.6311245063598
1790282146,649292385,12.555450439453125,-301.02630615234375,20.355545222481222,-292.6311245063598
1790282146,749734258,12.555450439453125,-301.02630615234375,20.355545222481222,-292.6311245063598
1790282146,849279784,12.555450439453125,-301.02630615234375,20.355545222481222,-292.6311245063598
1790282146,949733407,12.555450439453125,-301.02630615234375,20.355545222481222,-292.6311245063598
1790282147,49682528,12.555450439453125,-301.02630615234375,20.355545222481222,-292.6311245063598
1790282147,149301493,12.555450439453125,-301.02630615234375,20.355545222481222,-292.6311245063598
1790282147,249737356,12.555450439453125,-301.02630615234375,20.355545222481222,-292.6311245063598
1790282147,349311472,12.555450439453125,-301.02630615234375,20.355545222481222,-292.6311245063598
1790282147,449688947,12.555450439453125,-301.02630615234375,20.355545222481222,-292.6311245063598
1790282147,549593458,12.555450439453125,-301.02630615234375,20.355545222481222,-292.6311245063598
1790282147,649683427,12.555450439453125,-301.02630615234375,20.355545222481222,-292.6311245063598
1790282147,749845504,12.555450439453125,-301.02630615234375,20.355545222481222,-292.6311245063598
1790282147,850235269,12.555450439453125,-301.02630615234375,20.355545222481222,-292.6311245063598
1790282147,949822143,12.555450439453125,-301.02630615234375,20.355545222481222,-292.6311245063598
1790282148,49921951,12.555450439453125,-301.02630615234375,20.355545222481222,-292.6311245063598
1790282148,149279079,12.555450439453125,-301.02630615234375,20.355545222481222,-292.6311245063598
1790282148,249845201,12.555450439453125,-301.02630615234375,20.355545222481222,-292.6311245063598
1790282148,349840391,12.555450439453125,-301.02630615234375,20.355545222481222,-292.6311245063598
1790282148,449304697,12.555450439453125,-301.02630615234375,20.355545222481222,-292.6311245063598
1790282148,549833670,12.555450439453125,-301.02630615234375,20.355545222481222,-292.6311245063598
1790282148,649826139,12.555450439453125,-301.02630615234375,20.355545222481222,-292.6311245063598
1790282148,749596202,12.555450439453125,-301.02630615234375,20.355545222481222,-292.6311245063598
1790282148,849474914,12.555450439453125,-301.02630615234375,20.355545222481222,-292.6311245063598
1790282148,949440873,12.555450439453125,-301.02630615234375,20.355545222481222,-292.6311245063598
1790282149,49679329,12.555450439453125,-301.02630615234375,20.355545222481222,-292.6311245063598
1790282149,149430732,12.555450439453125,-301.02630615234375,20.355545222481222,-292.6311245063598
1790282149,250056003,12.555450439453125,-301.02630615234375,20.355545222481222,-292.6311245063598
1790282149,349878885,12.555450439453125,-301.02630615234375,20.355545222481222,-292.6311245063598
1790282149,450011782,12.555450439453125,-301.02630615234375,20.355545222481222,-292.6311245063598
1790282149,549908843,12.555450439453125,-301.02630615234375,20.355545222481222,-292.6311245063598
1790282149,649961173,12.555450439453125,-301.02630615234375,20.355545222481222,-292.6311245063598
1790282149,749837804,12.555450439453125,-301.02630615234375,20.355545222481222,-292.6311245063598
1790282149,849866223,12.555450439453125,-301.02630615234375,20.355545222481222,-292.6311245063598
1790282149,949513757,12.555450439453125,-301.02630615234375,20.355545222481222,-292.6311245063598
1790282150,49286240,12.555450439453125,-301.02630615234375,20.355545222481222,-292.6311245063598
1790282150,149281460,12.555450439453125,-301.02630615234375,20.355545222481222,-292.6311245063598
1790282150,249677753,12.555450439453125,-301.02630615234375,20.355545222481222,-292.6311245063598
1790282150,349292418,12.555450439453125,-301.02630615234375,20.355545222481222,-292.6311245063598
1790282150,449485386,12.555450439453125,-301.02630615234375,20.355545222481222,-292.6311245063598
1790282150,549306528,12.555450439453125,-301.02630615234375,20.355545222481222,-292.6311245063598
1790282150,649641944,12.555450439453125,-301.02630615234375,20.355545222481222,-292.6311245063598
1790282150,749465105,12.555450439453125,-301.02630615234375,20.355545222481222,-292.6311245063598
1790282150,849330537,12.555450439453125,-301.02630615234375,20.355545222481222,-292.6311245063598
1790282150,949494884,12.555450439453125,-301.02630615234375,20.355545222481222,-292.6311245063598
1790282151,49497024,12.555450439453125,-301.02630615234375,20.355545222481222,-292.6311245063598
1790282151,149302616,12.555450439453125,-301.02630615234375,20.355545222481222,-292.6311245063598
1790282151,249489583,12.555450439453125,-301.02630615234375,20.355545222481222,-292.6311245063598
1790282151,349725549,12.555450439453125,-301.02630615234375,20.355545222481222,-292.6311245063598
1790282151,449800168,12.555450439453125,-301.02630615234375,20.355545222481222,-292.6311245063598
1790282151,549527511,12.555450439453125,-301.02630615234375,20.355545222481222,-292.6311245063598
1790282151,649301853,12.555450439453125,-301.02630615234375,20.355545222481222,-292.6311245063598
1790282151,749492061,12.555450439453125,-301.02630615234375,20.355545222481222,-292.6311245063598
1790282151,849438931,12.555450439453125,-301.02630615234375,20.355545222481222,-292.6311245063598
1790282151,949311982,12.555450439453125,-301.02630615234375,20.355545222481222,-292.6311245063598
1790282152,49266913,12.555450439453125,-301.02630615234375,20.355545222481222,-292.6311245063598
1790282152,149256482,12.555450439453125,-301.02630615234375,20.355545222481222,-292.6311245063598
1790282152,249259232,12.555450439453125,-301.02630615234375,20.355545222481222,-292.6311245063598
1790282152,349320991,12.555450439453125,-301.02630615234375,20.355545222481222,-292.6311245063598
1790282152,449573257,12.555450439453125,-301.02630615234375,20.355545222481222,-292.6311245063598
1790282152,549280090,12.555450439453125,-301.02630615234375,20.355545222481222,-292.6311245063598
1790282152,649564326,12.555450439453125,-301.02630615234375,20.355545222481222,-292.6311245063598
1790282152,749703444,12.555450439453125,-301.02630615234375,20.355545222481222,-292.6311245063598
1790282152,849361198,12.555450439453125,-301.02630615234375,20.355545222481222,-292.6311245063598
1790282152,949685434,12.555450439453125,-301.02630615234375,20.355545222481222,-292.6311245063598
1790282153,49720302,12.555450439453125,-301.02630615234375,20.355545222481222,-292.6311245063598
1790282153,149290858,12.555450439453125,-301.02630615234375,20.355545222481222,-292.6311245063598
1790282153,249306117,12.555450439453125,-301.02630615234375,20.355545222481222,-292.6311245063598
1790282153,349437945,12.555450439453125,-301.02630615234375,20.355545222481222,-292.6311245063598
1790282153,449438715,12.555450439453125,-301.02630615234375,20.355545222481222,-292.6311245063598
1790282153,549430264,12.555450439453125,-301.02630615234375,20.355545222481222,-292.6311245063598
1790282153,649756989,12.555450439453125,-301.02630615234375,20.355545222481222,-292.6311245063598
1790282153,749277615,12.555450439453125,-301.02630615234375,20.355545222481222,-292.6311245063598
1790282153,849565421,12.555450439453125,-301.02630615234375,20.355545222481222,-292.6311245063598
1790282153,949729559,12.555450439453125,-301.02630615234375,20.355545222481222,-292.6311245063598
1790282154,49785318,12.555450439453125,-301.02630615234375,20.355545222481222,-292.6311245063598
1790282154,149295354,12.555450439453125,-301.02630615234375,20.355545222481222,-292.6311245063598
1790282154,249681908,12.555450439453125,-301.02630615234375,20.355545222481222,-292.6311245063598
1790282154,349367682,12.555450439453125,-301.02630615234375,20.355545222481222,-292.6311245063598
1790282154,449881555,12.555450439453125,-301.02630615234375,20.355545222481222,-292.6311245063598
1790282154,549708486,12.555450439453125,-301.02630615234375,20.355545222481222,-292.6311245063598
1790282154,649560768,12.555450439453125,-301.02630615234375,20.355545222481222,-292.6311245063598
1790282154,749886973,12.555450439453125,-301.02630615234375,20.355545222481222,-292.6311245063598
1790282154,849332640,12.555450439453125,-301.02630615234375,20.355545222481222,-292.6311245063598
1790282154,949693905,12.555450439453125,-301.02630615234375,20.355545222481222,-292.6311245063598
1790282155,49895063,12.555450439453125,-301.02630615234375,20.355545222481222,-292.6311245063598
1790282155,149262960,12.555450439453125,-301.02630615234375,20.355545222481222,-292.6311245063598
1790282155,249563386,12.555450439453125,-301.02630615234375,20.355545222481222,-292.6311245063598
1790282155,349297599,12.555450439453125,-301.02630615234375,20.355545222481222,-292.6311245063598
1790282155,449554046,12.555450439453125,-301.02630615234375,20.355545222481222,-292.6311245063598
1790282155,549692963,12.555450439453125,-301.02630615234375,20.355545222481222,-292.6311245063598
1790282155,649708062,12.555450439453125,-301.02630615234375,20.355545222481222,-292.6311245063598
1790282155,749556614,12.555450439453125,-301.02630615234375,20.355545222481222,-292.6311245063598
1790282155,849306297,12.555450439453125,-301.02630615234375,20.355545222481222,-292.6311245063598
1790282155,949926658,12.555450439453125,-301.02630615234375,20.355545222481222,-292.6311245063598
1790282156,49564942,12.555450439453125,-301.02630615234375,20.355545222481222,-292.6311245063598
1790282156,149306456,12.555450439453125,-301.02630615234375,20.355545222481222,-292.6311245063598
1790282156,249691260,12.555450439453125,-301.02630615234375,20.355545222481222,-292.6311245063598
1790282156,349554112,12.555450439453125,-301.02630615234375,20.355545222481222,-292.6311245063598
1790282156,449386663,12.555450439453125,-301.02630615234375,20.355545222481222,-292.6311245063598
1790282156,549564341,12.555450439453125,-301.02630615234375,20.355545222481222,-292.6311245063598
1790282156,649563871,12.555450439453125,-301.02630615234375,20.355545222481222,-292.6311245063598
1790282156,749554271,12.555450439453125,-301.02630615234375,20.355545222481222,-292.6311245063598
1790282156,849559329,12.555450439453125,-301.02630615234375,20.355545222481222,-292.6311245063598
1790282156,949304203,12.555450439453125,-301.02630615234375,20.355545222481222,-292.6311245063598
1790282157,49557578,12.555450439453125,-301.02630615234375,20.355545222481222,-292.6311245063598
1790282157,149264302,12.555450439453125,-301.02630615234375,20.355545222481222,-292.6311245063598
1790282157,249567968,12.555450439453125,-301.02630615234375,20.355545222481222,-292.6311245063598
1790282157,349554787,12.555450439453125,-301.02630615234375,20.355545222481222,-292.6311245063598
1790282157,449304720,12.555450439453125,-301.02630615234375,20.355545222481222,-292.6311245063598
1790282157,549568346,12.555450439453125,-301.02630615234375,20.355545222481222,-292.6311245063598
1790282157,649554625,12.555450439453125,-301.02630615234375,20.355545222481222,-292.6311245063598
1790282157,749556345,12.555450439453125,-301.02630615234375,20.355545222481222,-292.6311245063598
1790282157,849567324,12.555450439453125,-301.02630615234375,20.355545222481222,-292.6311245063598
1790282157,949558554,12.555450439453125,-301.02630615234375,20.355545222481222,-292.6311245063598
1790282158,49561783,12.555450439453125,-301.02630615234375,20.355545222481222,-292.6311245063598
1790282158,149286057,12.555450439453125,-301.02630615234375,20.355545222481222,-292.6311245063598
1790282158,249561742,12.555450439453125,-301.02630615234375,20.355545222481222,-292.6311245063598
1790282158,349556972,12.555450439453125,-301.02630615234375,20.355545222481222,-292.6311245063598
1790282158,449616412,12.555450439453125,-301.02630615234375,20.355545222481222,-292.6311245063598
1790282158,549324345,12.555450439453125,-301.02630615234375,20.355545222481222,-292.6311245063598
1790282158,649553722,12.555450439453125,-301.02630615234375,20.355545222481222,-292.6311245063598
1790282158,749916376,12.555450439453125,-301.02630615234375,20.355545222481222,-292.6311245063598
1790282158,849563781,12.555450439453125,-301.02630615234375,20.355545222481222,-292.6311245063598
1790282158,949563591,12.555450439453125,-301.02630615234375,20.355545222481222,-292.6311245063598
1790282159,49299153,12.555450439453125,-301.02630615234375,20.355545222481222,-292.6311245063598
1790282159,149259524,12.555450439453125,-301.02630615234375,20.355545222481222,-292.6311245063598
1790282159,249561040,12.555450439453125,-301.02630615234375,20.355545222481222,-292.6311245063598
1790282159,349920004,12.555450439453125,-301.02630615234375,20.355545222481222,-292.6311245063598
1790282159,449676067,12.555450439453125,-301.02630615234375,20.355545222481222,-292.6311245063598
1790282159,549567908,12.555450439453125,-301.02630615234375,20.355545222481222,-292.6311245063598
1790282159,649939382,12.555450439453125,-301.02630615234375,20.355545222481222,-292.6311245063598
1790282159,749563307,12.555450439453125,-301.02630615234375,20.355545222481222,-292.6311245063598
1790282159,849565256,12.555450439453125,-301.02630615234375,20.355545222481222,-292.6311245063598
1790282159,949942071,12.555450439453125,-301.02630615234375,20.355545222481222,-292.6311245063598
1790282160,49700513,12.555450439453125,-301.02630615234375,20.355545222481222,-292.6311245063598
1790282160,149297618,12.555450439453125,-301.02630615234375,20.355545222481222,-292.6311245063598
1790282160,249943609,12.555450439453125,-301.02630615234375,20.355545222481222,-292.6311245063598
1790282160,349556324,12.555450439453125,-301.02630615234375,20.355545222481222,-292.6311245063598
1790282160,449564094,12.555450439453125,-301.02630615234375,20.355545222481222,-292.6311245063598
1790282160,549950548,12.555450439453125,-301.02630615234375,20.355545222481222,-292.6311245063598
1790282160,649298217,12.555450439453125,-301.02630615234375,20.355545222481222,-292.6311245063598
1790282160,749564642,12.555450439453125,-301.02630615234375,20.355545222481222,-292.6311245063598
1790282160,849467623,12.555450439453125,-301.02630615234375,20.355545222481222,-292.6311245063598
1790282160,949670871,12.555450439453125,-301.02630615234375,20.355545222481222,-292.6311245063598
1790282161,49728980,12.555450439453125,-301.02630615234375,20.355545222481222,-292.6311245063598
1790282161,149308965,12.555450439453125,-301.02630615234375,20.355545222481222,-292.6311245063598
1790282161,249770908,12.555450439453125,-301.02630615234375,20.355545222481222,-292.6311245063598
1790282161,349455402,12.555450439453125,-301.02630615234375,20.355545222481222,-292.6311245063598
1790282161,449499711,12.555450439453125,-301.02630615234375,20.355545222481222,-292.6311245063598
1790282161,549680378,12.555450439453125,-301.02630615234375,20.355545222481222,-292.6311245063598
1790282161,649725787,12.555450439453125,-301.02630615234375,20.355545222481222,-292.6311245063598
1790282161,749418900,12.555450439453125,-301.02630615234375,20.355545222481222,-292.6311245063598
1790282161,849563208,12.555450439453125,-301.02630615234375,20.355545222481222,-292.6311245063598
1790282161,949725476,12.555450439453125,-301.02630615234375,20.355545222481222,-292.6311245063598
1790282162,49992801,12.555450439453125,-301.02630615234375,20.355545222481222,-292.6311245063598
1790282162,149328820,12.555450439453125,-301.02630615234375,20.355545222481222,-292.6311245063598
1790282162,249294790,12.555450439453125,-301.02630615234375,20.355545222481222,-292.6311245063598
1790282162,349992800,12.555450439453125,-301.02630615234375,20.355545222481222,-292.6311245063598
1790282162,449675844,12.555450439453125,-301.02630615234375,20.355545222481222,-292.6311245063598
1790282162,549601684,12.555450439453125,-301.02630615234375,20.355545222481222,-292.6311245063598
1790282162,650070797,12.555450439453125,-301.02630615234375,20.355545222481222,-292.6311245063598
1790282162,749564223,12.555450439453125,-301.02630615234375,20.355545222481222,-292.6311245063598
1790282162,849571992,12.555450439453125,-301.02630615234375,20.355545222481222,-292.6311245063598
1790282162,949562522,12.555450439453125,-301.02630615234375,20.355545222481222,-292.6311245063598
1790282163,49566141,12.555450439453125,-301.02630615234375,20.355545222481222,-292.6311245063598
1790282163,149263925,12.555450439453125,-301.02630615234375,20.355545222481222,-292.6311245063598
1790282163,249590220,12.555450439453125,-301.02630615234375,20.355545222481222,-292.6311245063598
1790282163,349280274,12.555450439453125,-301.02630615234375,20.355545222481222,-292.6311245063598
1790282163,449711758,12.555450439453125,-301.02630615234375,20.355545222481222,-292.6311245063598
1790282163,549326042,12.555450439453125,-301.02630615234375,20.355545222481222,-292.6311245063598
1790282163,649637547,12.555450439453125,-301.02630615234375,20.355545222481222,-292.6311245063598
1790282163,749680607,12.555450439453125,-301.02630615234375,20.355545222481222,-292.6311245063598
1790282163,849283661,12.555450439453125,-301.02630615234375,20.355545222481222,-292.6311245063598
1790282163,949558278,12.555450439453125,-301.02630615234375,20.355545222481222,-292.6311245063598
1790282164,49686455,12.555450439453125,-301.02630615234375,20.355545222481222,-292.6311245063598
1790282164,149271680,12.555450439453125,-301.02630615234375,20.355545222481222,-292.6311245063598
1790282164,249470587,12.555450439453125,-301.02630615234375,20.355545222481222,-292.6311245063598
1790282164,349331539,12.555450439453125,-301.02630615234375,20.355545222481222,-292.6311245063598
1790282164,449685694,12.555450439453125,-301.02630615234375,20.355545222481222,-292.6311245063598
1790282164,549486515,12.555450439453125,-301.02630615234375,20.355545222481222,-292.6311245063598
1790282164,649685503,12.555450439453125,-301.02630615234375,20.355545222481222,-292.6311245063598
1790282164,749697681,12.555450439453125,-301.02630615234375,20.355545222481222,-292.6311245063598
1790282164,849707881,12.555450439453125,-301.02630615234375,20.355545222481222,-292.6311245063598
1790282164,949320846,12.555450439453125,-301.02630615234375,20.355545222481222,-292.6311245063598
1790282165,49410845,12.555450439453125,-301.02630615234375,20.355545222481222,-292.6311245063598
1790282165,149298566,12.555450439453125,-301.02630615234375,20.355545222481222,-292.6311245063598
1790282165,249692980,12.555450439453125,-301.02630615234375,20.355545222481222,-292.6311245063598
1790282165,349309395,12.555450439453125,-301.02630615234375,20.355545222481222,-292.6311245063598
1790282165,449276775,12.555450439453125,-301.02630615234375,20.355545222481222,-292.6311245063598
1790282165,549717428,12.555450439453125,-301.02630615234375,20.355545222481222,-292.6311245063598
1790282165,649708738,12.555450439453125,-301.02630615234375,20.355545222481222,-292.6311245063598
1790282165,749681188,12.555450439453125,-301.02630615234375,20.355545222481222,-292.6311245063598
1790282165,849553488,12.555450439453125,-301.02630615234375,20.355545222481222,-292.6311245063598
1790282165,949311492,12.555450439453125,-301.02630615234375,20.355545222481222,-292.6311245063598
1790282166,49788954,12.555450439453125,-301.02630615234375,20.355545222481222,-292.6311245063598
1790282166,149286460,12.555450439453125,-301.02630615234375,20.355545222481222,-292.6311245063598
1790282166,249330678,12.555450439453125,-301.02630615234375,20.355545222481222,-292.6311245063598
1790282166,349749632,12.555450439453125,-301.02630615234375,20.355545222481222,-292.6311245063598
1790282166,449799230,12.555450439453125,-301.02630615234375,20.355545222481222,-292.6311245063598
1790282166,549641632,12.555450439453125,-301.02630615234375,20.355545222481222,-292.6311245063598
1790282166,649498563,12.555450439453125,-301.02630615234375,20.355545222481222,-292.6311245063598
1790282166,749308145,12.555450439453125,-301.02630615234375,20.355545222481222,-292.6311245063598
1790282166,849327984,12.555450439453125,-301.02630615234375,20.355545222481222,-292.6311245063598
1790282166,949558791,12.555450439453125,-301.02630615234375,20.355545222481222,-292.6311245063598
1790282167,49312564,12.555450439453125,-301.02630615234375,20.355545222481222,-292.6311245063598
1790282167,149266823,12.555450439453125,-301.02630615234375,20.355545222481222,-292.6311245063598
1790282167,249584568,12.555450439453125,-301.02630615234375,20.355545222481222,-292.6311245063598
1790282167,349556178,12.555450439453125,-301.02630615234375,20.355545222481222,-292.6311245063598
1790282167,449427809,12.555450439453125,-301.02630615234375,20.355545222481222,-292.6311245063598
1790282167,549297000,12.555450439453125,-301.02630615234375,20.355545222481222,-292.6311245063598
1790282167,649649595,12.555450439453125,-301.02630615234375,20.355545222481222,-292.6311245063598
1790282167,750099869,12.555450439453125,-301.02630615234375,20.355545222481222,-292.6311245063598
1790282167,849558926,12.555450439453125,-301.02630615234375,20.355545222481222,-292.6311245063598
1790282167,949311259,12.555450439453125,-301.02630615234375,20.355545222481222,-292.6311245063598
1790282168,50107897,12.555450439453125,-301.02630615234375,20.355545222481222,-292.6311245063598
1790282168,149284018,12.555450439453125,-301.02630615234375,20.355545222481222,-292.6311245063598
1790282168,249570444,12.555450439453125,-301.02630615234375,20.355545222481222,-292.6311245063598
1790282168,350106106,12.555450439453125,-301.02630615234375,20.355545222481222,-292.6311245063598
1790282168,449558113,12.555450439453125,-301.02630615234375,20.355545222481222,-292.6311245063598
1790282168,549560322,12.555450439453125,-301.02630615234375,20.355545222481222,-292.6311245063598
1790282168,649612261,12.555450439453125,-301.02630615234375,20.355545222481222,-292.6311245063598
1790282168,749559131,12.555450439453125,-301.02630615234375,20.355545222481222,-292.6311245063598
1790282168,849385833,12.555450439453125,-301.02630615234375,20.355545222481222,-292.6311245063598
1790282168,949804677,12.555450439453125,-301.02630615234375,20.355545222481222,-292.6311245063598
1790282169,49683989,12.555450439453125,-301.02630615234375,20.355545222481222,-292.6311245063598
1790282169,149279633,12.555450439453125,-301.02630615234375,20.355545222481222,-292.6311245063598
1790282169,250139280,12.555450439453125,-301.02630615234375,20.355545222481222,-292.6311245063598
1790282169,349681326,12.555450439453125,-301.02630615234375,20.355545222481222,-292.6311245063598
1790282169,449274351,12.555450439453125,-301.02630615234375,20.355545222481222,-292.6311245063598
1790282169,549302900,12.555450439453125,-301.02630615234375,20.355545222481222,-292.6311245063598
1790282169,649313040,12.555450439453125,-301.02630615234375,20.355545222481222,-292.6311245063598
1790282169,749340969,12.555450439453125,-301.02630615234375,20.355545222481222,-292.6311245063598
1790282169,849303348,12.555450439453125,-301.02630615234375,20.355545222481222,-292.6311245063598
1790282169,949729982,12.555450439453125,-301.02630615234375,20.355545222481222,-292.6311245063598
1790282170,49531265,12.555450439453125,-301.02630615234375,20.355545222481222,-292.6311245063598
1790282170,149314377,12.555450439453125,-301.02630615234375,20.355545222481222,-292.6311245063598
1790282170,249276757,12.555450439453125,-301.02630615234375,20.355545222481222,-292.6311245063598
1790282170,349682111,12.555450439453125,-301.02630615234375,20.355545222481222,-292.6311245063598
1790282170,449688591,12.555450439453125,-301.02630615234375,20.355545222481222,-292.6311245063598
1790282170,549558192,12.555450439453125,-301.02630615234375,20.355545222481222,-292.6311245063598
1790282170,649286155,12.555450439453125,-301.02630615234375,20.355545222481222,-292.6311245063598
1790282170,749281395,12.555450439453125,-301.02630615234375,20.355545222481222,-292.6311245063598
1790282170,849665319,12.555450439453125,-301.02630615234375,20.355545222481222,-292.6311245063598
1790282170,949569720,12.555450439453125,-301.02630615234375,20.355545222481222,-292.6311245063598
1790282171,49575330,12.555450439453125,-301.02630615234375,20.355545222481222,-292.6311245063598
1790282171,149303673,12.555450439453125,-301.02630615234375,20.355545222481222,-292.6311245063598
1790282171,249697126,12.555450439453125,-301.02630615234375,20.355545222481222,-292.6311245063598
1790282171,350164409,12.555450439453125,-301.02630615234375,20.355545222481222,-292.6311245063598
1790282171,449567547,12.555450439453125,-301.02630615234375,20.355545222481222,-292.6311245063598
1790282171,549701895,12.555450439453125,-301.02630615234375,20.355545222481222,-292.6311245063598
1790282171,649558256,12.555450439453125,-301.02630615234375,20.355545222481222,-292.6311245063598
1790282171,749321719,12.555450439453125,-301.02630615234375,20.355545222481222,-292.6311245063598
1790282171,849390647,12.555450439453125,-301.02630615234375,20.355545222481222,-292.6311245063598
1790282171,949847591,12.555450439453125,-301.02630615234375,20.355545222481222,-292.6311245063598
1790282172,49681963,12.555450439453125,-301.02630615234375,20.355545222481222,-292.6311245063598
1790282172,149285437,12.555450439453125,-301.02630615234375,20.355545222481222,-292.6311245063598
1790282172,249858959,12.555450439453125,-301.02630615234375,20.355545222481222,-292.6311245063598
1790282172,349386215,12.555450439453125,-301.02630615234375,20.355545222481222,-292.6311245063598
1790282172,449568582,12.555450439453125,-301.02630615234375,20.355545222481222,-292.6311245063598
1790282172,549855099,12.555450439453125,-301.02630615234375,20.355545222481222,-292.6311245063598
1790282172,649565911,12.555450439453125,-301.02630615234375,20.355545222481222,-292.6311245063598
1790282172,749677779,12.555450439453125,-301.02630615234375,20.355545222481222,-292.6311245063598
1790282172,849308773,12.555450439453125,-301.02630615234375,20.355545222481222,-292.6311245063598
1790282172,949580629,12.555450439453125,-301.02630615234375,20.355545222481222,-292.6311245063598
1790282173,49682978,12.555450439453125,-301.02630615234375,20.355545222481222,-292.6311245063598
1790282173,149281592,12.555450439453125,-301.02630615234375,20.355545222481222,-292.6311245063598
1790282173,249683287,12.555450439453125,-301.02630615234375,20.355545222481222,-292.6311245063598
1790282173,349304951,12.555450439453125,-301.02630615234375,20.355545222481222,-292.6311245063598
1790282173,450202778,12.555450439453125,-301.02630615234375,20.355545222481222,-292.6311245063598
1790282173,549487587,12.555450439453125,-301.02630615234375,20.355545222481222,-292.6311245063598
1790282173,649562546,12.555450439453125,-301.02630615234375,20.355545222481222,-292.6311245063598
1790282173,749857521,12.555450439453125,-301.02630615234375,20.355545222481222,-292.6311245063598
1790282173,849815181,12.555450439453125,-301.02630615234375,20.355545222481222,-292.6311245063598
1790282173,949612863,12.555450439453125,-301.02630615234375,20.355545222481222,-292.6311245063598
1790282174,49887619,12.555450439453125,-301.02630615234375,20.355545222481222,-292.6311245063598
1790282174,149306687,12.555450439453125,-301.02630615234375,20.355545222481222,-292.6311245063598
1790282174,249683531,12.555450439453125,-301.02630615234375,20.355545222481222,-292.6311245063598
1790282174,349891098,12.555450439453125,-301.02630615234375,20.355545222481222,-292.6311245063598
1790282174,449318245,12.555450439453125,-301.02630615234375,20.355545222481222,-292.6311245063598
1790282174,549614650,12.555450439453125,-301.02630615234375,20.355545222481222,-292.6311245063598
1790282174,649911986,12.555450439453125,-301.02630615234375,20.355545222481222,-292.6311245063598
1790282174,749685738,12.555450439453125,-301.02630615234375,20.355545222481222,-292.6311245063598
1790282174,849578140,12.555450439453125,-301.02630615234375,20.355545222481222,-292.6311245063598
1790282174,949483500,12.555450439453125,-301.02630615234375,20.355545222481222,-292.6311245063598
1790282175,49680187,12.555450439453125,-301.02630615234375,20.355545222481222,-292.6311245063598
1790282175,149328381,12.555450439453125,-301.02630615234375,20.355545222481222,-292.6311245063598
1790282175,249908273,12.555450439453125,-301.02630615234375,20.355545222481222,-292.6311245063598
1790282175,349693825,12.555450439453125,-301.02630615234375,20.355545222481222,-292.6311245063598
1790282175,449687325,12.555450439453125,-301.02630615234375,20.355545222481222,-292.6311245063598
1790282175,549302420,12.555450439453125,-301.02630615234375,20.355545222481222,-292.6311245063598
1790282175,649681804,12.555450439453125,-301.02630615234375,20.355545222481222,-292.6311245063598
1790282175,749688814,12.555450439453125,-301.02630615234375,20.355545222481222,-292.6311245063598
1790282175,849564755,12.555450439453125,-301.02630615234375,20.355545222481222,-292.6311245063598
1790282175,949563074,12.555450439453125,-301.02630615234375,20.355545222481222,-292.6311245063598
1790282176,49304017,12.555450439453125,-301.02630615234375,20.355545222481222,-292.6311245063598
1790282176,149285287,12.555450439453125,-301.02630615234375,20.355545222481222,-292.6311245063598
1790282176,249685111,12.555450439453125,-301.02630615234375,20.355545222481222,-292.6311245063598
1790282176,349687642,12.555450439453125,-301.02630615234375,20.355545222481222,-292.6311245063598
1790282176,449556812,12.555450439453125,-301.02630615234375,20.355545222481222,-292.6311245063598
1790282176,549678289,12.555450439453125,-301.02630615234375,20.355545222481222,-292.6311245063598
1790282176,649325514,12.555450439453125,-301.02630615234375,20.355545222481222,-292.6311245063598
1790282176,749306264,12.555450439453125,-301.02630615234375,20.355545222481222,-292.6311245063598
1790282176,849267454,12.555450439453125,-301.02630615234375,20.355545222481222,-292.6311245063598
1790282176,949614178,12.555450439453125,-301.02630615234375,20.355545222481222,-292.6311245063598
1790282177,49607788,12.555450439453125,-301.02630615234375,20.355545222481222,-292.6311245063598
1790282177,149282952,12.555450439453125,-301.02630615234375,20.355545222481222,-292.6311245063598
1790282177,249578787,12.555450439453125,-301.02630615234375,20.355545222481222,-292.6311245063598
1790282177,349677295,12.555450439453125,-301.02630615234375,20.355545222481222,-292.6311245063598
1790282177,449579326,12.555450439453125,-301.02630615234375,20.355545222481222,-292.6311245063598
1790282177,549916202,12.555450439453125,-301.02630615234375,20.355545222481222,-292.6311245063598
1790282177,649276989,12.555450439453125,-301.02630615234375,20.355545222481222,-292.6311245063598
1790282177,749559995,12.555450439453125,-301.02630615234375,20.355545222481222,-292.6311245063598
1790282177,849557064,12.555450439453125,-301.02630615234375,20.355545222481222,-292.6311245063598
1790282177,949676192,12.555450439453125,-301.02630615234375,20.355545222481222,-292.6311245063598
1790282178,49897108,12.555450439453125,-301.02630615234375,20.355545222481222,-292.6311245063598
1790282178,149308536,12.555450439453125,-301.02630615234375,20.355545222481222,-292.6311245063598
1790282178,249556083,12.555450439453125,-301.02630615234375,20.355545222481222,-292.6311245063598
1790282178,349681680,12.555450439453125,-301.02630615234375,20.355545222481222,-292.6311245063598
1790282178,449681130,12.555450439453125,-301.02630615234375,20.355545222481222,-292.6311245063598
1790282178,549684838,12.555450439453125,-301.02630615234375,20.355545222481222,-292.6311245063598
1790282178,649750297,12.555450439453125,-301.02630615234375,20.355545222481222,-292.6311245063598
1790282178,749359262,12.555450439453125,-301.02630615234375,20.355545222481222,-292.6311245063598
1790282178,849572379,12.555450439453125,-301.02630615234375,20.355545222481222,-292.6311245063598
1790282178,949682977,12.555450439453125,-301.02630615234375,20.355545222481222,-292.6311245063598
1790282179,49310692,12.555450439453125,-301.02630615234375,20.355545222481222,-292.6311245063598
1790282179,149301341,12.555450439453125,-301.02630615234375,20.355545222481222,-292.6311245063598
1790282179,249298601,12.555450439453125,-301.02630615234375,20.355545222481222,-292.6311245063598
1790282179,349301660,12.555450439453125,-301.02630615234375,20.355545222481222,-292.6311245063598
1790282179,449298740,12.555450439453125,-301.02630615234375,20.355545222481222,-292.6311245063598
1790282179,549298839,12.555450439453125,-301.02630615234375,20.355545222481222,-292.6311245063598
1790282179,649566295,12.555450439453125,-301.02630615234375,20.355545222481222,-292.6311245063598
1790282179,749581135,12.555450439453125,-301.02630615234375,20.355545222481222,-292.6311245063598
1790282179,849415106,12.555450439453125,-301.02630615234375,20.355545222481222,-292.6311245063598
1790282179,949309767,12.555450439453125,-301.02630615234375,20.355545222481222,-292.6311245063598
1790282180,49302367,12.555450439453125,-301.02630615234375,20.355545222481222,-292.6311245063598
1790282180,149283287,12.555450439453125,-301.02630615234375,20.355545222481222,-292.6311245063598
1790282180,249565982,12.555450439453125,-301.02630615234375,20.355545222481222,-292.6311245063598
1790282180,349276596,12.555450439453125,-301.02630615234375,20.355545222481222,-292.6311245063598
1790282180,449586101,12.555450439453125,-301.02630615234375,20.355545222481222,-292.6311245063598
1790282180,549576111,12.555450439453125,-301.02630615234375,20.355545222481222,-292.6311245063598
1790282180,649596040,12.555450439453125,-301.02630615234375,20.355545222481222,-292.6311245063598
1790282180,749971684,12.555450439453125,-301.02630615234375,20.355545222481222,-292.6311245063598
1790282180,849269723,12.555450439453125,-301.02630615234375,20.355545222481222,-292.6311245063598
1790282180,949727817,12.555450439453125,-301.02630615234375,20.355545222481222,-292.6311245063598
1790282181,49279962,12.555450439453125,-301.02630615234375,20.355545222481222,-292.6311245063598
1790282181,149280342,12.555450439453125,-301.02630615234375,20.355545222481222,-292.6311245063598
1790282181,249302461,12.555450439453125,-301.02630615234375,20.355545222481222,-292.6311245063598
1790282181,349290831,12.555450439453125,-301.02630615234375,20.355545222481222,-292.6311245063598
1790282181,449299440,12.555450439453125,-301.02630615234375,20.355545222481222,-292.6311245063598
1790282181,549386608,12.555450439453125,-301.02630615234375,20.355545222481222,-292.6311245063598
1790282181,649278899,12.555450439453125,-301.02630615234375,20.355545222481222,-292.6311245063598
1790282181,749742212,12.555450439453125,-301.02630615234375,20.355545222481222,-292.6311245063598
1790282181,849318738,12.555450439453125,-301.02630615234375,20.355545222481222,-292.6311245063598
1790282181,949308057,12.555450439453125,-301.02630615234375,20.355545222481222,-292.6311245063598
1790282182,49511124,12.555450439453125,-301.02630615234375,20.355545222481222,-292.6311245063598
1790282182,149305066,12.555450439453125,-301.02630615234375,20.355545222481222,-292.6311245063598
1790282182,249311366,12.555450439453125,-301.02630615234375,20.355545222481222,-292.6311245063598
1790282182,349560652,12.555450439453125,-301.02630615234375,20.355545222481222,-292.6311245063598
1790282182,449299575,12.555450439453125,-301.02630615234375,20.355545222481222,-292.6311245063598
1790282182,549567791,12.555450439453125,-301.02630615234375,20.355545222481222,-292.6311245063598
1790282182,649565241,12.555450439453125,-301.02630615234375,20.355545222481222,-292.6311245063598
1790282182,749573662,12.555450439453125,-301.02630615234375,20.355545222481222,-292.6311245063598
1790282182,849565410,12.555450439453125,-301.02630615234375,20.355545222481222,-292.6311245063598
1790282182,949282113,12.555450439453125,-301.02630615234375,20.355545222481222,-292.6311245063598
1790282183,49563569,12.555450439453125,-301.02630615234375,20.355545222481222,-292.6311245063598
1790282183,149298854,12.555450439453125,-301.02630615234375,20.355545222481222,-292.6311245063598
1790282183,249566548,12.555450439453125,-301.02630615234375,20.355545222481222,-292.6311245063598
1790282183,349306671,12.555450439453125,-301.02630615234375,20.355545222481222,-292.6311245063598
1790282183,449571867,12.555450439453125,-301.02630615234375,20.355545222481222,-292.6311245063598
1790282183,549358410,12.555450439453125,-301.02630615234375,20.355545222481222,-292.6311245063598
1790282183,649556636,12.555450439453125,-301.02630615234375,20.355545222481222,-292.6311245063598
1790282183,749555716,12.555450439453125,-301.02630615234375,20.355545222481222,-292.6311245063598
1790282183,849567925,12.555450439453125,-301.02630615234375,20.355545222481222,-292.6311245063598
1790282183,949556145,12.555450439453125,-301.02630615234375,20.355545222481222,-292.6311245063598
1790282184,49300618,12.555450439453125,-301.02630615234375,20.355545222481222,-292.6311245063598
1790282184,149287348,12.555450439453125,-301.02630615234375,20.355545222481222,-292.6311245063598
1790282184,249560973,12.555450439453125,-301.02630615234375,20.355545222481222,-292.6311245063598
1790282184,349583142,12.555450439453125,-301.02630615234375,20.355545222481222,-292.6311245063598
1790282184,449325115,12.555450439453125,-301.02630615234375,20.355545222481222,-292.6311245063598
